Command line invocation:
    "/Volumes/External SSD/Xcode.app/Contents/Developer/usr/bin/xcodebuild" -project .derived/compute-checks/ComputeChecks.xcodeproj -scheme SyncRenderChecks -destination platform=macOS -derivedDataPath .derived/compute-final-macos SYMROOT=/private/tmp/nara-compute-final-products.fxyjBA COMPUTE_TEST_SCRATCH=/private/tmp/nara-compute-scratch.fOxEWR CODE_SIGNING_ALLOWED=YES CODE_SIGN_IDENTITY=- CODE_SIGN_ENTITLEMENTS= DEVELOPMENT_TEAM= ENABLE_DEBUG_DYLIB=NO DEBUG_INFORMATION_FORMAT=dwarf-with-dsym -collect-test-diagnostics never test

Build settings from command line:
    CODE_SIGN_ENTITLEMENTS = 
    CODE_SIGN_IDENTITY = -
    CODE_SIGNING_ALLOWED = YES
    COMPUTE_TEST_SCRATCH = /private/tmp/nara-compute-scratch.fOxEWR
    DEBUG_INFORMATION_FORMAT = dwarf-with-dsym
    DEVELOPMENT_TEAM = 
    ENABLE_DEBUG_DYLIB = NO
    SYMROOT = /private/tmp/nara-compute-final-products.fxyjBA

Resolve Package Graph


Resolved source packages:
  GRDB: https://github.com/groue/GRDB.swift.git @ 6.29.3
  WhoopProtocol: /Volumes/Untitled/WHOOP NARA-vps-only-compute/Packages/WhoopProtocol
  StrandImport: /Volumes/Untitled/WHOOP NARA-vps-only-compute/Packages/StrandImport
  NetworkImage: https://github.com/gonzalezreal/NetworkImage @ 6.0.1
  PolarProtocol: /Volumes/Untitled/WHOOP NARA-vps-only-compute/Packages/PolarProtocol
  WhoopStore: /Volumes/Untitled/WHOOP NARA-vps-only-compute/Packages/WhoopStore
  ZIPFoundation: https://github.com/weichsel/ZIPFoundation.git @ 0.9.20
  NoopPush: /Volumes/Untitled/WHOOP NARA-vps-only-compute/Packages/NoopPush
  cmark-gfm: https://github.com/swiftlang/swift-cmark @ 0.8.0
  StrandDesign: /Volumes/Untitled/WHOOP NARA-vps-only-compute/Packages/StrandDesign
  StrandAnalytics: /Volumes/Untitled/WHOOP NARA-vps-only-compute/Packages/StrandAnalytics
  swift-markdown-ui: https://github.com/gonzalezreal/swift-markdown-ui @ 2.4.1
  OuraProtocol: /Volumes/Untitled/WHOOP NARA-vps-only-compute/Packages/OuraProtocol

--- xcodebuild: WARNING: Using the first of multiple matching destinations:
{ platform:macOS, arch:arm64, id:00006041-000430320A81401C, name:My Mac }
{ platform:macOS, arch:x86_64, id:00006041-000430320A81401C, name:My Mac }
note: Using codesigning identity override: -
ComputePackagePrebuildTargetDependencyGraph

Prepare packages

CreateBuildRequest

SendProjectDescription

CreateBuildOperation

ComputeTargetDependencyGraph
note: Building targets in dependency order
note: Target dependency graph (36 targets)
    Target 'StrandTests' in project 'ComputeChecks'
        ➜ Explicit dependency on target 'Strand' in project 'ComputeChecks'
        ➜ Explicit dependency on target 'WhoopProtocol' in project 'WhoopProtocol'
        ➜ Explicit dependency on target 'WhoopStore' in project 'WhoopStore'
        ➜ Explicit dependency on target 'GRDB' in project 'GRDB'
        ➜ Explicit dependency on target 'OuraProtocol' in project 'OuraProtocol'
        ➜ Explicit dependency on target 'ZIPFoundation' in project 'ZIPFoundation'
    Target 'Strand' in project 'ComputeChecks'
        ➜ Explicit dependency on target 'WhoopProtocol' in project 'WhoopProtocol'
        ➜ Explicit dependency on target 'WhoopStore' in project 'WhoopStore'
        ➜ Explicit dependency on target 'StrandAnalytics' in project 'StrandAnalytics'
        ➜ Explicit dependency on target 'StrandImport' in project 'StrandImport'
        ➜ Explicit dependency on target 'StrandDesign' in project 'StrandDesign'
        ➜ Explicit dependency on target 'MarkdownUI' in project 'swift-markdown-ui'
        ➜ Explicit dependency on target 'ZIPFoundation' in project 'ZIPFoundation'
        ➜ Explicit dependency on target 'OuraProtocol' in project 'OuraProtocol'
        ➜ Explicit dependency on target 'PolarProtocol' in project 'PolarProtocol'
        ➜ Explicit dependency on target 'NoopPush' in project 'NoopPush'
    Target 'NoopPush' in project 'NoopPush'
        ➜ Explicit dependency on target 'NoopPush' in project 'NoopPush'
        ➜ Explicit dependency on target 'CNoopZstd' in project 'NoopPush'
    Target 'NoopPush' in project 'NoopPush'
        ➜ Explicit dependency on target 'CNoopZstd' in project 'NoopPush'
    Target 'CNoopZstd' in project 'NoopPush' (no dependencies)
    Target 'PolarProtocol' in project 'PolarProtocol'
        ➜ Explicit dependency on target 'PolarProtocol' in project 'PolarProtocol'
    Target 'PolarProtocol' in project 'PolarProtocol' (no dependencies)
    Target 'MarkdownUI' in project 'swift-markdown-ui'
        ➜ Explicit dependency on target 'MarkdownUI' in project 'swift-markdown-ui'
        ➜ Explicit dependency on target 'cmark-gfm' in project 'cmark-gfm'
        ➜ Explicit dependency on target 'cmark-gfm-extensions' in project 'cmark-gfm'
        ➜ Explicit dependency on target 'NetworkImage' in project 'NetworkImage'
    Target 'MarkdownUI' in project 'swift-markdown-ui'
        ➜ Explicit dependency on target 'cmark-gfm' in project 'cmark-gfm'
        ➜ Explicit dependency on target 'cmark-gfm-extensions' in project 'cmark-gfm'
        ➜ Explicit dependency on target 'NetworkImage' in project 'NetworkImage'
    Target 'NetworkImage' in project 'NetworkImage'
        ➜ Explicit dependency on target 'NetworkImage' in project 'NetworkImage'
    Target 'NetworkImage' in project 'NetworkImage' (no dependencies)
    Target 'cmark-gfm-extensions' in project 'cmark-gfm'
        ➜ Explicit dependency on target 'cmark-gfm-extensions' in project 'cmark-gfm'
        ➜ Explicit dependency on target 'cmark-gfm' in project 'cmark-gfm'
    Target 'cmark-gfm-extensions' in project 'cmark-gfm'
        ➜ Explicit dependency on target 'cmark-gfm' in project 'cmark-gfm'
    Target 'cmark-gfm' in project 'cmark-gfm'
        ➜ Explicit dependency on target 'cmark-gfm' in project 'cmark-gfm'
    Target 'cmark-gfm' in project 'cmark-gfm' (no dependencies)
    Target 'StrandDesign' in project 'StrandDesign'
        ➜ Explicit dependency on target 'StrandDesign' in project 'StrandDesign'
        ➜ Explicit dependency on target 'StrandDesign_StrandDesign' in project 'StrandDesign'
    Target 'StrandDesign' in project 'StrandDesign'
        ➜ Explicit dependency on target 'StrandDesign_StrandDesign' in project 'StrandDesign'
    Target 'StrandDesign_StrandDesign' in project 'StrandDesign' (no dependencies)
    Target 'StrandImport' in project 'StrandImport'
        ➜ Explicit dependency on target 'StrandImport' in project 'StrandImport'
        ➜ Explicit dependency on target 'WhoopProtocol' in project 'WhoopProtocol'
        ➜ Explicit dependency on target 'WhoopStore' in project 'WhoopStore'
        ➜ Explicit dependency on target 'ZIPFoundation' in project 'ZIPFoundation'
        ➜ Explicit dependency on target 'GRDB' in project 'GRDB'
    Target 'StrandImport' in project 'StrandImport'
        ➜ Explicit dependency on target 'WhoopProtocol' in project 'WhoopProtocol'
        ➜ Explicit dependency on target 'WhoopStore' in project 'WhoopStore'
        ➜ Explicit dependency on target 'ZIPFoundation' in project 'ZIPFoundation'
        ➜ Explicit dependency on target 'GRDB' in project 'GRDB'
    Target 'ZIPFoundation' in project 'ZIPFoundation'
        ➜ Explicit dependency on target 'ZIPFoundation' in project 'ZIPFoundation'
        ➜ Explicit dependency on target 'ZIPFoundation_ZIPFoundation' in project 'ZIPFoundation'
    Target 'ZIPFoundation' in project 'ZIPFoundation'
        ➜ Explicit dependency on target 'ZIPFoundation_ZIPFoundation' in project 'ZIPFoundation'
    Target 'ZIPFoundation_ZIPFoundation' in project 'ZIPFoundation' (no dependencies)
    Target 'StrandAnalytics' in project 'StrandAnalytics'
        ➜ Explicit dependency on target 'StrandAnalytics' in project 'StrandAnalytics'
        ➜ Explicit dependency on target 'WhoopProtocol' in project 'WhoopProtocol'
        ➜ Explicit dependency on target 'WhoopStore' in project 'WhoopStore'
    Target 'StrandAnalytics' in project 'StrandAnalytics'
        ➜ Explicit dependency on target 'WhoopProtocol' in project 'WhoopProtocol'
        ➜ Explicit dependency on target 'WhoopStore' in project 'WhoopStore'
    Target 'WhoopStore' in project 'WhoopStore'
        ➜ Explicit dependency on target 'WhoopStore' in project 'WhoopStore'
        ➜ Explicit dependency on target 'WhoopProtocol' in project 'WhoopProtocol'
        ➜ Explicit dependency on target 'OuraProtocol' in project 'OuraProtocol'
        ➜ Explicit dependency on target 'GRDB' in project 'GRDB'
    Target 'WhoopStore' in project 'WhoopStore'
        ➜ Explicit dependency on target 'WhoopProtocol' in project 'WhoopProtocol'
        ➜ Explicit dependency on target 'OuraProtocol' in project 'OuraProtocol'
        ➜ Explicit dependency on target 'GRDB' in project 'GRDB'
    Target 'GRDB' in project 'GRDB'
        ➜ Explicit dependency on target 'GRDB' in project 'GRDB'
        ➜ Explicit dependency on target 'GRDB_GRDB' in project 'GRDB'
    Target 'GRDB' in project 'GRDB'
        ➜ Explicit dependency on target 'GRDB_GRDB' in project 'GRDB'
        ➜ Explicit dependency on target 'CSQLite' in project 'GRDB'
    Target 'CSQLite' in project 'GRDB' (no dependencies)
    Target 'GRDB_GRDB' in project 'GRDB' (no dependencies)
    Target 'OuraProtocol' in project 'OuraProtocol'
        ➜ Explicit dependency on target 'OuraProtocol' in project 'OuraProtocol'
    Target 'OuraProtocol' in project 'OuraProtocol' (no dependencies)
    Target 'WhoopProtocol' in project 'WhoopProtocol'
        ➜ Explicit dependency on target 'WhoopProtocol' in project 'WhoopProtocol'
        ➜ Explicit dependency on target 'WhoopProtocol_WhoopProtocol' in project 'WhoopProtocol'
    Target 'WhoopProtocol' in project 'WhoopProtocol'
        ➜ Explicit dependency on target 'WhoopProtocol_WhoopProtocol' in project 'WhoopProtocol'
    Target 'WhoopProtocol_WhoopProtocol' in project 'WhoopProtocol' (no dependencies)

GatherProvisioningInputs

CreateBuildDescription

ClangStatCache /Volumes/External\ SSD/Xcode.app/Contents/Developer/Toolchains/XcodeDefault.xctoolchain/usr/bin/clang-stat-cache /Volumes/External\ SSD/Xcode.app/Contents/Developer/Platforms/MacOSX.platform/Developer/SDKs/MacOSX26.2.sdk /Volumes/Untitled/WHOOP\ NARA-vps-only-compute/.derived/compute-final-macos/SDKStatCaches.noindex/macosx26.2-25C58-d5e1beac502ab4b3ce476007f4a3006b.sdkstatcache
    cd /Volumes/Untitled/WHOOP\ NARA-vps-only-compute/.derived/compute-checks/ComputeChecks.xcodeproj
    /Volumes/External\ SSD/Xcode.app/Contents/Developer/Toolchains/XcodeDefault.xctoolchain/usr/bin/clang-stat-cache /Volumes/External\ SSD/Xcode.app/Contents/Developer/Platforms/MacOSX.platform/Developer/SDKs/MacOSX26.2.sdk -o /Volumes/Untitled/WHOOP\ NARA-vps-only-compute/.derived/compute-final-macos/SDKStatCaches.noindex/macosx26.2-25C58-d5e1beac502ab4b3ce476007f4a3006b.sdkstatcache

ProcessInfoPlistFile /private/tmp/nara-compute-final-products.fxyjBA/Debug/WhoopProtocol_WhoopProtocol.bundle/Contents/Info.plist /Volumes/Untitled/WHOOP\ NARA-vps-only-compute/.derived/compute-final-macos/Build/Intermediates.noindex/WhoopProtocol.build/Debug/WhoopProtocol_WhoopProtocol.build/empty-WhoopProtocol_WhoopProtocol.plist (in target 'WhoopProtocol_WhoopProtocol' from project 'WhoopProtocol')
    cd /Volumes/Untitled/WHOOP\ NARA-vps-only-compute/Packages/WhoopProtocol
    builtin-infoPlistUtility /Volumes/Untitled/WHOOP\ NARA-vps-only-compute/.derived/compute-final-macos/Build/Intermediates.noindex/WhoopProtocol.build/Debug/WhoopProtocol_WhoopProtocol.build/empty-WhoopProtocol_WhoopProtocol.plist -producttype com.apple.product-type.bundle -expandbuildsettings -platform macosx -o /private/tmp/nara-compute-final-products.fxyjBA/Debug/WhoopProtocol_WhoopProtocol.bundle/Contents/Info.plist

ProcessInfoPlistFile /private/tmp/nara-compute-final-products.fxyjBA/Debug/ZIPFoundation_ZIPFoundation.bundle/Contents/Info.plist /Volumes/Untitled/WHOOP\ NARA-vps-only-compute/.derived/compute-final-macos/Build/Intermediates.noindex/ZIPFoundation.build/Debug/ZIPFoundation_ZIPFoundation.build/empty-ZIPFoundation_ZIPFoundation.plist (in target 'ZIPFoundation_ZIPFoundation' from project 'ZIPFoundation')
    cd /Volumes/Untitled/WHOOP\ NARA-vps-only-compute/.derived/compute-final-macos/SourcePackages/checkouts/ZIPFoundation
    builtin-infoPlistUtility /Volumes/Untitled/WHOOP\ NARA-vps-only-compute/.derived/compute-final-macos/Build/Intermediates.noindex/ZIPFoundation.build/Debug/ZIPFoundation_ZIPFoundation.build/empty-ZIPFoundation_ZIPFoundation.plist -producttype com.apple.product-type.bundle -expandbuildsettings -platform macosx -o /private/tmp/nara-compute-final-products.fxyjBA/Debug/ZIPFoundation_ZIPFoundation.bundle/Contents/Info.plist

ProcessInfoPlistFile /private/tmp/nara-compute-final-products.fxyjBA/Debug/GRDB_GRDB.bundle/Contents/Info.plist /Volumes/Untitled/WHOOP\ NARA-vps-only-compute/.derived/compute-final-macos/Build/Intermediates.noindex/GRDB.build/Debug/GRDB_GRDB.build/empty-GRDB_GRDB.plist (in target 'GRDB_GRDB' from project 'GRDB')
    cd /Volumes/Untitled/WHOOP\ NARA-vps-only-compute/.derived/compute-final-macos/SourcePackages/checkouts/GRDB.swift
    builtin-infoPlistUtility /Volumes/Untitled/WHOOP\ NARA-vps-only-compute/.derived/compute-final-macos/Build/Intermediates.noindex/GRDB.build/Debug/GRDB_GRDB.build/empty-GRDB_GRDB.plist -producttype com.apple.product-type.bundle -expandbuildsettings -platform macosx -o /private/tmp/nara-compute-final-products.fxyjBA/Debug/GRDB_GRDB.bundle/Contents/Info.plist

WriteAuxiliaryFile /Volumes/Untitled/WHOOP\ NARA-vps-only-compute/.derived/compute-final-macos/Build/Intermediates.noindex/ComputeChecks.build/Debug/Strand.build/NOOP\ Staging.DependencyMetadataFileList (in target 'Strand' from project 'ComputeChecks')
    cd /Volumes/Untitled/WHOOP\ NARA-vps-only-compute/.derived/compute-checks
    write-file /Volumes/Untitled/WHOOP\ NARA-vps-only-compute/.derived/compute-final-macos/Build/Intermediates.noindex/ComputeChecks.build/Debug/Strand.build/NOOP\ Staging.DependencyMetadataFileList

WriteAuxiliaryFile /Volumes/Untitled/WHOOP\ NARA-vps-only-compute/.derived/compute-final-macos/Build/Intermediates.noindex/ComputeChecks.build/Debug/Strand.build/Objects-normal/arm64/NOOP\ Staging.LinkFileList (in target 'Strand' from project 'ComputeChecks')
    cd /Volumes/Untitled/WHOOP\ NARA-vps-only-compute/.derived/compute-checks
    write-file /Volumes/Untitled/WHOOP\ NARA-vps-only-compute/.derived/compute-final-macos/Build/Intermediates.noindex/ComputeChecks.build/Debug/Strand.build/Objects-normal/arm64/NOOP\ Staging.LinkFileList

ProcessInfoPlistFile /private/tmp/nara-compute-final-products.fxyjBA/Debug/StrandDesign_StrandDesign.bundle/Contents/Info.plist /Volumes/Untitled/WHOOP\ NARA-vps-only-compute/.derived/compute-final-macos/Build/Intermediates.noindex/StrandDesign.build/Debug/StrandDesign_StrandDesign.build/empty-StrandDesign_StrandDesign.plist (in target 'StrandDesign_StrandDesign' from project 'StrandDesign')
    cd /Volumes/Untitled/WHOOP\ NARA-vps-only-compute/Packages/StrandDesign
    builtin-infoPlistUtility /Volumes/Untitled/WHOOP\ NARA-vps-only-compute/.derived/compute-final-macos/Build/Intermediates.noindex/StrandDesign.build/Debug/StrandDesign_StrandDesign.build/empty-StrandDesign_StrandDesign.plist -producttype com.apple.product-type.bundle -expandbuildsettings -platform macosx -o /private/tmp/nara-compute-final-products.fxyjBA/Debug/StrandDesign_StrandDesign.bundle/Contents/Info.plist

CompileXCStrings /Volumes/Untitled/WHOOP\ NARA-vps-only-compute/.derived/compute-final-macos/Build/Intermediates.noindex/StrandDesign.build/Debug/StrandDesign_StrandDesign.build/ /Volumes/Untitled/WHOOP\ NARA-vps-only-compute/Packages/StrandDesign/Sources/StrandDesign/Resources/Localizable.xcstrings (in target 'StrandDesign_StrandDesign' from project 'StrandDesign')
    cd /Volumes/Untitled/WHOOP\ NARA-vps-only-compute/Packages/StrandDesign
    /Volumes/External\ SSD/Xcode.app/Contents/Developer/usr/bin/xcstringstool compile --output-directory /Volumes/Untitled/WHOOP\ NARA-vps-only-compute/.derived/compute-final-macos/Build/Intermediates.noindex/StrandDesign.build/Debug/StrandDesign_StrandDesign.build /Volumes/Untitled/WHOOP\ NARA-vps-only-compute/Packages/StrandDesign/Sources/StrandDesign/Resources/Localizable.xcstrings

CopyStringsFile /private/tmp/nara-compute-final-products.fxyjBA/Debug/StrandDesign_StrandDesign.bundle/Contents/Resources/zh-Hans.lproj/Localizable.strings /Volumes/Untitled/WHOOP\ NARA-vps-only-compute/.derived/compute-final-macos/Build/Intermediates.noindex/StrandDesign.build/Debug/StrandDesign_StrandDesign.build/zh-Hans.lproj/Localizable.strings (in target 'StrandDesign_StrandDesign' from project 'StrandDesign')
    cd /Volumes/Untitled/WHOOP\ NARA-vps-only-compute/Packages/StrandDesign
    builtin-copyStrings --validate --outputencoding UTF-16 --outfilename Localizable.strings --outdir /private/tmp/nara-compute-final-products.fxyjBA/Debug/StrandDesign_StrandDesign.bundle/Contents/Resources/zh-Hans.lproj -- /Volumes/Untitled/WHOOP\ NARA-vps-only-compute/.derived/compute-final-macos/Build/Intermediates.noindex/StrandDesign.build/Debug/StrandDesign_StrandDesign.build/zh-Hans.lproj/Localizable.strings
/Volumes/Untitled/WHOOP NARA-vps-only-compute/.derived/compute-final-macos/Build/Intermediates.noindex/StrandDesign.build/Debug/StrandDesign_StrandDesign.build/zh-Hans.lproj/Localizable.strings:1:1: note: detected encoding of input file as Unicode (UTF-8) (in target 'StrandDesign_StrandDesign' from project 'StrandDesign')

CopyStringsFile /private/tmp/nara-compute-final-products.fxyjBA/Debug/StrandDesign_StrandDesign.bundle/Contents/Resources/ru.lproj/Localizable.strings /Volumes/Untitled/WHOOP\ NARA-vps-only-compute/.derived/compute-final-macos/Build/Intermediates.noindex/StrandDesign.build/Debug/StrandDesign_StrandDesign.build/ru.lproj/Localizable.strings (in target 'StrandDesign_StrandDesign' from project 'StrandDesign')
    cd /Volumes/Untitled/WHOOP\ NARA-vps-only-compute/Packages/StrandDesign
    builtin-copyStrings --validate --outputencoding UTF-16 --outfilename Localizable.strings --outdir /private/tmp/nara-compute-final-products.fxyjBA/Debug/StrandDesign_StrandDesign.bundle/Contents/Resources/ru.lproj -- /Volumes/Untitled/WHOOP\ NARA-vps-only-compute/.derived/compute-final-macos/Build/Intermediates.noindex/StrandDesign.build/Debug/StrandDesign_StrandDesign.build/ru.lproj/Localizable.strings
/Volumes/Untitled/WHOOP NARA-vps-only-compute/.derived/compute-final-macos/Build/Intermediates.noindex/StrandDesign.build/Debug/StrandDesign_StrandDesign.build/ru.lproj/Localizable.strings:1:1: note: detected encoding of input file as Unicode (UTF-8) (in target 'StrandDesign_StrandDesign' from project 'StrandDesign')

CopyStringsFile /private/tmp/nara-compute-final-products.fxyjBA/Debug/StrandDesign_StrandDesign.bundle/Contents/Resources/pl.lproj/Localizable.strings /Volumes/Untitled/WHOOP\ NARA-vps-only-compute/.derived/compute-final-macos/Build/Intermediates.noindex/StrandDesign.build/Debug/StrandDesign_StrandDesign.build/pl.lproj/Localizable.strings (in target 'StrandDesign_StrandDesign' from project 'StrandDesign')
    cd /Volumes/Untitled/WHOOP\ NARA-vps-only-compute/Packages/StrandDesign
    builtin-copyStrings --validate --outputencoding UTF-16 --outfilename Localizable.strings --outdir /private/tmp/nara-compute-final-products.fxyjBA/Debug/StrandDesign_StrandDesign.bundle/Contents/Resources/pl.lproj -- /Volumes/Untitled/WHOOP\ NARA-vps-only-compute/.derived/compute-final-macos/Build/Intermediates.noindex/StrandDesign.build/Debug/StrandDesign_StrandDesign.build/pl.lproj/Localizable.strings
/Volumes/Untitled/WHOOP NARA-vps-only-compute/.derived/compute-final-macos/Build/Intermediates.noindex/StrandDesign.build/Debug/StrandDesign_StrandDesign.build/pl.lproj/Localizable.strings:1:1: note: detected encoding of input file as Unicode (UTF-8) (in target 'StrandDesign_StrandDesign' from project 'StrandDesign')

CopyStringsFile /private/tmp/nara-compute-final-products.fxyjBA/Debug/StrandDesign_StrandDesign.bundle/Contents/Resources/es.lproj/Localizable.strings /Volumes/Untitled/WHOOP\ NARA-vps-only-compute/.derived/compute-final-macos/Build/Intermediates.noindex/StrandDesign.build/Debug/StrandDesign_StrandDesign.build/es.lproj/Localizable.strings (in target 'StrandDesign_StrandDesign' from project 'StrandDesign')
    cd /Volumes/Untitled/WHOOP\ NARA-vps-only-compute/Packages/StrandDesign
    builtin-copyStrings --validate --outputencoding UTF-16 --outfilename Localizable.strings --outdir /private/tmp/nara-compute-final-products.fxyjBA/Debug/StrandDesign_StrandDesign.bundle/Contents/Resources/es.lproj -- /Volumes/Untitled/WHOOP\ NARA-vps-only-compute/.derived/compute-final-macos/Build/Intermediates.noindex/StrandDesign.build/Debug/StrandDesign_StrandDesign.build/es.lproj/Localizable.strings
/Volumes/Untitled/WHOOP NARA-vps-only-compute/.derived/compute-final-macos/Build/Intermediates.noindex/StrandDesign.build/Debug/StrandDesign_StrandDesign.build/es.lproj/Localizable.strings:1:1: note: detected encoding of input file as Unicode (UTF-8) (in target 'StrandDesign_StrandDesign' from project 'StrandDesign')

CopyStringsFile /private/tmp/nara-compute-final-products.fxyjBA/Debug/StrandDesign_StrandDesign.bundle/Contents/Resources/de.lproj/Localizable.strings /Volumes/Untitled/WHOOP\ NARA-vps-only-compute/.derived/compute-final-macos/Build/Intermediates.noindex/StrandDesign.build/Debug/StrandDesign_StrandDesign.build/de.lproj/Localizable.strings (in target 'StrandDesign_StrandDesign' from project 'StrandDesign')
    cd /Volumes/Untitled/WHOOP\ NARA-vps-only-compute/Packages/StrandDesign
    builtin-copyStrings --validate --outputencoding UTF-16 --outfilename Localizable.strings --outdir /private/tmp/nara-compute-final-products.fxyjBA/Debug/StrandDesign_StrandDesign.bundle/Contents/Resources/de.lproj -- /Volumes/Untitled/WHOOP\ NARA-vps-only-compute/.derived/compute-final-macos/Build/Intermediates.noindex/StrandDesign.build/Debug/StrandDesign_StrandDesign.build/de.lproj/Localizable.strings
/Volumes/Untitled/WHOOP NARA-vps-only-compute/.derived/compute-final-macos/Build/Intermediates.noindex/StrandDesign.build/Debug/StrandDesign_StrandDesign.build/de.lproj/Localizable.strings:1:1: note: detected encoding of input file as Unicode (UTF-8) (in target 'StrandDesign_StrandDesign' from project 'StrandDesign')

CopyStringsFile /private/tmp/nara-compute-final-products.fxyjBA/Debug/StrandDesign_StrandDesign.bundle/Contents/Resources/zh-Hant.lproj/Localizable.strings /Volumes/Untitled/WHOOP\ NARA-vps-only-compute/.derived/compute-final-macos/Build/Intermediates.noindex/StrandDesign.build/Debug/StrandDesign_StrandDesign.build/zh-Hant.lproj/Localizable.strings (in target 'StrandDesign_StrandDesign' from project 'StrandDesign')
    cd /Volumes/Untitled/WHOOP\ NARA-vps-only-compute/Packages/StrandDesign
    builtin-copyStrings --validate --outputencoding UTF-16 --outfilename Localizable.strings --outdir /private/tmp/nara-compute-final-products.fxyjBA/Debug/StrandDesign_StrandDesign.bundle/Contents/Resources/zh-Hant.lproj -- /Volumes/Untitled/WHOOP\ NARA-vps-only-compute/.derived/compute-final-macos/Build/Intermediates.noindex/StrandDesign.build/Debug/StrandDesign_StrandDesign.build/zh-Hant.lproj/Localizable.strings
/Volumes/Untitled/WHOOP NARA-vps-only-compute/.derived/compute-final-macos/Build/Intermediates.noindex/StrandDesign.build/Debug/StrandDesign_StrandDesign.build/zh-Hant.lproj/Localizable.strings:1:1: note: detected encoding of input file as Unicode (UTF-8) (in target 'StrandDesign_StrandDesign' from project 'StrandDesign')

CopyStringsFile /private/tmp/nara-compute-final-products.fxyjBA/Debug/StrandDesign_StrandDesign.bundle/Contents/Resources/pt-PT.lproj/Localizable.strings /Volumes/Untitled/WHOOP\ NARA-vps-only-compute/.derived/compute-final-macos/Build/Intermediates.noindex/StrandDesign.build/Debug/StrandDesign_StrandDesign.build/pt-PT.lproj/Localizable.strings (in target 'StrandDesign_StrandDesign' from project 'StrandDesign')
    cd /Volumes/Untitled/WHOOP\ NARA-vps-only-compute/Packages/StrandDesign
    builtin-copyStrings --validate --outputencoding UTF-16 --outfilename Localizable.strings --outdir /private/tmp/nara-compute-final-products.fxyjBA/Debug/StrandDesign_StrandDesign.bundle/Contents/Resources/pt-PT.lproj -- /Volumes/Untitled/WHOOP\ NARA-vps-only-compute/.derived/compute-final-macos/Build/Intermediates.noindex/StrandDesign.build/Debug/StrandDesign_StrandDesign.build/pt-PT.lproj/Localizable.strings
/Volumes/Untitled/WHOOP NARA-vps-only-compute/.derived/compute-final-macos/Build/Intermediates.noindex/StrandDesign.build/Debug/StrandDesign_StrandDesign.build/pt-PT.lproj/Localizable.strings:1:1: note: detected encoding of input file as Unicode (UTF-8) (in target 'StrandDesign_StrandDesign' from project 'StrandDesign')

CopyStringsFile /private/tmp/nara-compute-final-products.fxyjBA/Debug/StrandDesign_StrandDesign.bundle/Contents/Resources/fr.lproj/Localizable.strings /Volumes/Untitled/WHOOP\ NARA-vps-only-compute/.derived/compute-final-macos/Build/Intermediates.noindex/StrandDesign.build/Debug/StrandDesign_StrandDesign.build/fr.lproj/Localizable.strings (in target 'StrandDesign_StrandDesign' from project 'StrandDesign')
    cd /Volumes/Untitled/WHOOP\ NARA-vps-only-compute/Packages/StrandDesign
    builtin-copyStrings --validate --outputencoding UTF-16 --outfilename Localizable.strings --outdir /private/tmp/nara-compute-final-products.fxyjBA/Debug/StrandDesign_StrandDesign.bundle/Contents/Resources/fr.lproj -- /Volumes/Untitled/WHOOP\ NARA-vps-only-compute/.derived/compute-final-macos/Build/Intermediates.noindex/StrandDesign.build/Debug/StrandDesign_StrandDesign.build/fr.lproj/Localizable.strings
/Volumes/Untitled/WHOOP NARA-vps-only-compute/.derived/compute-final-macos/Build/Intermediates.noindex/StrandDesign.build/Debug/StrandDesign_StrandDesign.build/fr.lproj/Localizable.strings:1:1: note: detected encoding of input file as Unicode (UTF-8) (in target 'StrandDesign_StrandDesign' from project 'StrandDesign')

CopyStringsFile /private/tmp/nara-compute-final-products.fxyjBA/Debug/StrandDesign_StrandDesign.bundle/Contents/Resources/it.lproj/Localizable.strings /Volumes/Untitled/WHOOP\ NARA-vps-only-compute/.derived/compute-final-macos/Build/Intermediates.noindex/StrandDesign.build/Debug/StrandDesign_StrandDesign.build/it.lproj/Localizable.strings (in target 'StrandDesign_StrandDesign' from project 'StrandDesign')
    cd /Volumes/Untitled/WHOOP\ NARA-vps-only-compute/Packages/StrandDesign
    builtin-copyStrings --validate --outputencoding UTF-16 --outfilename Localizable.strings --outdir /private/tmp/nara-compute-final-products.fxyjBA/Debug/StrandDesign_StrandDesign.bundle/Contents/Resources/it.lproj -- /Volumes/Untitled/WHOOP\ NARA-vps-only-compute/.derived/compute-final-macos/Build/Intermediates.noindex/StrandDesign.build/Debug/StrandDesign_StrandDesign.build/it.lproj/Localizable.strings
/Volumes/Untitled/WHOOP NARA-vps-only-compute/.derived/compute-final-macos/Build/Intermediates.noindex/StrandDesign.build/Debug/StrandDesign_StrandDesign.build/it.lproj/Localizable.strings:1:1: note: detected encoding of input file as Unicode (UTF-8) (in target 'StrandDesign_StrandDesign' from project 'StrandDesign')

CopyStringsFile /private/tmp/nara-compute-final-products.fxyjBA/Debug/StrandDesign_StrandDesign.bundle/Contents/Resources/en.lproj/Localizable.strings /Volumes/Untitled/WHOOP\ NARA-vps-only-compute/.derived/compute-final-macos/Build/Intermediates.noindex/StrandDesign.build/Debug/StrandDesign_StrandDesign.build/en.lproj/Localizable.strings (in target 'StrandDesign_StrandDesign' from project 'StrandDesign')
    cd /Volumes/Untitled/WHOOP\ NARA-vps-only-compute/Packages/StrandDesign
    builtin-copyStrings --validate --outputencoding UTF-16 --outfilename Localizable.strings --outdir /private/tmp/nara-compute-final-products.fxyjBA/Debug/StrandDesign_StrandDesign.bundle/Contents/Resources/en.lproj -- /Volumes/Untitled/WHOOP\ NARA-vps-only-compute/.derived/compute-final-macos/Build/Intermediates.noindex/StrandDesign.build/Debug/StrandDesign_StrandDesign.build/en.lproj/Localizable.strings
/Volumes/Untitled/WHOOP NARA-vps-only-compute/.derived/compute-final-macos/Build/Intermediates.noindex/StrandDesign.build/Debug/StrandDesign_StrandDesign.build/en.lproj/Localizable.strings:1:1: note: detected encoding of input file as Unicode (UTF-8) (in target 'StrandDesign_StrandDesign' from project 'StrandDesign')

ProcessInfoPlistFile /private/tmp/nara-compute-final-products.fxyjBA/Debug/PackageFrameworks/WhoopProtocol_1411B0721344D06C_PackageProduct.framework/Versions/A/Resources/Info.plist /Volumes/Untitled/WHOOP\ NARA-vps-only-compute/.derived/compute-final-macos/Build/Intermediates.noindex/WhoopProtocol.build/Debug/WhoopProtocol\ product.build/empty-WhoopProtocol_1411B0721344D06C_PackageProduct.plist (in target 'WhoopProtocol' from project 'WhoopProtocol')
    cd /Volumes/Untitled/WHOOP\ NARA-vps-only-compute/Packages/WhoopProtocol
    builtin-infoPlistUtility /Volumes/Untitled/WHOOP\ NARA-vps-only-compute/.derived/compute-final-macos/Build/Intermediates.noindex/WhoopProtocol.build/Debug/WhoopProtocol\ product.build/empty-WhoopProtocol_1411B0721344D06C_PackageProduct.plist -producttype com.apple.product-type.framework -expandbuildsettings -platform macosx -o /private/tmp/nara-compute-final-products.fxyjBA/Debug/PackageFrameworks/WhoopProtocol_1411B0721344D06C_PackageProduct.framework/Versions/A/Resources/Info.plist

ProcessInfoPlistFile /private/tmp/nara-compute-final-products.fxyjBA/Debug/PackageFrameworks/OuraProtocol_-C8A38B4B7B3C10B_PackageProduct.framework/Versions/A/Resources/Info.plist /Volumes/Untitled/WHOOP\ NARA-vps-only-compute/.derived/compute-final-macos/Build/Intermediates.noindex/OuraProtocol.build/Debug/OuraProtocol\ product.build/empty-OuraProtocol_-C8A38B4B7B3C10B_PackageProduct.plist (in target 'OuraProtocol' from project 'OuraProtocol')
    cd /Volumes/Untitled/WHOOP\ NARA-vps-only-compute/Packages/OuraProtocol
    builtin-infoPlistUtility /Volumes/Untitled/WHOOP\ NARA-vps-only-compute/.derived/compute-final-macos/Build/Intermediates.noindex/OuraProtocol.build/Debug/OuraProtocol\ product.build/empty-OuraProtocol_-C8A38B4B7B3C10B_PackageProduct.plist -producttype com.apple.product-type.framework -expandbuildsettings -platform macosx -o /private/tmp/nara-compute-final-products.fxyjBA/Debug/PackageFrameworks/OuraProtocol_-C8A38B4B7B3C10B_PackageProduct.framework/Versions/A/Resources/Info.plist

ProcessInfoPlistFile /private/tmp/nara-compute-final-products.fxyjBA/Debug/PackageFrameworks/ZIPFoundation_-14A6248D789D2CE9_PackageProduct.framework/Versions/A/Resources/Info.plist /Volumes/Untitled/WHOOP\ NARA-vps-only-compute/.derived/compute-final-macos/Build/Intermediates.noindex/ZIPFoundation.build/Debug/ZIPFoundation\ product.build/empty-ZIPFoundation_-14A6248D789D2CE9_PackageProduct.plist (in target 'ZIPFoundation' from project 'ZIPFoundation')
    cd /Volumes/Untitled/WHOOP\ NARA-vps-only-compute/.derived/compute-final-macos/SourcePackages/checkouts/ZIPFoundation
    builtin-infoPlistUtility /Volumes/Untitled/WHOOP\ NARA-vps-only-compute/.derived/compute-final-macos/Build/Intermediates.noindex/ZIPFoundation.build/Debug/ZIPFoundation\ product.build/empty-ZIPFoundation_-14A6248D789D2CE9_PackageProduct.plist -producttype com.apple.product-type.framework -expandbuildsettings -platform macosx -o /private/tmp/nara-compute-final-products.fxyjBA/Debug/PackageFrameworks/ZIPFoundation_-14A6248D789D2CE9_PackageProduct.framework/Versions/A/Resources/Info.plist

ProcessInfoPlistFile /private/tmp/nara-compute-final-products.fxyjBA/Debug/PackageFrameworks/GRDB_5DC4DB053_PackageProduct.framework/Versions/A/Resources/Info.plist /Volumes/Untitled/WHOOP\ NARA-vps-only-compute/.derived/compute-final-macos/Build/Intermediates.noindex/GRDB.build/Debug/GRDB\ product.build/empty-GRDB_5DC4DB053_PackageProduct.plist (in target 'GRDB' from project 'GRDB')
    cd /Volumes/Untitled/WHOOP\ NARA-vps-only-compute/.derived/compute-final-macos/SourcePackages/checkouts/GRDB.swift
    builtin-infoPlistUtility /Volumes/Untitled/WHOOP\ NARA-vps-only-compute/.derived/compute-final-macos/Build/Intermediates.noindex/GRDB.build/Debug/GRDB\ product.build/empty-GRDB_5DC4DB053_PackageProduct.plist -producttype com.apple.product-type.framework -expandbuildsettings -platform macosx -o /private/tmp/nara-compute-final-products.fxyjBA/Debug/PackageFrameworks/GRDB_5DC4DB053_PackageProduct.framework/Versions/A/Resources/Info.plist

ProcessProductPackaging "" /Volumes/Untitled/WHOOP\ NARA-vps-only-compute/.derived/compute-final-macos/Build/Intermediates.noindex/ComputeChecks.build/Debug/Strand.build/NOOP\ Staging.app.xcent (in target 'Strand' from project 'ComputeChecks')
    cd /Volumes/Untitled/WHOOP\ NARA-vps-only-compute/.derived/compute-checks
    
    Entitlements:
    
    {
    "com.apple.security.get-task-allow" = 1;
}
    
    builtin-productPackagingUtility -entitlements -format xml -o /Volumes/Untitled/WHOOP\ NARA-vps-only-compute/.derived/compute-final-macos/Build/Intermediates.noindex/ComputeChecks.build/Debug/Strand.build/NOOP\ Staging.app.xcent

ProcessProductPackagingDER /Volumes/Untitled/WHOOP\ NARA-vps-only-compute/.derived/compute-final-macos/Build/Intermediates.noindex/ComputeChecks.build/Debug/Strand.build/NOOP\ Staging.app.xcent /Volumes/Untitled/WHOOP\ NARA-vps-only-compute/.derived/compute-final-macos/Build/Intermediates.noindex/ComputeChecks.build/Debug/Strand.build/NOOP\ Staging.app.xcent.der (in target 'Strand' from project 'ComputeChecks')
    cd /Volumes/Untitled/WHOOP\ NARA-vps-only-compute/.derived/compute-checks
    /usr/bin/derq query -f xml -i /Volumes/Untitled/WHOOP\ NARA-vps-only-compute/.derived/compute-final-macos/Build/Intermediates.noindex/ComputeChecks.build/Debug/Strand.build/NOOP\ Staging.app.xcent -o /Volumes/Untitled/WHOOP\ NARA-vps-only-compute/.derived/compute-final-macos/Build/Intermediates.noindex/ComputeChecks.build/Debug/Strand.build/NOOP\ Staging.app.xcent.der --raw

ProcessInfoPlistFile /private/tmp/nara-compute-final-products.fxyjBA/Debug/PackageFrameworks/WhoopStore_71292FE4CC321224_PackageProduct.framework/Versions/A/Resources/Info.plist /Volumes/Untitled/WHOOP\ NARA-vps-only-compute/.derived/compute-final-macos/Build/Intermediates.noindex/WhoopStore.build/Debug/WhoopStore\ product.build/empty-WhoopStore_71292FE4CC321224_PackageProduct.plist (in target 'WhoopStore' from project 'WhoopStore')
    cd /Volumes/Untitled/WHOOP\ NARA-vps-only-compute/Packages/WhoopStore
    builtin-infoPlistUtility /Volumes/Untitled/WHOOP\ NARA-vps-only-compute/.derived/compute-final-macos/Build/Intermediates.noindex/WhoopStore.build/Debug/WhoopStore\ product.build/empty-WhoopStore_71292FE4CC321224_PackageProduct.plist -producttype com.apple.product-type.framework -expandbuildsettings -platform macosx -o /private/tmp/nara-compute-final-products.fxyjBA/Debug/PackageFrameworks/WhoopStore_71292FE4CC321224_PackageProduct.framework/Versions/A/Resources/Info.plist

Copy /private/tmp/nara-compute-final-products.fxyjBA/Debug/NOOP\ Staging.app/Contents/Resources/StrandDesign_StrandDesign.bundle /private/tmp/nara-compute-final-products.fxyjBA/Debug/StrandDesign_StrandDesign.bundle (in target 'Strand' from project 'ComputeChecks')
    cd /Volumes/Untitled/WHOOP\ NARA-vps-only-compute/.derived/compute-checks
    builtin-copy -exclude .DS_Store -exclude CVS -exclude .svn -exclude .git -exclude .hg -resolve-src-symlinks /private/tmp/nara-compute-final-products.fxyjBA/Debug/StrandDesign_StrandDesign.bundle /private/tmp/nara-compute-final-products.fxyjBA/Debug/NOOP\ Staging.app/Contents/Resources

Ld /private/tmp/nara-compute-final-products.fxyjBA/Debug/NOOP\ Staging.app/Contents/MacOS/NOOP\ Staging normal (in target 'Strand' from project 'ComputeChecks')
    cd /Volumes/Untitled/WHOOP\ NARA-vps-only-compute/.derived/compute-checks
    /Volumes/External\ SSD/Xcode.app/Contents/Developer/Toolchains/XcodeDefault.xctoolchain/usr/bin/clang -Xlinker -reproducible -target arm64-apple-macos13.0 -isysroot /Volumes/External\ SSD/Xcode.app/Contents/Developer/Platforms/MacOSX.platform/Developer/SDKs/MacOSX26.2.sdk -O0 -L/Volumes/Untitled/WHOOP\ NARA-vps-only-compute/.derived/compute-final-macos/Build/Intermediates.noindex/EagerLinkingTBDs/Debug -L/private/tmp/nara-compute-final-products.fxyjBA/Debug -F/Volumes/Untitled/WHOOP\ NARA-vps-only-compute/.derived/compute-final-macos/Build/Intermediates.noindex/EagerLinkingTBDs/Debug -F/private/tmp/nara-compute-final-products.fxyjBA/Debug/PackageFrameworks -F/private/tmp/nara-compute-final-products.fxyjBA/Debug/PackageFrameworks -F/private/tmp/nara-compute-final-products.fxyjBA/Debug/PackageFrameworks -F/private/tmp/nara-compute-final-products.fxyjBA/Debug/PackageFrameworks -F/private/tmp/nara-compute-final-products.fxyjBA/Debug/PackageFrameworks -F/private/tmp/nara-compute-final-products.fxyjBA/Debug/PackageFrameworks -F/private/tmp/nara-compute-final-products.fxyjBA/Debug/PackageFrameworks -F/private/tmp/nara-compute-final-products.fxyjBA/Debug/PackageFrameworks -F/private/tmp/nara-compute-final-products.fxyjBA/Debug/PackageFrameworks -F/private/tmp/nara-compute-final-products.fxyjBA/Debug/PackageFrameworks -F/private/tmp/nara-compute-final-products.fxyjBA/Debug/PackageFrameworks -F/private/tmp/nara-compute-final-products.fxyjBA/Debug/PackageFrameworks -F/private/tmp/nara-compute-final-products.fxyjBA/Debug/PackageFrameworks -F/private/tmp/nara-compute-final-products.fxyjBA/Debug/PackageFrameworks -F/private/tmp/nara-compute-final-products.fxyjBA/Debug/PackageFrameworks -F/private/tmp/nara-compute-final-products.fxyjBA/Debug -filelist /Volumes/Untitled/WHOOP\ NARA-vps-only-compute/.derived/compute-final-macos/Build/Intermediates.noindex/ComputeChecks.build/Debug/Strand.build/Objects-normal/arm64/NOOP\ Staging.LinkFileList -Xlinker -rpath -Xlinker /usr/lib/swift -Xlinker -rpath -Xlinker /private/tmp/nara-compute-final-products.fxyjBA/Debug/PackageFrameworks -Xlinker -rpath -Xlinker @executable_path/../Frameworks -Xlinker -object_path_lto -Xlinker /Volumes/Untitled/WHOOP\ NARA-vps-only-compute/.derived/compute-final-macos/Build/Intermediates.noindex/ComputeChecks.build/Debug/Strand.build/Objects-normal/arm64/NOOP\ Staging_lto.o -rdynamic -Xlinker -no_deduplicate -Xlinker -dependency_info -Xlinker /Volumes/Untitled/WHOOP\ NARA-vps-only-compute/.derived/compute-final-macos/Build/Intermediates.noindex/ComputeChecks.build/Debug/Strand.build/Objects-normal/arm64/NOOP\ Staging_dependency_info.dat -fobjc-link-runtime -L/Volumes/External\ SSD/Xcode.app/Contents/Developer/Toolchains/XcodeDefault.xctoolchain/usr/lib/swift/macosx -L/usr/lib/swift -Xlinker -add_ast_path -Xlinker /Volumes/Untitled/WHOOP\ NARA-vps-only-compute/.derived/compute-final-macos/Build/Intermediates.noindex/ComputeChecks.build/Debug/Strand.build/Objects-normal/arm64/Strand.swiftmodule @/Volumes/Untitled/WHOOP\ NARA-vps-only-compute/.derived/compute-final-macos/Build/Intermediates.noindex/ComputeChecks.build/Debug/Strand.build/Objects-normal/arm64/Strand-linker-args.resp -Wl,-no_warn_duplicate_libraries -Wl,-no_warn_duplicate_libraries -Wl,-no_warn_duplicate_libraries -Wl,-no_warn_duplicate_libraries -Wl,-no_warn_duplicate_libraries -Wl,-no_warn_duplicate_libraries -Wl,-no_warn_duplicate_libraries -Wl,-no_warn_duplicate_libraries -Wl,-no_warn_duplicate_libraries -Wl,-no_warn_duplicate_libraries -Wl,-no_warn_duplicate_libraries -Wl,-no_warn_duplicate_libraries -Wl,-no_warn_duplicate_libraries -Wl,-no_warn_duplicate_libraries -Wl,-no_warn_duplicate_libraries -L/opt/homebrew/lib -L/usr/local/lib -lzstd /private/tmp/nara-compute-final-products.fxyjBA/Debug/PackageFrameworks/WhoopProtocol_1411B0721344D06C_PackageProduct.framework/Versions/A/WhoopProtocol_1411B0721344D06C_PackageProduct /private/tmp/nara-compute-final-products.fxyjBA/Debug/PackageFrameworks/WhoopStore_71292FE4CC321224_PackageProduct.framework/Versions/A/WhoopStore_71292FE4CC321224_PackageProduct /private/tmp/nara-compute-final-products.fxyjBA/Debug/PackageFrameworks/WhoopProtocol_1411B0721344D06C_PackageProduct.framework/Versions/A/WhoopProtocol_1411B0721344D06C_PackageProduct /private/tmp/nara-compute-final-products.fxyjBA/Debug/PackageFrameworks/WhoopStore_71292FE4CC321224_PackageProduct.framework/Versions/A/WhoopStore_71292FE4CC321224_PackageProduct /private/tmp/nara-compute-final-products.fxyjBA/Debug/PackageFrameworks/WhoopProtocol_1411B0721344D06C_PackageProduct.framework/Versions/A/WhoopProtocol_1411B0721344D06C_PackageProduct /private/tmp/nara-compute-final-products.fxyjBA/Debug/PackageFrameworks/WhoopStore_71292FE4CC321224_PackageProduct.framework/Versions/A/WhoopStore_71292FE4CC321224_PackageProduct /private/tmp/nara-compute-final-products.fxyjBA/Debug/PackageFrameworks/ZIPFoundation_-14A6248D789D2CE9_PackageProduct.framework/Versions/A/ZIPFoundation_-14A6248D789D2CE9_PackageProduct /private/tmp/nara-compute-final-products.fxyjBA/Debug/PackageFrameworks/GRDB_5DC4DB053_PackageProduct.framework/Versions/A/GRDB_5DC4DB053_PackageProduct /private/tmp/nara-compute-final-products.fxyjBA/Debug/PackageFrameworks/ZIPFoundation_-14A6248D789D2CE9_PackageProduct.framework/Versions/A/ZIPFoundation_-14A6248D789D2CE9_PackageProduct /private/tmp/nara-compute-final-products.fxyjBA/Debug/PackageFrameworks/OuraProtocol_-C8A38B4B7B3C10B_PackageProduct.framework/Versions/A/OuraProtocol_-C8A38B4B7B3C10B_PackageProduct -Xlinker -no_adhoc_codesign -o /private/tmp/nara-compute-final-products.fxyjBA/Debug/NOOP\ Staging.app/Contents/MacOS/NOOP\ Staging -Xlinker -add_ast_path -Xlinker /Volumes/Untitled/WHOOP\ NARA-vps-only-compute/.derived/compute-final-macos/Build/Intermediates.noindex/StrandAnalytics.build/Debug/StrandAnalytics.build/Objects-normal/arm64/StrandAnalytics.swiftmodule @/Volumes/Untitled/WHOOP\ NARA-vps-only-compute/.derived/compute-final-macos/Build/Intermediates.noindex/StrandAnalytics.build/Debug/StrandAnalytics.build/Objects-normal/arm64/StrandAnalytics-linker-args.resp -Xlinker -add_ast_path -Xlinker /Volumes/Untitled/WHOOP\ NARA-vps-only-compute/.derived/compute-final-macos/Build/Intermediates.noindex/StrandImport.build/Debug/StrandImport.build/Objects-normal/arm64/StrandImport.swiftmodule @/Volumes/Untitled/WHOOP\ NARA-vps-only-compute/.derived/compute-final-macos/Build/Intermediates.noindex/StrandImport.build/Debug/StrandImport.build/Objects-normal/arm64/StrandImport-linker-args.resp -Xlinker -add_ast_path -Xlinker /Volumes/Untitled/WHOOP\ NARA-vps-only-compute/.derived/compute-final-macos/Build/Intermediates.noindex/StrandDesign.build/Debug/StrandDesign.build/Objects-normal/arm64/StrandDesign.swiftmodule @/Volumes/Untitled/WHOOP\ NARA-vps-only-compute/.derived/compute-final-macos/Build/Intermediates.noindex/StrandDesign.build/Debug/StrandDesign.build/Objects-normal/arm64/StrandDesign-linker-args.resp -Xlinker -add_ast_path -Xlinker /Volumes/Untitled/WHOOP\ NARA-vps-only-compute/.derived/compute-final-macos/Build/Intermediates.noindex/swift-markdown-ui.build/Debug/MarkdownUI.build/Objects-normal/arm64/MarkdownUI.swiftmodule @/Volumes/Untitled/WHOOP\ NARA-vps-only-compute/.derived/compute-final-macos/Build/Intermediates.noindex/swift-markdown-ui.build/Debug/MarkdownUI.build/Objects-normal/arm64/MarkdownUI-linker-args.resp -Xlinker -add_ast_path -Xlinker /Volumes/Untitled/WHOOP\ NARA-vps-only-compute/.derived/compute-final-macos/Build/Intermediates.noindex/NetworkImage.build/Debug/NetworkImage.build/Objects-normal/arm64/NetworkImage.swiftmodule @/Volumes/Untitled/WHOOP\ NARA-vps-only-compute/.derived/compute-final-macos/Build/Intermediates.noindex/NetworkImage.build/Debug/NetworkImage.build/Objects-normal/arm64/NetworkImage-linker-args.resp -Xlinker -add_ast_path -Xlinker /Volumes/Untitled/WHOOP\ NARA-vps-only-compute/.derived/compute-final-macos/Build/Intermediates.noindex/PolarProtocol.build/Debug/PolarProtocol.build/Objects-normal/arm64/PolarProtocol.swiftmodule @/Volumes/Untitled/WHOOP\ NARA-vps-only-compute/.derived/compute-final-macos/Build/Intermediates.noindex/PolarProtocol.build/Debug/PolarProtocol.build/Objects-normal/arm64/PolarProtocol-linker-args.resp -Xlinker -add_ast_path -Xlinker /Volumes/Untitled/WHOOP\ NARA-vps-only-compute/.derived/compute-final-macos/Build/Intermediates.noindex/NoopPush.build/Debug/NoopPush.build/Objects-normal/arm64/NoopPush.swiftmodule @/Volumes/Untitled/WHOOP\ NARA-vps-only-compute/.derived/compute-final-macos/Build/Intermediates.noindex/NoopPush.build/Debug/NoopPush.build/Objects-normal/arm64/NoopPush-linker-args.resp
ld: warning: building for macOS-13.0, but linking with dylib '/opt/homebrew/opt/zstd/lib/libzstd.1.dylib' which was built for newer version 26.0

CompileXCStrings /Volumes/Untitled/WHOOP\ NARA-vps-only-compute/.derived/compute-final-macos/Build/Intermediates.noindex/ComputeChecks.build/Debug/Strand.build/ /Volumes/Untitled/WHOOP\ NARA-vps-only-compute/Strand/Resources/Localizable.xcstrings (in target 'Strand' from project 'ComputeChecks')
    cd /Volumes/Untitled/WHOOP\ NARA-vps-only-compute/.derived/compute-checks
    /Volumes/External\ SSD/Xcode.app/Contents/Developer/usr/bin/xcstringstool compile --output-directory /Volumes/Untitled/WHOOP\ NARA-vps-only-compute/.derived/compute-final-macos/Build/Intermediates.noindex/ComputeChecks.build/Debug/Strand.build /Volumes/Untitled/WHOOP\ NARA-vps-only-compute/Strand/Resources/Localizable.xcstrings

ProcessInfoPlistFile /private/tmp/nara-compute-final-products.fxyjBA/Debug/NOOP\ Staging.app/Contents/Info.plist /Volumes/Untitled/WHOOP\ NARA-vps-only-compute/Strand/Resources/Info.plist (in target 'Strand' from project 'ComputeChecks')
    cd /Volumes/Untitled/WHOOP\ NARA-vps-only-compute/.derived/compute-checks
    builtin-infoPlistUtility /Volumes/Untitled/WHOOP\ NARA-vps-only-compute/Strand/Resources/Info.plist -producttype com.apple.product-type.application -genpkginfo /private/tmp/nara-compute-final-products.fxyjBA/Debug/NOOP\ Staging.app/Contents/PkgInfo -expandbuildsettings -platform macosx -additionalcontentfile /Volumes/Untitled/WHOOP\ NARA-vps-only-compute/.derived/compute-final-macos/Build/Intermediates.noindex/ComputeChecks.build/Debug/Strand.build/assetcatalog_generated_info.plist -scanforprivacyfile /private/tmp/nara-compute-final-products.fxyjBA/Debug/NOOP\ Staging.app/Contents/Frameworks/GRDB_5DC4DB053_PackageProduct.framework -scanforprivacyfile /private/tmp/nara-compute-final-products.fxyjBA/Debug/NOOP\ Staging.app/Contents/Frameworks/OuraProtocol_-C8A38B4B7B3C10B_PackageProduct.framework -scanforprivacyfile /private/tmp/nara-compute-final-products.fxyjBA/Debug/NOOP\ Staging.app/Contents/Frameworks/WhoopProtocol_1411B0721344D06C_PackageProduct.framework -scanforprivacyfile /private/tmp/nara-compute-final-products.fxyjBA/Debug/NOOP\ Staging.app/Contents/Frameworks/WhoopStore_71292FE4CC321224_PackageProduct.framework -scanforprivacyfile /private/tmp/nara-compute-final-products.fxyjBA/Debug/NOOP\ Staging.app/Contents/Frameworks/ZIPFoundation_-14A6248D789D2CE9_PackageProduct.framework -scanforprivacyfile /private/tmp/nara-compute-final-products.fxyjBA/Debug/NOOP\ Staging.app/Contents/Resources/GRDB_GRDB.bundle -scanforprivacyfile /private/tmp/nara-compute-final-products.fxyjBA/Debug/NOOP\ Staging.app/Contents/Resources/StrandDesign_StrandDesign.bundle -scanforprivacyfile /private/tmp/nara-compute-final-products.fxyjBA/Debug/NOOP\ Staging.app/Contents/Resources/WhoopProtocol_WhoopProtocol.bundle -scanforprivacyfile /private/tmp/nara-compute-final-products.fxyjBA/Debug/NOOP\ Staging.app/Contents/Resources/ZIPFoundation_ZIPFoundation.bundle -o /private/tmp/nara-compute-final-products.fxyjBA/Debug/NOOP\ Staging.app/Contents/Info.plist

GenerateDSYMFile /private/tmp/nara-compute-final-products.fxyjBA/Debug/NOOP\ Staging.app.dSYM /private/tmp/nara-compute-final-products.fxyjBA/Debug/NOOP\ Staging.app/Contents/MacOS/NOOP\ Staging (in target 'Strand' from project 'ComputeChecks')
    cd /Volumes/Untitled/WHOOP\ NARA-vps-only-compute/.derived/compute-checks
    /Volumes/External\ SSD/Xcode.app/Contents/Developer/Toolchains/XcodeDefault.xctoolchain/usr/bin/dsymutil /private/tmp/nara-compute-final-products.fxyjBA/Debug/NOOP\ Staging.app/Contents/MacOS/NOOP\ Staging -o /private/tmp/nara-compute-final-products.fxyjBA/Debug/NOOP\ Staging.app.dSYM

CopyStringsFile /private/tmp/nara-compute-final-products.fxyjBA/Debug/NOOP\ Staging.app/Contents/Resources/pt-PT.lproj/Localizable.strings /Volumes/Untitled/WHOOP\ NARA-vps-only-compute/.derived/compute-final-macos/Build/Intermediates.noindex/ComputeChecks.build/Debug/Strand.build/pt-PT.lproj/Localizable.strings (in target 'Strand' from project 'ComputeChecks')
    cd /Volumes/Untitled/WHOOP\ NARA-vps-only-compute/.derived/compute-checks
    builtin-copyStrings --validate --outputencoding UTF-16 --outfilename Localizable.strings --outdir /private/tmp/nara-compute-final-products.fxyjBA/Debug/NOOP\ Staging.app/Contents/Resources/pt-PT.lproj -- /Volumes/Untitled/WHOOP\ NARA-vps-only-compute/.derived/compute-final-macos/Build/Intermediates.noindex/ComputeChecks.build/Debug/Strand.build/pt-PT.lproj/Localizable.strings
/Volumes/Untitled/WHOOP NARA-vps-only-compute/.derived/compute-final-macos/Build/Intermediates.noindex/ComputeChecks.build/Debug/Strand.build/pt-PT.lproj/Localizable.strings:1:1: note: detected encoding of input file as Unicode (UTF-8) (in target 'Strand' from project 'ComputeChecks')

CopyStringsFile /private/tmp/nara-compute-final-products.fxyjBA/Debug/NOOP\ Staging.app/Contents/Resources/zh-Hant.lproj/Localizable.stringsdict /Volumes/Untitled/WHOOP\ NARA-vps-only-compute/.derived/compute-final-macos/Build/Intermediates.noindex/ComputeChecks.build/Debug/Strand.build/zh-Hant.lproj/Localizable.stringsdict (in target 'Strand' from project 'ComputeChecks')
    cd /Volumes/Untitled/WHOOP\ NARA-vps-only-compute/.derived/compute-checks
    builtin-copyStrings --validate --outputencoding UTF-16 --outfilename Localizable.stringsdict --outdir /private/tmp/nara-compute-final-products.fxyjBA/Debug/NOOP\ Staging.app/Contents/Resources/zh-Hant.lproj -- /Volumes/Untitled/WHOOP\ NARA-vps-only-compute/.derived/compute-final-macos/Build/Intermediates.noindex/ComputeChecks.build/Debug/Strand.build/zh-Hant.lproj/Localizable.stringsdict
/Volumes/Untitled/WHOOP NARA-vps-only-compute/.derived/compute-final-macos/Build/Intermediates.noindex/ComputeChecks.build/Debug/Strand.build/zh-Hant.lproj/Localizable.stringsdict:1:1: note: detected encoding of input file as Unicode (UTF-8) (in target 'Strand' from project 'ComputeChecks')

CopyStringsFile /private/tmp/nara-compute-final-products.fxyjBA/Debug/NOOP\ Staging.app/Contents/Resources/zh-Hant.lproj/Localizable.strings /Volumes/Untitled/WHOOP\ NARA-vps-only-compute/.derived/compute-final-macos/Build/Intermediates.noindex/ComputeChecks.build/Debug/Strand.build/zh-Hant.lproj/Localizable.strings (in target 'Strand' from project 'ComputeChecks')
    cd /Volumes/Untitled/WHOOP\ NARA-vps-only-compute/.derived/compute-checks
    builtin-copyStrings --validate --outputencoding UTF-16 --outfilename Localizable.strings --outdir /private/tmp/nara-compute-final-products.fxyjBA/Debug/NOOP\ Staging.app/Contents/Resources/zh-Hant.lproj -- /Volumes/Untitled/WHOOP\ NARA-vps-only-compute/.derived/compute-final-macos/Build/Intermediates.noindex/ComputeChecks.build/Debug/Strand.build/zh-Hant.lproj/Localizable.strings
/Volumes/Untitled/WHOOP NARA-vps-only-compute/.derived/compute-final-macos/Build/Intermediates.noindex/ComputeChecks.build/Debug/Strand.build/zh-Hant.lproj/Localizable.strings:1:1: note: detected encoding of input file as Unicode (UTF-8) (in target 'Strand' from project 'ComputeChecks')

CopyStringsFile /private/tmp/nara-compute-final-products.fxyjBA/Debug/NOOP\ Staging.app/Contents/Resources/pt-PT.lproj/Localizable.stringsdict /Volumes/Untitled/WHOOP\ NARA-vps-only-compute/.derived/compute-final-macos/Build/Intermediates.noindex/ComputeChecks.build/Debug/Strand.build/pt-PT.lproj/Localizable.stringsdict (in target 'Strand' from project 'ComputeChecks')
    cd /Volumes/Untitled/WHOOP\ NARA-vps-only-compute/.derived/compute-checks
    builtin-copyStrings --validate --outputencoding UTF-16 --outfilename Localizable.stringsdict --outdir /private/tmp/nara-compute-final-products.fxyjBA/Debug/NOOP\ Staging.app/Contents/Resources/pt-PT.lproj -- /Volumes/Untitled/WHOOP\ NARA-vps-only-compute/.derived/compute-final-macos/Build/Intermediates.noindex/ComputeChecks.build/Debug/Strand.build/pt-PT.lproj/Localizable.stringsdict
/Volumes/Untitled/WHOOP NARA-vps-only-compute/.derived/compute-final-macos/Build/Intermediates.noindex/ComputeChecks.build/Debug/Strand.build/pt-PT.lproj/Localizable.stringsdict:1:1: note: detected encoding of input file as Unicode (UTF-8) (in target 'Strand' from project 'ComputeChecks')

CopyStringsFile /private/tmp/nara-compute-final-products.fxyjBA/Debug/NOOP\ Staging.app/Contents/Resources/pl.lproj/Localizable.strings /Volumes/Untitled/WHOOP\ NARA-vps-only-compute/.derived/compute-final-macos/Build/Intermediates.noindex/ComputeChecks.build/Debug/Strand.build/pl.lproj/Localizable.strings (in target 'Strand' from project 'ComputeChecks')
    cd /Volumes/Untitled/WHOOP\ NARA-vps-only-compute/.derived/compute-checks
    builtin-copyStrings --validate --outputencoding UTF-16 --outfilename Localizable.strings --outdir /private/tmp/nara-compute-final-products.fxyjBA/Debug/NOOP\ Staging.app/Contents/Resources/pl.lproj -- /Volumes/Untitled/WHOOP\ NARA-vps-only-compute/.derived/compute-final-macos/Build/Intermediates.noindex/ComputeChecks.build/Debug/Strand.build/pl.lproj/Localizable.strings
/Volumes/Untitled/WHOOP NARA-vps-only-compute/.derived/compute-final-macos/Build/Intermediates.noindex/ComputeChecks.build/Debug/Strand.build/pl.lproj/Localizable.strings:1:1: note: detected encoding of input file as Unicode (UTF-8) (in target 'Strand' from project 'ComputeChecks')

CopyStringsFile /private/tmp/nara-compute-final-products.fxyjBA/Debug/NOOP\ Staging.app/Contents/Resources/pl.lproj/Localizable.stringsdict /Volumes/Untitled/WHOOP\ NARA-vps-only-compute/.derived/compute-final-macos/Build/Intermediates.noindex/ComputeChecks.build/Debug/Strand.build/pl.lproj/Localizable.stringsdict (in target 'Strand' from project 'ComputeChecks')
    cd /Volumes/Untitled/WHOOP\ NARA-vps-only-compute/.derived/compute-checks
    builtin-copyStrings --validate --outputencoding UTF-16 --outfilename Localizable.stringsdict --outdir /private/tmp/nara-compute-final-products.fxyjBA/Debug/NOOP\ Staging.app/Contents/Resources/pl.lproj -- /Volumes/Untitled/WHOOP\ NARA-vps-only-compute/.derived/compute-final-macos/Build/Intermediates.noindex/ComputeChecks.build/Debug/Strand.build/pl.lproj/Localizable.stringsdict
/Volumes/Untitled/WHOOP NARA-vps-only-compute/.derived/compute-final-macos/Build/Intermediates.noindex/ComputeChecks.build/Debug/Strand.build/pl.lproj/Localizable.stringsdict:1:1: note: detected encoding of input file as Unicode (UTF-8) (in target 'Strand' from project 'ComputeChecks')

CopyStringsFile /private/tmp/nara-compute-final-products.fxyjBA/Debug/NOOP\ Staging.app/Contents/Resources/zh-Hans.lproj/Localizable.strings /Volumes/Untitled/WHOOP\ NARA-vps-only-compute/.derived/compute-final-macos/Build/Intermediates.noindex/ComputeChecks.build/Debug/Strand.build/zh-Hans.lproj/Localizable.strings (in target 'Strand' from project 'ComputeChecks')
    cd /Volumes/Untitled/WHOOP\ NARA-vps-only-compute/.derived/compute-checks
    builtin-copyStrings --validate --outputencoding UTF-16 --outfilename Localizable.strings --outdir /private/tmp/nara-compute-final-products.fxyjBA/Debug/NOOP\ Staging.app/Contents/Resources/zh-Hans.lproj -- /Volumes/Untitled/WHOOP\ NARA-vps-only-compute/.derived/compute-final-macos/Build/Intermediates.noindex/ComputeChecks.build/Debug/Strand.build/zh-Hans.lproj/Localizable.strings
/Volumes/Untitled/WHOOP NARA-vps-only-compute/.derived/compute-final-macos/Build/Intermediates.noindex/ComputeChecks.build/Debug/Strand.build/zh-Hans.lproj/Localizable.strings:1:1: note: detected encoding of input file as Unicode (UTF-8) (in target 'Strand' from project 'ComputeChecks')

CopyStringsFile /private/tmp/nara-compute-final-products.fxyjBA/Debug/NOOP\ Staging.app/Contents/Resources/zh-Hans.lproj/Localizable.stringsdict /Volumes/Untitled/WHOOP\ NARA-vps-only-compute/.derived/compute-final-macos/Build/Intermediates.noindex/ComputeChecks.build/Debug/Strand.build/zh-Hans.lproj/Localizable.stringsdict (in target 'Strand' from project 'ComputeChecks')
    cd /Volumes/Untitled/WHOOP\ NARA-vps-only-compute/.derived/compute-checks
    builtin-copyStrings --validate --outputencoding UTF-16 --outfilename Localizable.stringsdict --outdir /private/tmp/nara-compute-final-products.fxyjBA/Debug/NOOP\ Staging.app/Contents/Resources/zh-Hans.lproj -- /Volumes/Untitled/WHOOP\ NARA-vps-only-compute/.derived/compute-final-macos/Build/Intermediates.noindex/ComputeChecks.build/Debug/Strand.build/zh-Hans.lproj/Localizable.stringsdict
/Volumes/Untitled/WHOOP NARA-vps-only-compute/.derived/compute-final-macos/Build/Intermediates.noindex/ComputeChecks.build/Debug/Strand.build/zh-Hans.lproj/Localizable.stringsdict:1:1: note: detected encoding of input file as Unicode (UTF-8) (in target 'Strand' from project 'ComputeChecks')

CopyStringsFile /private/tmp/nara-compute-final-products.fxyjBA/Debug/NOOP\ Staging.app/Contents/Resources/it.lproj/Localizable.stringsdict /Volumes/Untitled/WHOOP\ NARA-vps-only-compute/.derived/compute-final-macos/Build/Intermediates.noindex/ComputeChecks.build/Debug/Strand.build/it.lproj/Localizable.stringsdict (in target 'Strand' from project 'ComputeChecks')
    cd /Volumes/Untitled/WHOOP\ NARA-vps-only-compute/.derived/compute-checks
    builtin-copyStrings --validate --outputencoding UTF-16 --outfilename Localizable.stringsdict --outdir /private/tmp/nara-compute-final-products.fxyjBA/Debug/NOOP\ Staging.app/Contents/Resources/it.lproj -- /Volumes/Untitled/WHOOP\ NARA-vps-only-compute/.derived/compute-final-macos/Build/Intermediates.noindex/ComputeChecks.build/Debug/Strand.build/it.lproj/Localizable.stringsdict
/Volumes/Untitled/WHOOP NARA-vps-only-compute/.derived/compute-final-macos/Build/Intermediates.noindex/ComputeChecks.build/Debug/Strand.build/it.lproj/Localizable.stringsdict:1:1: note: detected encoding of input file as Unicode (UTF-8) (in target 'Strand' from project 'ComputeChecks')

CopyStringsFile /private/tmp/nara-compute-final-products.fxyjBA/Debug/NOOP\ Staging.app/Contents/Resources/fr.lproj/Localizable.stringsdict /Volumes/Untitled/WHOOP\ NARA-vps-only-compute/.derived/compute-final-macos/Build/Intermediates.noindex/ComputeChecks.build/Debug/Strand.build/fr.lproj/Localizable.stringsdict (in target 'Strand' from project 'ComputeChecks')
    cd /Volumes/Untitled/WHOOP\ NARA-vps-only-compute/.derived/compute-checks
    builtin-copyStrings --validate --outputencoding UTF-16 --outfilename Localizable.stringsdict --outdir /private/tmp/nara-compute-final-products.fxyjBA/Debug/NOOP\ Staging.app/Contents/Resources/fr.lproj -- /Volumes/Untitled/WHOOP\ NARA-vps-only-compute/.derived/compute-final-macos/Build/Intermediates.noindex/ComputeChecks.build/Debug/Strand.build/fr.lproj/Localizable.stringsdict
/Volumes/Untitled/WHOOP NARA-vps-only-compute/.derived/compute-final-macos/Build/Intermediates.noindex/ComputeChecks.build/Debug/Strand.build/fr.lproj/Localizable.stringsdict:1:1: note: detected encoding of input file as Unicode (UTF-8) (in target 'Strand' from project 'ComputeChecks')

CopyStringsFile /private/tmp/nara-compute-final-products.fxyjBA/Debug/NOOP\ Staging.app/Contents/Resources/fr.lproj/Localizable.strings /Volumes/Untitled/WHOOP\ NARA-vps-only-compute/.derived/compute-final-macos/Build/Intermediates.noindex/ComputeChecks.build/Debug/Strand.build/fr.lproj/Localizable.strings (in target 'Strand' from project 'ComputeChecks')
    cd /Volumes/Untitled/WHOOP\ NARA-vps-only-compute/.derived/compute-checks
    builtin-copyStrings --validate --outputencoding UTF-16 --outfilename Localizable.strings --outdir /private/tmp/nara-compute-final-products.fxyjBA/Debug/NOOP\ Staging.app/Contents/Resources/fr.lproj -- /Volumes/Untitled/WHOOP\ NARA-vps-only-compute/.derived/compute-final-macos/Build/Intermediates.noindex/ComputeChecks.build/Debug/Strand.build/fr.lproj/Localizable.strings
/Volumes/Untitled/WHOOP NARA-vps-only-compute/.derived/compute-final-macos/Build/Intermediates.noindex/ComputeChecks.build/Debug/Strand.build/fr.lproj/Localizable.strings:1:1: note: detected encoding of input file as Unicode (UTF-8) (in target 'Strand' from project 'ComputeChecks')

CopyStringsFile /private/tmp/nara-compute-final-products.fxyjBA/Debug/NOOP\ Staging.app/Contents/Resources/it.lproj/Localizable.strings /Volumes/Untitled/WHOOP\ NARA-vps-only-compute/.derived/compute-final-macos/Build/Intermediates.noindex/ComputeChecks.build/Debug/Strand.build/it.lproj/Localizable.strings (in target 'Strand' from project 'ComputeChecks')
    cd /Volumes/Untitled/WHOOP\ NARA-vps-only-compute/.derived/compute-checks
    builtin-copyStrings --validate --outputencoding UTF-16 --outfilename Localizable.strings --outdir /private/tmp/nara-compute-final-products.fxyjBA/Debug/NOOP\ Staging.app/Contents/Resources/it.lproj -- /Volumes/Untitled/WHOOP\ NARA-vps-only-compute/.derived/compute-final-macos/Build/Intermediates.noindex/ComputeChecks.build/Debug/Strand.build/it.lproj/Localizable.strings
/Volumes/Untitled/WHOOP NARA-vps-only-compute/.derived/compute-final-macos/Build/Intermediates.noindex/ComputeChecks.build/Debug/Strand.build/it.lproj/Localizable.strings:1:1: note: detected encoding of input file as Unicode (UTF-8) (in target 'Strand' from project 'ComputeChecks')

CopyStringsFile /private/tmp/nara-compute-final-products.fxyjBA/Debug/NOOP\ Staging.app/Contents/Resources/es.lproj/Localizable.stringsdict /Volumes/Untitled/WHOOP\ NARA-vps-only-compute/.derived/compute-final-macos/Build/Intermediates.noindex/ComputeChecks.build/Debug/Strand.build/es.lproj/Localizable.stringsdict (in target 'Strand' from project 'ComputeChecks')
    cd /Volumes/Untitled/WHOOP\ NARA-vps-only-compute/.derived/compute-checks
    builtin-copyStrings --validate --outputencoding UTF-16 --outfilename Localizable.stringsdict --outdir /private/tmp/nara-compute-final-products.fxyjBA/Debug/NOOP\ Staging.app/Contents/Resources/es.lproj -- /Volumes/Untitled/WHOOP\ NARA-vps-only-compute/.derived/compute-final-macos/Build/Intermediates.noindex/ComputeChecks.build/Debug/Strand.build/es.lproj/Localizable.stringsdict
/Volumes/Untitled/WHOOP NARA-vps-only-compute/.derived/compute-final-macos/Build/Intermediates.noindex/ComputeChecks.build/Debug/Strand.build/es.lproj/Localizable.stringsdict:1:1: note: detected encoding of input file as Unicode (UTF-8) (in target 'Strand' from project 'ComputeChecks')

CopyStringsFile /private/tmp/nara-compute-final-products.fxyjBA/Debug/NOOP\ Staging.app/Contents/Resources/es.lproj/Localizable.strings /Volumes/Untitled/WHOOP\ NARA-vps-only-compute/.derived/compute-final-macos/Build/Intermediates.noindex/ComputeChecks.build/Debug/Strand.build/es.lproj/Localizable.strings (in target 'Strand' from project 'ComputeChecks')
    cd /Volumes/Untitled/WHOOP\ NARA-vps-only-compute/.derived/compute-checks
    builtin-copyStrings --validate --outputencoding UTF-16 --outfilename Localizable.strings --outdir /private/tmp/nara-compute-final-products.fxyjBA/Debug/NOOP\ Staging.app/Contents/Resources/es.lproj -- /Volumes/Untitled/WHOOP\ NARA-vps-only-compute/.derived/compute-final-macos/Build/Intermediates.noindex/ComputeChecks.build/Debug/Strand.build/es.lproj/Localizable.strings
/Volumes/Untitled/WHOOP NARA-vps-only-compute/.derived/compute-final-macos/Build/Intermediates.noindex/ComputeChecks.build/Debug/Strand.build/es.lproj/Localizable.strings:1:1: note: detected encoding of input file as Unicode (UTF-8) (in target 'Strand' from project 'ComputeChecks')

CopyStringsFile /private/tmp/nara-compute-final-products.fxyjBA/Debug/NOOP\ Staging.app/Contents/Resources/de.lproj/Localizable.strings /Volumes/Untitled/WHOOP\ NARA-vps-only-compute/.derived/compute-final-macos/Build/Intermediates.noindex/ComputeChecks.build/Debug/Strand.build/de.lproj/Localizable.strings (in target 'Strand' from project 'ComputeChecks')
    cd /Volumes/Untitled/WHOOP\ NARA-vps-only-compute/.derived/compute-checks
    builtin-copyStrings --validate --outputencoding UTF-16 --outfilename Localizable.strings --outdir /private/tmp/nara-compute-final-products.fxyjBA/Debug/NOOP\ Staging.app/Contents/Resources/de.lproj -- /Volumes/Untitled/WHOOP\ NARA-vps-only-compute/.derived/compute-final-macos/Build/Intermediates.noindex/ComputeChecks.build/Debug/Strand.build/de.lproj/Localizable.strings
/Volumes/Untitled/WHOOP NARA-vps-only-compute/.derived/compute-final-macos/Build/Intermediates.noindex/ComputeChecks.build/Debug/Strand.build/de.lproj/Localizable.strings:1:1: note: detected encoding of input file as Unicode (UTF-8) (in target 'Strand' from project 'ComputeChecks')

CopyStringsFile /private/tmp/nara-compute-final-products.fxyjBA/Debug/NOOP\ Staging.app/Contents/Resources/ru.lproj/Localizable.stringsdict /Volumes/Untitled/WHOOP\ NARA-vps-only-compute/.derived/compute-final-macos/Build/Intermediates.noindex/ComputeChecks.build/Debug/Strand.build/ru.lproj/Localizable.stringsdict (in target 'Strand' from project 'ComputeChecks')
    cd /Volumes/Untitled/WHOOP\ NARA-vps-only-compute/.derived/compute-checks
    builtin-copyStrings --validate --outputencoding UTF-16 --outfilename Localizable.stringsdict --outdir /private/tmp/nara-compute-final-products.fxyjBA/Debug/NOOP\ Staging.app/Contents/Resources/ru.lproj -- /Volumes/Untitled/WHOOP\ NARA-vps-only-compute/.derived/compute-final-macos/Build/Intermediates.noindex/ComputeChecks.build/Debug/Strand.build/ru.lproj/Localizable.stringsdict
/Volumes/Untitled/WHOOP NARA-vps-only-compute/.derived/compute-final-macos/Build/Intermediates.noindex/ComputeChecks.build/Debug/Strand.build/ru.lproj/Localizable.stringsdict:1:1: note: detected encoding of input file as Unicode (UTF-8) (in target 'Strand' from project 'ComputeChecks')

CopyStringsFile /private/tmp/nara-compute-final-products.fxyjBA/Debug/NOOP\ Staging.app/Contents/Resources/ru.lproj/Localizable.strings /Volumes/Untitled/WHOOP\ NARA-vps-only-compute/.derived/compute-final-macos/Build/Intermediates.noindex/ComputeChecks.build/Debug/Strand.build/ru.lproj/Localizable.strings (in target 'Strand' from project 'ComputeChecks')
    cd /Volumes/Untitled/WHOOP\ NARA-vps-only-compute/.derived/compute-checks
    builtin-copyStrings --validate --outputencoding UTF-16 --outfilename Localizable.strings --outdir /private/tmp/nara-compute-final-products.fxyjBA/Debug/NOOP\ Staging.app/Contents/Resources/ru.lproj -- /Volumes/Untitled/WHOOP\ NARA-vps-only-compute/.derived/compute-final-macos/Build/Intermediates.noindex/ComputeChecks.build/Debug/Strand.build/ru.lproj/Localizable.strings
/Volumes/Untitled/WHOOP NARA-vps-only-compute/.derived/compute-final-macos/Build/Intermediates.noindex/ComputeChecks.build/Debug/Strand.build/ru.lproj/Localizable.strings:1:1: note: detected encoding of input file as Unicode (UTF-8) (in target 'Strand' from project 'ComputeChecks')

CopyStringsFile /private/tmp/nara-compute-final-products.fxyjBA/Debug/NOOP\ Staging.app/Contents/Resources/en.lproj/Localizable.stringsdict /Volumes/Untitled/WHOOP\ NARA-vps-only-compute/.derived/compute-final-macos/Build/Intermediates.noindex/ComputeChecks.build/Debug/Strand.build/en.lproj/Localizable.stringsdict (in target 'Strand' from project 'ComputeChecks')
    cd /Volumes/Untitled/WHOOP\ NARA-vps-only-compute/.derived/compute-checks
    builtin-copyStrings --validate --outputencoding UTF-16 --outfilename Localizable.stringsdict --outdir /private/tmp/nara-compute-final-products.fxyjBA/Debug/NOOP\ Staging.app/Contents/Resources/en.lproj -- /Volumes/Untitled/WHOOP\ NARA-vps-only-compute/.derived/compute-final-macos/Build/Intermediates.noindex/ComputeChecks.build/Debug/Strand.build/en.lproj/Localizable.stringsdict
/Volumes/Untitled/WHOOP NARA-vps-only-compute/.derived/compute-final-macos/Build/Intermediates.noindex/ComputeChecks.build/Debug/Strand.build/en.lproj/Localizable.stringsdict:1:1: note: detected encoding of input file as Unicode (UTF-8) (in target 'Strand' from project 'ComputeChecks')

CopyStringsFile /private/tmp/nara-compute-final-products.fxyjBA/Debug/NOOP\ Staging.app/Contents/Resources/en.lproj/Localizable.strings /Volumes/Untitled/WHOOP\ NARA-vps-only-compute/.derived/compute-final-macos/Build/Intermediates.noindex/ComputeChecks.build/Debug/Strand.build/en.lproj/Localizable.strings (in target 'Strand' from project 'ComputeChecks')
    cd /Volumes/Untitled/WHOOP\ NARA-vps-only-compute/.derived/compute-checks
    builtin-copyStrings --validate --outputencoding UTF-16 --outfilename Localizable.strings --outdir /private/tmp/nara-compute-final-products.fxyjBA/Debug/NOOP\ Staging.app/Contents/Resources/en.lproj -- /Volumes/Untitled/WHOOP\ NARA-vps-only-compute/.derived/compute-final-macos/Build/Intermediates.noindex/ComputeChecks.build/Debug/Strand.build/en.lproj/Localizable.strings
/Volumes/Untitled/WHOOP NARA-vps-only-compute/.derived/compute-final-macos/Build/Intermediates.noindex/ComputeChecks.build/Debug/Strand.build/en.lproj/Localizable.strings:1:1: note: detected encoding of input file as Unicode (UTF-8) (in target 'Strand' from project 'ComputeChecks')

CopyStringsFile /private/tmp/nara-compute-final-products.fxyjBA/Debug/NOOP\ Staging.app/Contents/Resources/de.lproj/Localizable.stringsdict /Volumes/Untitled/WHOOP\ NARA-vps-only-compute/.derived/compute-final-macos/Build/Intermediates.noindex/ComputeChecks.build/Debug/Strand.build/de.lproj/Localizable.stringsdict (in target 'Strand' from project 'ComputeChecks')
    cd /Volumes/Untitled/WHOOP\ NARA-vps-only-compute/.derived/compute-checks
    builtin-copyStrings --validate --outputencoding UTF-16 --outfilename Localizable.stringsdict --outdir /private/tmp/nara-compute-final-products.fxyjBA/Debug/NOOP\ Staging.app/Contents/Resources/de.lproj -- /Volumes/Untitled/WHOOP\ NARA-vps-only-compute/.derived/compute-final-macos/Build/Intermediates.noindex/ComputeChecks.build/Debug/Strand.build/de.lproj/Localizable.stringsdict
/Volumes/Untitled/WHOOP NARA-vps-only-compute/.derived/compute-final-macos/Build/Intermediates.noindex/ComputeChecks.build/Debug/Strand.build/de.lproj/Localizable.stringsdict:1:1: note: detected encoding of input file as Unicode (UTF-8) (in target 'Strand' from project 'ComputeChecks')

CopySwiftLibs /private/tmp/nara-compute-final-products.fxyjBA/Debug/NOOP\ Staging.app (in target 'Strand' from project 'ComputeChecks')
    cd /Volumes/Untitled/WHOOP\ NARA-vps-only-compute/.derived/compute-checks
    builtin-swiftStdLibTool --copy --verbose --sign - --scan-executable /private/tmp/nara-compute-final-products.fxyjBA/Debug/NOOP\ Staging.app/Contents/MacOS/NOOP\ Staging --scan-folder /private/tmp/nara-compute-final-products.fxyjBA/Debug/NOOP\ Staging.app/Contents/Frameworks --scan-folder /private/tmp/nara-compute-final-products.fxyjBA/Debug/NOOP\ Staging.app/Contents/PlugIns --scan-folder /private/tmp/nara-compute-final-products.fxyjBA/Debug/NOOP\ Staging.app/Contents/Library/SystemExtensions --scan-folder /private/tmp/nara-compute-final-products.fxyjBA/Debug/NOOP\ Staging.app/Contents/Extensions --scan-folder /private/tmp/nara-compute-final-products.fxyjBA/Debug/PackageFrameworks/WhoopProtocol_1411B0721344D06C_PackageProduct.framework --scan-folder /private/tmp/nara-compute-final-products.fxyjBA/Debug/PackageFrameworks/WhoopStore_71292FE4CC321224_PackageProduct.framework --scan-folder /private/tmp/nara-compute-final-products.fxyjBA/Debug/PackageFrameworks/ZIPFoundation_-14A6248D789D2CE9_PackageProduct.framework --scan-folder /private/tmp/nara-compute-final-products.fxyjBA/Debug/PackageFrameworks/OuraProtocol_-C8A38B4B7B3C10B_PackageProduct.framework --platform macosx --toolchain /Volumes/External\ SSD/Xcode.app/Contents/Developer/Toolchains/XcodeDefault.xctoolchain --destination /private/tmp/nara-compute-final-products.fxyjBA/Debug/NOOP\ Staging.app/Contents/Frameworks --strip-bitcode --strip-bitcode-tool /Volumes/External\ SSD/Xcode.app/Contents/Developer/Toolchains/XcodeDefault.xctoolchain/usr/bin/bitcode_strip --emit-dependency-info /Volumes/Untitled/WHOOP\ NARA-vps-only-compute/.derived/compute-final-macos/Build/Intermediates.noindex/ComputeChecks.build/Debug/Strand.build/SwiftStdLibToolInputDependencies.dep --filter-for-swift-os --back-deploy-swift-span

ExtractAppIntentsMetadata (in target 'Strand' from project 'ComputeChecks')
    cd /Volumes/Untitled/WHOOP\ NARA-vps-only-compute/.derived/compute-checks
    /Volumes/External\ SSD/Xcode.app/Contents/Developer/Toolchains/XcodeDefault.xctoolchain/usr/bin/appintentsmetadataprocessor --toolchain-dir /Volumes/External\ SSD/Xcode.app/Contents/Developer/Toolchains/XcodeDefault.xctoolchain --module-name Strand --sdk-root /Volumes/External\ SSD/Xcode.app/Contents/Developer/Platforms/MacOSX.platform/Developer/SDKs/MacOSX26.2.sdk --xcode-version 17C529 --platform-family macOS --deployment-target 13.0 --bundle-identifier com.noopapp.noop.staging --output /private/tmp/nara-compute-final-products.fxyjBA/Debug/NOOP\ Staging.app/Contents/Resources --target-triple arm64-apple-macos13.0 --binary-file /private/tmp/nara-compute-final-products.fxyjBA/Debug/NOOP\ Staging.app/Contents/MacOS/NOOP\ Staging --dependency-file /Volumes/Untitled/WHOOP\ NARA-vps-only-compute/.derived/compute-final-macos/Build/Intermediates.noindex/ComputeChecks.build/Debug/Strand.build/Objects-normal/arm64/NOOP\ Staging_dependency_info.dat --stringsdata-file /Volumes/Untitled/WHOOP\ NARA-vps-only-compute/.derived/compute-final-macos/Build/Intermediates.noindex/ComputeChecks.build/Debug/Strand.build/Objects-normal/arm64/ExtractedAppShortcutsMetadata.stringsdata --source-file-list /Volumes/Untitled/WHOOP\ NARA-vps-only-compute/.derived/compute-final-macos/Build/Intermediates.noindex/ComputeChecks.build/Debug/Strand.build/Objects-normal/arm64/NOOP\ Staging.SwiftFileList --metadata-file-list /Volumes/Untitled/WHOOP\ NARA-vps-only-compute/.derived/compute-final-macos/Build/Intermediates.noindex/ComputeChecks.build/Debug/Strand.build/NOOP\ Staging.DependencyMetadataFileList --static-metadata-file-list /Volumes/Untitled/WHOOP\ NARA-vps-only-compute/.derived/compute-final-macos/Build/Intermediates.noindex/ComputeChecks.build/Debug/Strand.build/NOOP\ Staging.DependencyStaticMetadataFileList --swift-const-vals-list /Volumes/Untitled/WHOOP\ NARA-vps-only-compute/.derived/compute-final-macos/Build/Intermediates.noindex/ComputeChecks.build/Debug/Strand.build/Objects-normal/arm64/NOOP\ Staging.SwiftConstValuesFileList --compile-time-extraction --deployment-aware-processing --validate-assistant-intents --no-app-shortcuts-localization
2026-09-21 23:21:16.566 appintentsmetadataprocessor[81397:139802229] Starting appintentsmetadataprocessor export
2026-09-21 23:21:16.664 appintentsmetadataprocessor[81397:139802229] Writing Metadata.appintents
2026-09-21 23:21:16.664 appintentsmetadataprocessor[81397:139802229] Metadata root: /private/tmp/nara-compute-final-products.fxyjBA/Debug/NOOP Staging.app/Contents/Resources/Metadata.appintents

note: Run script build phase 'Stage exact source contracts' will be run during every build because the option to run the script phase "Based on dependency analysis" is unchecked. (in target 'StrandTests' from project 'ComputeChecks')
Copy /private/tmp/nara-compute-final-products.fxyjBA/Debug/NOOP\ Staging.app/Contents/PlugIns/StrandTests.xctest/Contents/Resources/StrandDesign_StrandDesign.bundle /private/tmp/nara-compute-final-products.fxyjBA/Debug/StrandDesign_StrandDesign.bundle (in target 'StrandTests' from project 'ComputeChecks')
    cd /Volumes/Untitled/WHOOP\ NARA-vps-only-compute/.derived/compute-checks
    builtin-copy -exclude .DS_Store -exclude CVS -exclude .svn -exclude .git -exclude .hg -resolve-src-symlinks /private/tmp/nara-compute-final-products.fxyjBA/Debug/StrandDesign_StrandDesign.bundle /private/tmp/nara-compute-final-products.fxyjBA/Debug/NOOP\ Staging.app/Contents/PlugIns/StrandTests.xctest/Contents/Resources

Ld /private/tmp/nara-compute-final-products.fxyjBA/Debug/NOOP\ Staging.app/Contents/PlugIns/StrandTests.xctest/Contents/MacOS/StrandTests normal (in target 'StrandTests' from project 'ComputeChecks')
    cd /Volumes/Untitled/WHOOP\ NARA-vps-only-compute/.derived/compute-checks
    /Volumes/External\ SSD/Xcode.app/Contents/Developer/Toolchains/XcodeDefault.xctoolchain/usr/bin/clang -Xlinker -reproducible -target arm64-apple-macos13.0 -bundle -isysroot /Volumes/External\ SSD/Xcode.app/Contents/Developer/Platforms/MacOSX.platform/Developer/SDKs/MacOSX26.2.sdk -O0 -L/Volumes/Untitled/WHOOP\ NARA-vps-only-compute/.derived/compute-final-macos/Build/Intermediates.noindex/EagerLinkingTBDs/Debug -L/private/tmp/nara-compute-final-products.fxyjBA/Debug -L/Volumes/External\ SSD/Xcode.app/Contents/Developer/Platforms/MacOSX.platform/Developer/usr/lib -F/Volumes/Untitled/WHOOP\ NARA-vps-only-compute/.derived/compute-final-macos/Build/Intermediates.noindex/EagerLinkingTBDs/Debug -F/private/tmp/nara-compute-final-products.fxyjBA/Debug/PackageFrameworks -F/private/tmp/nara-compute-final-products.fxyjBA/Debug/PackageFrameworks -F/private/tmp/nara-compute-final-products.fxyjBA/Debug/PackageFrameworks -F/private/tmp/nara-compute-final-products.fxyjBA/Debug/PackageFrameworks -F/private/tmp/nara-compute-final-products.fxyjBA/Debug/PackageFrameworks -F/private/tmp/nara-compute-final-products.fxyjBA/Debug/PackageFrameworks -F/private/tmp/nara-compute-final-products.fxyjBA/Debug/PackageFrameworks -F/private/tmp/nara-compute-final-products.fxyjBA/Debug/PackageFrameworks -F/private/tmp/nara-compute-final-products.fxyjBA/Debug/PackageFrameworks -F/private/tmp/nara-compute-final-products.fxyjBA/Debug/PackageFrameworks -F/private/tmp/nara-compute-final-products.fxyjBA/Debug/PackageFrameworks -F/private/tmp/nara-compute-final-products.fxyjBA/Debug/PackageFrameworks -F/private/tmp/nara-compute-final-products.fxyjBA/Debug/PackageFrameworks -F/private/tmp/nara-compute-final-products.fxyjBA/Debug/PackageFrameworks -F/private/tmp/nara-compute-final-products.fxyjBA/Debug/PackageFrameworks -F/private/tmp/nara-compute-final-products.fxyjBA/Debug/PackageFrameworks -F/private/tmp/nara-compute-final-products.fxyjBA/Debug/PackageFrameworks -F/private/tmp/nara-compute-final-products.fxyjBA/Debug/PackageFrameworks -F/private/tmp/nara-compute-final-products.fxyjBA/Debug/PackageFrameworks -F/private/tmp/nara-compute-final-products.fxyjBA/Debug/PackageFrameworks -F/private/tmp/nara-compute-final-products.fxyjBA/Debug -iframework /Volumes/External\ SSD/Xcode.app/Contents/Developer/Platforms/MacOSX.platform/Developer/Library/Frameworks -filelist /Volumes/Untitled/WHOOP\ NARA-vps-only-compute/.derived/compute-final-macos/Build/Intermediates.noindex/ComputeChecks.build/Debug/StrandTests.build/Objects-normal/arm64/StrandTests.LinkFileList -Xlinker -rpath -Xlinker /usr/lib/swift -Xlinker -rpath -Xlinker /private/tmp/nara-compute-final-products.fxyjBA/Debug/PackageFrameworks -Xlinker -rpath -Xlinker @loader_path/../Frameworks -Xlinker -rpath -Xlinker @executable_path/../Frameworks -bundle_loader /private/tmp/nara-compute-final-products.fxyjBA/Debug/NOOP\ Staging.app/Contents/MacOS/NOOP\ Staging -Xlinker -object_path_lto -Xlinker /Volumes/Untitled/WHOOP\ NARA-vps-only-compute/.derived/compute-final-macos/Build/Intermediates.noindex/ComputeChecks.build/Debug/StrandTests.build/Objects-normal/arm64/StrandTests_lto.o -rdynamic -Xlinker -no_deduplicate -Xlinker -dependency_info -Xlinker /Volumes/Untitled/WHOOP\ NARA-vps-only-compute/.derived/compute-final-macos/Build/Intermediates.noindex/ComputeChecks.build/Debug/StrandTests.build/Objects-normal/arm64/StrandTests_dependency_info.dat -fobjc-link-runtime -L/Volumes/External\ SSD/Xcode.app/Contents/Developer/Toolchains/XcodeDefault.xctoolchain/usr/lib/swift/macosx -L/usr/lib/swift -Xlinker -add_ast_path -Xlinker /Volumes/Untitled/WHOOP\ NARA-vps-only-compute/.derived/compute-final-macos/Build/Intermediates.noindex/ComputeChecks.build/Debug/StrandTests.build/Objects-normal/arm64/StrandTests.swiftmodule @/Volumes/Untitled/WHOOP\ NARA-vps-only-compute/.derived/compute-final-macos/Build/Intermediates.noindex/ComputeChecks.build/Debug/StrandTests.build/Objects-normal/arm64/StrandTests-linker-args.resp -Wl,-no_warn_duplicate_libraries -Wl,-no_warn_duplicate_libraries -Wl,-no_warn_duplicate_libraries -Wl,-no_warn_duplicate_libraries -Wl,-no_warn_duplicate_libraries -Wl,-no_warn_duplicate_libraries -Wl,-no_warn_duplicate_libraries -Wl,-no_warn_duplicate_libraries -Wl,-no_warn_duplicate_libraries -Wl,-no_warn_duplicate_libraries -Wl,-no_warn_duplicate_libraries -Wl,-no_warn_duplicate_libraries -Wl,-no_warn_duplicate_libraries -Wl,-no_warn_duplicate_libraries -Wl,-no_warn_duplicate_libraries -Wl,-no_warn_duplicate_libraries -Wl,-no_warn_duplicate_libraries -Wl,-no_warn_duplicate_libraries -Wl,-no_warn_duplicate_libraries -Wl,-no_warn_duplicate_libraries -L/opt/homebrew/lib -L/usr/local/lib -lzstd -Xlinker -needed_framework -Xlinker XCTest -framework XCTest -Xlinker -needed-lXCTestSwiftSupport -lXCTestSwiftSupport /private/tmp/nara-compute-final-products.fxyjBA/Debug/PackageFrameworks/WhoopProtocol_1411B0721344D06C_PackageProduct.framework/Versions/A/WhoopProtocol_1411B0721344D06C_PackageProduct /private/tmp/nara-compute-final-products.fxyjBA/Debug/PackageFrameworks/WhoopStore_71292FE4CC321224_PackageProduct.framework/Versions/A/WhoopStore_71292FE4CC321224_PackageProduct /private/tmp/nara-compute-final-products.fxyjBA/Debug/PackageFrameworks/GRDB_5DC4DB053_PackageProduct.framework/Versions/A/GRDB_5DC4DB053_PackageProduct /private/tmp/nara-compute-final-products.fxyjBA/Debug/PackageFrameworks/OuraProtocol_-C8A38B4B7B3C10B_PackageProduct.framework/Versions/A/OuraProtocol_-C8A38B4B7B3C10B_PackageProduct /private/tmp/nara-compute-final-products.fxyjBA/Debug/PackageFrameworks/ZIPFoundation_-14A6248D789D2CE9_PackageProduct.framework/Versions/A/ZIPFoundation_-14A6248D789D2CE9_PackageProduct -Xlinker -no_adhoc_codesign -o /private/tmp/nara-compute-final-products.fxyjBA/Debug/NOOP\ Staging.app/Contents/PlugIns/StrandTests.xctest/Contents/MacOS/StrandTests
ld: warning: building for macOS-13.0, but linking with dylib '/opt/homebrew/opt/zstd/lib/libzstd.1.dylib' which was built for newer version 26.0
ld: warning: building for macOS-13.0, but linking with dylib '@rpath/XCTest.framework/Versions/A/XCTest' which was built for newer version 14.0
ld: warning: building for macOS-13.0, but linking with dylib '@rpath/libXCTestSwiftSupport.dylib' which was built for newer version 14.0

ProcessInfoPlistFile /private/tmp/nara-compute-final-products.fxyjBA/Debug/NOOP\ Staging.app/Contents/PlugIns/StrandTests.xctest/Contents/Info.plist /Volumes/Untitled/WHOOP\ NARA-vps-only-compute/.derived/compute-final-macos/Build/Intermediates.noindex/ComputeChecks.build/Debug/StrandTests.build/empty-StrandTests.plist (in target 'StrandTests' from project 'ComputeChecks')
    cd /Volumes/Untitled/WHOOP\ NARA-vps-only-compute/.derived/compute-checks
    builtin-infoPlistUtility /Volumes/Untitled/WHOOP\ NARA-vps-only-compute/.derived/compute-final-macos/Build/Intermediates.noindex/ComputeChecks.build/Debug/StrandTests.build/empty-StrandTests.plist -producttype com.apple.product-type.bundle.unit-test -expandbuildsettings -platform macosx -scanforprivacyfile /private/tmp/nara-compute-final-products.fxyjBA/Debug/NOOP\ Staging.app/Contents/PlugIns/StrandTests.xctest/Contents/Resources/GRDB_GRDB.bundle -scanforprivacyfile /private/tmp/nara-compute-final-products.fxyjBA/Debug/NOOP\ Staging.app/Contents/PlugIns/StrandTests.xctest/Contents/Resources/StrandDesign_StrandDesign.bundle -scanforprivacyfile /private/tmp/nara-compute-final-products.fxyjBA/Debug/NOOP\ Staging.app/Contents/PlugIns/StrandTests.xctest/Contents/Resources/WhoopProtocol_WhoopProtocol.bundle -scanforprivacyfile /private/tmp/nara-compute-final-products.fxyjBA/Debug/NOOP\ Staging.app/Contents/PlugIns/StrandTests.xctest/Contents/Resources/ZIPFoundation_ZIPFoundation.bundle -o /private/tmp/nara-compute-final-products.fxyjBA/Debug/NOOP\ Staging.app/Contents/PlugIns/StrandTests.xctest/Contents/Info.plist

PhaseScriptExecution Stage\ exact\ source\ contracts /Volumes/Untitled/WHOOP\ NARA-vps-only-compute/.derived/compute-final-macos/Build/Intermediates.noindex/ComputeChecks.build/Debug/StrandTests.build/Script-7948669A6A19C2E6E7A05C75.sh (in target 'StrandTests' from project 'ComputeChecks')
    cd /Volumes/Untitled/WHOOP\ NARA-vps-only-compute/.derived/compute-checks
    export ACTION\=build
    export AD_HOC_CODE_SIGNING_ALLOWED\=YES
    export ALLOW_BUILD_REQUEST_OVERRIDES\=NO
    export ALLOW_TARGET_PLATFORM_SPECIALIZATION\=NO
    export ALTERNATE_GROUP\=staff
    export ALTERNATE_MODE\=u+w,go-w,a+rX
    export ALTERNATE_OWNER\=rahulvijayan
    export ALTERNATIVE_DISTRIBUTION_WEB\=NO
    export ALWAYS_EMBED_SWIFT_STANDARD_LIBRARIES\=NO
    export ALWAYS_SEARCH_USER_PATHS\=NO
    export ALWAYS_USE_SEPARATE_HEADERMAPS\=NO
    export APPLICATION_EXTENSION_API_ONLY\=NO
    export APPLY_RULES_IN_COPY_FILES\=NO
    export APPLY_RULES_IN_COPY_HEADERS\=NO
    export APP_GROUP_ID\=group.com.noopapp.noop.staging
    export APP_SHORTCUTS_ENABLE_FLEXIBLE_MATCHING\=YES
    export ARCHS\=arm64
    export ARCHS_STANDARD\=arm64\ x86_64
    export ARCHS_STANDARD_32_64_BIT\=arm64\ x86_64\ i386
    export ARCHS_STANDARD_32_BIT\=i386
    export ARCHS_STANDARD_64_BIT\=arm64\ x86_64
    export ARCHS_STANDARD_INCLUDING_64_BIT\=arm64\ x86_64
    export AUTOMATICALLY_MERGE_DEPENDENCIES\=NO
    export AUTOMATION_APPLE_EVENTS\=NO
    export AVAILABLE_PLATFORMS\=android\ appletvos\ appletvsimulator\ driverkit\ iphoneos\ iphonesimulator\ macosx\ qnx\ watchos\ watchsimulator\ webassembly\ xros\ xrsimulator
    export BUILD_ACTIVE_RESOURCES_ONLY\=NO
    export BUILD_COMPONENTS\=headers\ build
    export BUILD_DIR\=/private/tmp/nara-compute-final-products.fxyjBA
    export BUILD_LIBRARY_FOR_DISTRIBUTION\=NO
    export BUILD_ROOT\=/private/tmp/nara-compute-final-products.fxyjBA
    export BUILD_STYLE\=
    export BUILD_VARIANTS\=normal
    export BUILT_PRODUCTS_DIR\=/private/tmp/nara-compute-final-products.fxyjBA/Debug
    export BUNDLE_CONTENTS_FOLDER_PATH\=Contents/
    export BUNDLE_CONTENTS_FOLDER_PATH_deep\=Contents/
    export BUNDLE_EXECUTABLE_FOLDER_NAME_deep\=MacOS
    export BUNDLE_EXECUTABLE_FOLDER_PATH\=Contents/MacOS
    export BUNDLE_EXTENSIONS_FOLDER_PATH\=Contents/Extensions
    export BUNDLE_FORMAT\=deep
    export BUNDLE_FRAMEWORKS_FOLDER_PATH\=Contents/Frameworks
    export BUNDLE_ID_PREFIX\=com.noopapp
    export BUNDLE_LOADER\=/private/tmp/nara-compute-final-products.fxyjBA/Debug/NOOP\ Staging.app/Contents/MacOS/NOOP\ Staging
    export BUNDLE_PLUGINS_FOLDER_PATH\=Contents/PlugIns
    export BUNDLE_PRIVATE_HEADERS_FOLDER_PATH\=Contents/PrivateHeaders
    export BUNDLE_PUBLIC_HEADERS_FOLDER_PATH\=Contents/Headers
    export CACHE_ROOT\=/var/folders/rk/rw132g3n6zv9hbqb1tw_ctxm0000gn/C/com.apple.DeveloperTools/26.3-17C529/Xcode
    export CCHROOT\=/var/folders/rk/rw132g3n6zv9hbqb1tw_ctxm0000gn/C/com.apple.DeveloperTools/26.3-17C529/Xcode
    export CHMOD\=/bin/chmod
    export CHOWN\=/usr/sbin/chown
    export CLANG_ANALYZER_NONNULL\=YES
    export CLANG_ANALYZER_NUMBER_OBJECT_CONVERSION\=YES_AGGRESSIVE
    export CLANG_CACHE_FINE_GRAINED_OUTPUTS\=YES
    export CLANG_CXX_LANGUAGE_STANDARD\=gnu++14
    export CLANG_CXX_LIBRARY\=libc++
    export CLANG_ENABLE_EXPLICIT_MODULES\=YES
    export CLANG_ENABLE_MODULES\=YES
    export CLANG_ENABLE_OBJC_ARC\=YES
    export CLANG_ENABLE_OBJC_WEAK\=YES
    export CLANG_MODULES_BUILD_SESSION_FILE\=/Volumes/Untitled/WHOOP\ NARA-vps-only-compute/.derived/compute-final-macos/ModuleCache.noindex/Session.modulevalidation
    export CLANG_WARN_BLOCK_CAPTURE_AUTORELEASING\=YES
    export CLANG_WARN_BOOL_CONVERSION\=YES
    export CLANG_WARN_COMMA\=YES
    export CLANG_WARN_CONSTANT_CONVERSION\=YES
    export CLANG_WARN_DEPRECATED_OBJC_IMPLEMENTATIONS\=YES
    export CLANG_WARN_DIRECT_OBJC_ISA_USAGE\=YES_ERROR
    export CLANG_WARN_DOCUMENTATION_COMMENTS\=YES
    export CLANG_WARN_EMPTY_BODY\=YES
    export CLANG_WARN_ENUM_CONVERSION\=YES
    export CLANG_WARN_INFINITE_RECURSION\=YES
    export CLANG_WARN_INT_CONVERSION\=YES
    export CLANG_WARN_NON_LITERAL_NULL_CONVERSION\=YES
    export CLANG_WARN_OBJC_IMPLICIT_RETAIN_SELF\=YES
    export CLANG_WARN_OBJC_LITERAL_CONVERSION\=YES
    export CLANG_WARN_OBJC_ROOT_CLASS\=YES_ERROR
    export CLANG_WARN_QUOTED_INCLUDE_IN_FRAMEWORK_HEADER\=YES
    export CLANG_WARN_RANGE_LOOP_ANALYSIS\=YES
    export CLANG_WARN_STRICT_PROTOTYPES\=YES
    export CLANG_WARN_SUSPICIOUS_MOVE\=YES
    export CLANG_WARN_UNGUARDED_AVAILABILITY\=YES_AGGRESSIVE
    export CLANG_WARN_UNREACHABLE_CODE\=YES
    export CLANG_WARN__DUPLICATE_METHOD_MATCH\=YES
    export CLASS_FILE_DIR\=/Volumes/Untitled/WHOOP\ NARA-vps-only-compute/.derived/compute-final-macos/Build/Intermediates.noindex/ComputeChecks.build/Debug/StrandTests.build/JavaClasses
    export CLEAN_PRECOMPS\=YES
    export CLONE_HEADERS\=NO
    export CODESIGNING_FOLDER_PATH\=/private/tmp/nara-compute-final-products.fxyjBA/Debug/NOOP\ Staging.app/Contents/PlugIns/StrandTests.xctest
    export CODE_SIGNING_ALLOWED\=YES
    export CODE_SIGNING_REQUIRED\=YES
    export CODE_SIGN_IDENTITY\=-
    export CODE_SIGN_IDENTITY_NO\=Apple\ Development
    export CODE_SIGN_IDENTITY_YES\=-
    export CODE_SIGN_INJECT_BASE_ENTITLEMENTS\=YES
    export CODE_SIGN_STYLE\=Automatic
    export COLOR_DIAGNOSTICS\=NO
    export COMBINE_HIDPI_IMAGES\=YES
    export COMPILATION_CACHE_CAS_PATH\=/Volumes/Untitled/WHOOP\ NARA-vps-only-compute/.derived/compute-final-macos/CompilationCache.noindex
    export COMPILATION_CACHE_KEEP_CAS_DIRECTORY\=YES
    export COMPILER_INDEX_STORE_ENABLE\=Default
    export COMPOSITE_SDK_DIRS\=/Volumes/Untitled/WHOOP\ NARA-vps-only-compute/.derived/compute-final-macos/Build/Intermediates.noindex/CompositeSDKs
    export COMPRESS_PNG_FILES\=NO
    export COMPUTE_TEST_SCRATCH\=/private/tmp/nara-compute-scratch.fOxEWR
    export CONFIGURATION\=Debug
    export CONFIGURATION_BUILD_DIR\=/private/tmp/nara-compute-final-products.fxyjBA/Debug
    export CONFIGURATION_TEMP_DIR\=/Volumes/Untitled/WHOOP\ NARA-vps-only-compute/.derived/compute-final-macos/Build/Intermediates.noindex/ComputeChecks.build/Debug
    export CONTENTS_FOLDER_PATH\=StrandTests.xctest/Contents
    export CONTENTS_FOLDER_PATH_SHALLOW_BUNDLE_NO\=StrandTests.xctest/Contents
    export CONTENTS_FOLDER_PATH_SHALLOW_BUNDLE_YES\=StrandTests.xctest
    export COPYING_PRESERVES_HFS_DATA\=NO
    export COPY_HEADERS_RUN_UNIFDEF\=NO
    export COPY_PHASE_STRIP\=NO
    export CP\=/bin/cp
    export CREATE_INFOPLIST_SECTION_IN_BINARY\=NO
    export CURRENT_ARCH\=undefined_arch
    export CURRENT_PROJECT_VERSION\=371
    export CURRENT_VARIANT\=normal
    export DEAD_CODE_STRIPPING\=NO
    export DEBUGGING_SYMBOLS\=YES
    export DEBUG_INFORMATION_FORMAT\=dwarf-with-dsym
    export DEBUG_INFORMATION_VERSION\=compiler-default
    export DEFAULT_COMPILER\=com.apple.compilers.llvm.clang.1_0
    export DEFAULT_DEXT_INSTALL_PATH\=/System/Library/DriverExtensions
    export DEFAULT_KEXT_INSTALL_PATH\=/System/Library/Extensions
    export DEFINES_MODULE\=NO
    export DEPLOYMENT_LOCATION\=NO
    export DEPLOYMENT_POSTPROCESSING\=NO
    export DEPLOYMENT_TARGET_SETTING_NAME\=MACOSX_DEPLOYMENT_TARGET
    export DEPLOYMENT_TARGET_SUGGESTED_VALUES\=10.13\ 10.14\ 10.15\ 11.0\ 11.1\ 11.2\ 11.3\ 11.4\ 11.5\ 12.0\ 12.2\ 12.3\ 12.4\ 13.0\ 13.1\ 13.2\ 13.3\ 13.4\ 13.5\ 14.0\ 14.1\ 14.2\ 14.3\ 14.4\ 14.5\ 14.6\ 15.0\ 15.1\ 15.2\ 15.3\ 15.4\ 15.5\ 15.6\ 26.0\ 26.1\ 26.2
    export DERIVED_FILES_DIR\=/Volumes/Untitled/WHOOP\ NARA-vps-only-compute/.derived/compute-final-macos/Build/Intermediates.noindex/ComputeChecks.build/Debug/StrandTests.build/DerivedSources
    export DERIVED_FILE_DIR\=/Volumes/Untitled/WHOOP\ NARA-vps-only-compute/.derived/compute-final-macos/Build/Intermediates.noindex/ComputeChecks.build/Debug/StrandTests.build/DerivedSources
    export DERIVED_SOURCES_DIR\=/Volumes/Untitled/WHOOP\ NARA-vps-only-compute/.derived/compute-final-macos/Build/Intermediates.noindex/ComputeChecks.build/Debug/StrandTests.build/DerivedSources
    export DEVELOPER_APPLICATIONS_DIR\=/Volumes/External\ SSD/Xcode.app/Contents/Developer/Applications
    export DEVELOPER_BIN_DIR\=/Volumes/External\ SSD/Xcode.app/Contents/Developer/usr/bin
    export DEVELOPER_DIR\=/Volumes/External\ SSD/Xcode.app/Contents/Developer
    export DEVELOPER_FRAMEWORKS_DIR\=/Volumes/External\ SSD/Xcode.app/Contents/Developer/Library/Frameworks
    export DEVELOPER_FRAMEWORKS_DIR_QUOTED\=/Volumes/External\ SSD/Xcode.app/Contents/Developer/Library/Frameworks
    export DEVELOPER_LIBRARY_DIR\=/Volumes/External\ SSD/Xcode.app/Contents/Developer/Library
    export DEVELOPER_SDK_DIR\=/Volumes/External\ SSD/Xcode.app/Contents/Developer/Platforms/MacOSX.platform/Developer/SDKs
    export DEVELOPER_TOOLS_DIR\=/Volumes/External\ SSD/Xcode.app/Contents/Developer/Tools
    export DEVELOPER_USR_DIR\=/Volumes/External\ SSD/Xcode.app/Contents/Developer/usr
    export DEVELOPMENT_LANGUAGE\=en
    export DIAGNOSE_MISSING_TARGET_DEPENDENCIES\=YES
    export DIFF\=/usr/bin/diff
    export DOCUMENTATION_FOLDER_PATH\=StrandTests.xctest/Contents/Resources/en.lproj/Documentation
    export DONT_GENERATE_INFOPLIST_FILE\=NO
    export DSTROOT\=/tmp/ComputeChecks.dst
    export DT_TOOLCHAIN_DIR\=/Volumes/External\ SSD/Xcode.app/Contents/Developer/Toolchains/XcodeDefault.xctoolchain
    export DWARF_DSYM_FILE_NAME\=StrandTests.xctest.dSYM
    export DWARF_DSYM_FILE_SHOULD_ACCOMPANY_PRODUCT\=NO
    export DWARF_DSYM_FOLDER_PATH\=/private/tmp/nara-compute-final-products.fxyjBA/Debug/NOOP\ Staging.app/Contents/PlugIns
    export DYNAMIC_LIBRARY_EXTENSION\=dylib
    export EAGER_COMPILATION_ALLOW_SCRIPTS\=NO
    export EAGER_LINKING\=NO
    export EMBEDDED_CONTENT_CONTAINS_SWIFT\=NO
    export EMBEDDED_PROFILE_NAME\=embedded.provisionprofile
    export EMBED_ASSET_PACKS_IN_PRODUCT_BUNDLE\=NO
    export EMBED_PACKAGE_RESOURCE_BUNDLE_NAMES\=\ ZIPFoundation_ZIPFoundation\ GRDB_GRDB\ WhoopProtocol_WhoopProtocol\ ZIPFoundation_ZIPFoundation\ StrandDesign_StrandDesign\ GRDB_GRDB\ WhoopProtocol_WhoopProtocol
    export ENABLE_APP_SANDBOX\=NO
    export ENABLE_CODE_COVERAGE\=YES
    export ENABLE_CPLUSPLUS_BOUNDS_SAFE_BUFFERS\=NO
    export ENABLE_C_BOUNDS_SAFETY\=NO
    export ENABLE_DEBUG_DYLIB\=NO
    export ENABLE_DEFAULT_HEADER_SEARCH_PATHS\=YES
    export ENABLE_DEFAULT_SEARCH_PATHS\=YES
    export ENABLE_ENHANCED_SECURITY\=NO
    export ENABLE_HARDENED_RUNTIME\=NO
    export ENABLE_HEADER_DEPENDENCIES\=YES
    export ENABLE_INCOMING_NETWORK_CONNECTIONS\=NO
    export ENABLE_ON_DEMAND_RESOURCES\=NO
    export ENABLE_OUTGOING_NETWORK_CONNECTIONS\=NO
    export ENABLE_POINTER_AUTHENTICATION\=NO
    export ENABLE_PREVIEWS\=NO
    export ENABLE_RESOURCE_ACCESS_AUDIO_INPUT\=NO
    export ENABLE_RESOURCE_ACCESS_BLUETOOTH\=NO
    export ENABLE_RESOURCE_ACCESS_CALENDARS\=NO
    export ENABLE_RESOURCE_ACCESS_CAMERA\=NO
    export ENABLE_RESOURCE_ACCESS_CONTACTS\=NO
    export ENABLE_RESOURCE_ACCESS_LOCATION\=NO
    export ENABLE_RESOURCE_ACCESS_PHOTO_LIBRARY\=NO
    export ENABLE_RESOURCE_ACCESS_PRINTING\=NO
    export ENABLE_RESOURCE_ACCESS_USB\=NO
    export ENABLE_SDK_IMPORTS\=NO
    export ENABLE_SECURITY_COMPILER_WARNINGS\=NO
    export ENABLE_STRICT_OBJC_MSGSEND\=YES
    export ENABLE_TESTABILITY\=YES
    export ENABLE_TESTING_SEARCH_PATHS\=YES
    export ENABLE_USER_SCRIPT_SANDBOXING\=NO
    export ENABLE_XOJIT_PREVIEWS\=YES
    export ENFORCE_VALID_ARCHS\=YES
    export ENTITLEMENTS_DESTINATION\=Signature
    export ENTITLEMENTS_REQUIRED\=NO
    export EXCLUDED_INSTALLSRC_SUBDIRECTORY_PATTERNS\=.DS_Store\ .svn\ .git\ .hg\ CVS
    export EXCLUDED_RECURSIVE_SEARCH_PATH_SUBDIRECTORIES\=\*.nib\ \*.lproj\ \*.framework\ \*.gch\ \*.xcode\*\ \*.xcassets\ \*.icon\ \(\*\)\ .DS_Store\ CVS\ .svn\ .git\ .hg\ \*.pbproj\ \*.pbxproj
    export EXECUTABLES_FOLDER_PATH\=StrandTests.xctest/Contents/Executables
    export EXECUTABLE_FOLDER_PATH\=StrandTests.xctest/Contents/MacOS
    export EXECUTABLE_FOLDER_PATH_SHALLOW_BUNDLE_NO\=StrandTests.xctest/Contents/MacOS
    export EXECUTABLE_FOLDER_PATH_SHALLOW_BUNDLE_YES\=StrandTests.xctest/Contents
    export EXECUTABLE_NAME\=StrandTests
    export EXECUTABLE_PATH\=StrandTests.xctest/Contents/MacOS/StrandTests
    export EXPANDED_CODE_SIGN_IDENTITY\=-
    export EXPANDED_CODE_SIGN_IDENTITY_NAME\=Sign\ to\ Run\ Locally
    export EXTENSIONS_FOLDER_PATH\=StrandTests.xctest/Contents/Extensions
    export FILE_LIST\=/Volumes/Untitled/WHOOP\ NARA-vps-only-compute/.derived/compute-final-macos/Build/Intermediates.noindex/ComputeChecks.build/Debug/StrandTests.build/Objects/LinkFileList
    export FIXED_FILES_DIR\=/Volumes/Untitled/WHOOP\ NARA-vps-only-compute/.derived/compute-final-macos/Build/Intermediates.noindex/ComputeChecks.build/Debug/StrandTests.build/FixedFiles
    export FRAMEWORKS_FOLDER_PATH\=StrandTests.xctest/Contents/Frameworks
    export FRAMEWORK_FLAG_PREFIX\=-framework
    export FRAMEWORK_SEARCH_PATHS\=/private/tmp/nara-compute-final-products.fxyjBA/Debug/PackageFrameworks\ /private/tmp/nara-compute-final-products.fxyjBA/Debug/PackageFrameworks\ /private/tmp/nara-compute-final-products.fxyjBA/Debug/PackageFrameworks\ /private/tmp/nara-compute-final-products.fxyjBA/Debug/PackageFrameworks\ /private/tmp/nara-compute-final-products.fxyjBA/Debug/PackageFrameworks\ /private/tmp/nara-compute-final-products.fxyjBA/Debug/PackageFrameworks\ /private/tmp/nara-compute-final-products.fxyjBA/Debug/PackageFrameworks\ /private/tmp/nara-compute-final-products.fxyjBA/Debug/PackageFrameworks\ /private/tmp/nara-compute-final-products.fxyjBA/Debug/PackageFrameworks\ /private/tmp/nara-compute-final-products.fxyjBA/Debug/PackageFrameworks\ /private/tmp/nara-compute-final-products.fxyjBA/Debug/PackageFrameworks\ /private/tmp/nara-compute-final-products.fxyjBA/Debug/PackageFrameworks\ /private/tmp/nara-compute-final-products.fxyjBA/Debug/PackageFrameworks\ /private/tmp/nara-compute-final-products.fxyjBA/Debug/PackageFrameworks\ /private/tmp/nara-compute-final-products.fxyjBA/Debug/PackageFrameworks\ /private/tmp/nara-compute-final-products.fxyjBA/Debug/PackageFrameworks\ /private/tmp/nara-compute-final-products.fxyjBA/Debug/PackageFrameworks\ /private/tmp/nara-compute-final-products.fxyjBA/Debug/PackageFrameworks\ /private/tmp/nara-compute-final-products.fxyjBA/Debug/PackageFrameworks\ /private/tmp/nara-compute-final-products.fxyjBA/Debug/PackageFrameworks\ /private/tmp/nara-compute-final-products.fxyjBA/Debug\ 
    export FRAMEWORK_VERSION\=A
    export FULL_PRODUCT_NAME\=StrandTests.xctest
    export FUSE_BUILD_PHASES\=YES
    export FUSE_BUILD_SCRIPT_PHASES\=NO
    export GCC3_VERSION\=3.3
    export GCC_C_LANGUAGE_STANDARD\=gnu11
    export GCC_DYNAMIC_NO_PIC\=NO
    export GCC_INLINES_ARE_PRIVATE_EXTERN\=YES
    export GCC_NO_COMMON_BLOCKS\=YES
    export GCC_OPTIMIZATION_LEVEL\=0
    export GCC_PFE_FILE_C_DIALECTS\=c\ objective-c\ c++\ objective-c++
    export GCC_PREPROCESSOR_DEFINITIONS\=\ DEBUG\=1
    export GCC_TREAT_WARNINGS_AS_ERRORS\=NO
    export GCC_VERSION\=com.apple.compilers.llvm.clang.1_0
    export GCC_VERSION_IDENTIFIER\=com_apple_compilers_llvm_clang_1_0
    export GCC_WARN_64_TO_32_BIT_CONVERSION\=YES
    export GCC_WARN_ABOUT_RETURN_TYPE\=YES_ERROR
    export GCC_WARN_UNDECLARED_SELECTOR\=YES
    export GCC_WARN_UNINITIALIZED_AUTOS\=YES_AGGRESSIVE
    export GCC_WARN_UNUSED_FUNCTION\=YES
    export GCC_WARN_UNUSED_VARIABLE\=YES
    export GENERATED_MODULEMAP_DIR\=/Volumes/Untitled/WHOOP\ NARA-vps-only-compute/.derived/compute-final-macos/Build/Intermediates.noindex/GeneratedModuleMaps
    export GENERATE_INFOPLIST_FILE\=YES
    export GENERATE_INTERMEDIATE_TEXT_BASED_STUBS\=YES
    export GENERATE_PKGINFO_FILE\=NO
    export GENERATE_PRELINK_OBJECT_FILE\=NO
    export GENERATE_PROFILING_CODE\=NO
    export GENERATE_TEXT_BASED_STUBS\=NO
    export GID\=20
    export GROUP\=staff
    export HEADERMAP_INCLUDES_FLAT_ENTRIES_FOR_TARGET_BEING_BUILT\=YES
    export HEADERMAP_INCLUDES_FRAMEWORK_ENTRIES_FOR_ALL_PRODUCT_TYPES\=YES
    export HEADERMAP_INCLUDES_FRAMEWORK_ENTRIES_FOR_TARGETS_NOT_BEING_BUILT\=YES
    export HEADERMAP_INCLUDES_NONPUBLIC_NONPRIVATE_HEADERS\=YES
    export HEADERMAP_INCLUDES_PROJECT_HEADERS\=YES
    export HEADERMAP_USES_FRAMEWORK_PREFIX_ENTRIES\=YES
    export HEADERMAP_USES_VFS\=NO
    export HEADER_SEARCH_PATHS\=/Volumes/Untitled/WHOOP\\\ NARA-vps-only-compute/.derived/compute-final-macos/SourcePackages/checkouts/swift-cmark/src/include\ /Volumes/Untitled/WHOOP\\\ NARA-vps-only-compute/.derived/compute-final-macos/SourcePackages/checkouts/swift-cmark/extensions/include\ /Volumes/Untitled/WHOOP\\\ NARA-vps-only-compute/Packages/NoopPush/Sources/CNoopZstd/include\ /private/tmp/nara-compute-final-products.fxyjBA/Debug/include\ 
    export HOME\=/Users/rahulvijayan
    export HOST_ARCH\=arm64
    export HOST_PLATFORM\=macosx
    export ICONV\=/usr/bin/iconv
    export IMPLICIT_DEPENDENCY_DOMAIN\=default
    export INFOPLIST_ENABLE_CFBUNDLEICONS_MERGE\=YES
    export INFOPLIST_EXPAND_BUILD_SETTINGS\=YES
    export INFOPLIST_OUTPUT_FORMAT\=same-as-input
    export INFOPLIST_PATH\=StrandTests.xctest/Contents/Info.plist
    export INFOPLIST_PREPROCESS\=NO
    export INFOSTRINGS_PATH\=StrandTests.xctest/Contents/Resources/en.lproj/InfoPlist.strings
    export INLINE_PRIVATE_FRAMEWORKS\=NO
    export INSTALLAPI_IGNORE_SKIP_INSTALL\=YES
    export INSTALLHDRS_COPY_PHASE\=NO
    export INSTALLHDRS_SCRIPT_PHASE\=NO
    export INSTALL_DIR\=/tmp/ComputeChecks.dst
    export INSTALL_GROUP\=staff
    export INSTALL_MODE_FLAG\=u+w,go-w,a+rX
    export INSTALL_OWNER\=rahulvijayan
    export INSTALL_ROOT\=/tmp/ComputeChecks.dst
    export IOS_UNZIPPERED_TWIN_PREFIX_PATH\=/System/iOSSupport
    export IS_MACCATALYST\=NO
    export IS_UNOPTIMIZED_BUILD\=YES
    export JAVAC_DEFAULT_FLAGS\=-J-Xms64m\ -J-XX:NewSize\=4M\ -J-Dfile.encoding\=UTF8
    export JAVA_APP_STUB\=/System/Library/Frameworks/JavaVM.framework/Resources/MacOS/JavaApplicationStub
    export JAVA_ARCHIVE_CLASSES\=YES
    export JAVA_ARCHIVE_TYPE\=JAR
    export JAVA_COMPILER\=/usr/bin/javac
    export JAVA_FOLDER_PATH\=StrandTests.xctest/Contents/Resources/Java
    export JAVA_FRAMEWORK_RESOURCES_DIRS\=Resources
    export JAVA_JAR_FLAGS\=cv
    export JAVA_SOURCE_SUBDIR\=.
    export JAVA_USE_DEPENDENCIES\=YES
    export JAVA_ZIP_FLAGS\=-urg
    export JIKES_DEFAULT_FLAGS\=+E\ +OLDCSO
    export KASAN_CFLAGS_CLASSIC\=-DKASAN\=1\ -DKASAN_CLASSIC\=1\ -fsanitize\=address\ -mllvm\ -asan-globals-live-support\ -mllvm\ -asan-force-dynamic-shadow
    export KASAN_CFLAGS_TBI\=-DKASAN\=1\ -DKASAN_TBI\=1\ -fsanitize\=kernel-hwaddress\ -mllvm\ -hwasan-recover\=0\ -mllvm\ -hwasan-instrument-atomics\=0\ -mllvm\ -hwasan-instrument-stack\=1\ -mllvm\ -hwasan-generate-tags-with-calls\=1\ -mllvm\ -hwasan-instrument-with-calls\=1\ -mllvm\ -hwasan-use-short-granules\=0\ -mllvm\ -hwasan-memory-access-callback-prefix\=__asan_
    export KASAN_DEFAULT_CFLAGS\=-DKASAN\=1\ -DKASAN_CLASSIC\=1\ -fsanitize\=address\ -mllvm\ -asan-globals-live-support\ -mllvm\ -asan-force-dynamic-shadow
    export KEEP_PRIVATE_EXTERNS\=NO
    export LD_DEPENDENCY_INFO_FILE\=/Volumes/Untitled/WHOOP\ NARA-vps-only-compute/.derived/compute-final-macos/Build/Intermediates.noindex/ComputeChecks.build/Debug/StrandTests.build/Objects-normal/undefined_arch/StrandTests_dependency_info.dat
    export LD_EXPORT_SYMBOLS\=YES
    export LD_GENERATE_MAP_FILE\=NO
    export LD_MAP_FILE_PATH\=/Volumes/Untitled/WHOOP\ NARA-vps-only-compute/.derived/compute-final-macos/Build/Intermediates.noindex/ComputeChecks.build/Debug/StrandTests.build/StrandTests-LinkMap-normal-undefined_arch.txt
    export LD_NO_PIE\=NO
    export LD_QUOTE_LINKER_ARGUMENTS_FOR_COMPILER_DRIVER\=YES
    export LD_RUNPATH_SEARCH_PATHS\=/private/tmp/nara-compute-final-products.fxyjBA/Debug/PackageFrameworks\ /private/tmp/nara-compute-final-products.fxyjBA/Debug/PackageFrameworks\ /private/tmp/nara-compute-final-products.fxyjBA/Debug/PackageFrameworks\ /private/tmp/nara-compute-final-products.fxyjBA/Debug/PackageFrameworks\ /private/tmp/nara-compute-final-products.fxyjBA/Debug/PackageFrameworks\ /private/tmp/nara-compute-final-products.fxyjBA/Debug/PackageFrameworks\ /private/tmp/nara-compute-final-products.fxyjBA/Debug/PackageFrameworks\ /private/tmp/nara-compute-final-products.fxyjBA/Debug/PackageFrameworks\ /private/tmp/nara-compute-final-products.fxyjBA/Debug/PackageFrameworks\ /private/tmp/nara-compute-final-products.fxyjBA/Debug/PackageFrameworks\ /private/tmp/nara-compute-final-products.fxyjBA/Debug/PackageFrameworks\ /private/tmp/nara-compute-final-products.fxyjBA/Debug/PackageFrameworks\ /private/tmp/nara-compute-final-products.fxyjBA/Debug/PackageFrameworks\ /private/tmp/nara-compute-final-products.fxyjBA/Debug/PackageFrameworks\ /private/tmp/nara-compute-final-products.fxyjBA/Debug/PackageFrameworks\ /private/tmp/nara-compute-final-products.fxyjBA/Debug/PackageFrameworks\ /private/tmp/nara-compute-final-products.fxyjBA/Debug/PackageFrameworks\ /private/tmp/nara-compute-final-products.fxyjBA/Debug/PackageFrameworks\ /private/tmp/nara-compute-final-products.fxyjBA/Debug/PackageFrameworks\ /private/tmp/nara-compute-final-products.fxyjBA/Debug/PackageFrameworks\ \ @loader_path/../Frameworks\ @executable_path/../Frameworks\ @loader_path/../Frameworks
    export LD_RUNPATH_SEARCH_PATHS_SHALLOW_BUNDLE_NO\=@loader_path/../Frameworks
    export LD_RUNPATH_SEARCH_PATHS_SHALLOW_BUNDLE_YES\=@loader_path/Frameworks
    export LD_SHARED_CACHE_ELIGIBLE\=Automatic
    export LD_WARN_DUPLICATE_LIBRARIES\=NO
    export LD_WARN_UNUSED_DYLIBS\=NO
    export LEGACY_DEVELOPER_DIR\=/Volumes/External\ SSD/Xcode.app/Contents/PlugIns/Xcode3Core.ideplugin/Contents/SharedSupport/Developer
    export LEX\=lex
    export LIBRARY_DEXT_INSTALL_PATH\=/Library/DriverExtensions
    export LIBRARY_FLAG_NOSPACE\=YES
    export LIBRARY_FLAG_PREFIX\=-l
    export LIBRARY_KEXT_INSTALL_PATH\=/Library/Extensions
    export LIBRARY_SEARCH_PATHS\=/private/tmp/nara-compute-final-products.fxyjBA/Debug\ \ \ /Volumes/External\ SSD/Xcode.app/Contents/Developer/Platforms/MacOSX.platform/Developer/usr/lib
    export LINKER_DISPLAYS_MANGLED_NAMES\=NO
    export LINK_FILE_LIST_normal_arm64\=/Volumes/Untitled/WHOOP\ NARA-vps-only-compute/.derived/compute-final-macos/Build/Intermediates.noindex/ComputeChecks.build/Debug/StrandTests.build/Objects-normal/arm64/StrandTests.LinkFileList
    export LINK_OBJC_RUNTIME\=YES
    export LINK_WITH_STANDARD_LIBRARIES\=YES
    export LLVM_TARGET_TRIPLE_OS_VERSION\=macos13.0
    export LLVM_TARGET_TRIPLE_OS_VERSION_NO\=macos13.0
    export LLVM_TARGET_TRIPLE_OS_VERSION_YES\=macos26.2
    export LLVM_TARGET_TRIPLE_VENDOR\=apple
    export LM_AUX_CONST_METADATA_LIST_PATH_normal_arm64\=/Volumes/Untitled/WHOOP\ NARA-vps-only-compute/.derived/compute-final-macos/Build/Intermediates.noindex/ComputeChecks.build/Debug/StrandTests.build/Objects-normal/arm64/StrandTests.SwiftConstValuesFileList
    export LOCALIZATION_EXPORT_SUPPORTED\=YES
    export LOCALIZATION_PREFERS_STRING_CATALOGS\=NO
    export LOCALIZED_RESOURCES_FOLDER_PATH\=StrandTests.xctest/Contents/Resources/en.lproj
    export LOCALIZED_STRING_MACRO_NAMES\=NSLocalizedString\ CFCopyLocalizedString
    export LOCALIZED_STRING_SWIFTUI_SUPPORT\=YES
    export LOCAL_ADMIN_APPS_DIR\=/Applications/Utilities
    export LOCAL_APPS_DIR\=/Applications
    export LOCAL_DEVELOPER_DIR\=/Library/Developer
    export LOCAL_LIBRARY_DIR\=/Library
    export LOCROOT\=/Volumes/Untitled/WHOOP\ NARA-vps-only-compute/.derived/compute-checks
    export LOCSYMROOT\=/Volumes/Untitled/WHOOP\ NARA-vps-only-compute/.derived/compute-checks
    export MACH_O_TYPE\=mh_bundle
    export MACOSX_DEPLOYMENT_TARGET\=13.0
    export MAC_OS_X_PRODUCT_BUILD_VERSION\=25G83
    export MAC_OS_X_VERSION_ACTUAL\=260602
    export MAC_OS_X_VERSION_MAJOR\=260000
    export MAC_OS_X_VERSION_MINOR\=260600
    export MAKE_MERGEABLE\=NO
    export MARKETING_VERSION\=11.1.1
    export MERGEABLE_LIBRARY\=NO
    export MERGED_BINARY_TYPE\=none
    export MERGE_LINKED_LIBRARIES\=NO
    export METAL_LIBRARY_FILE_BASE\=default
    export METAL_LIBRARY_OUTPUT_DIR\=/private/tmp/nara-compute-final-products.fxyjBA/Debug/NOOP\ Staging.app/Contents/PlugIns/StrandTests.xctest/Contents/Resources
    export MODULES_FOLDER_PATH\=StrandTests.xctest/Contents/Modules
    export MODULE_CACHE_DIR\=/Volumes/Untitled/WHOOP\ NARA-vps-only-compute/.derived/compute-final-macos/ModuleCache.noindex
    export MTL_ENABLE_DEBUG_INFO\=INCLUDE_SOURCE
    export MTL_FAST_MATH\=YES
    export NATIVE_ARCH\=arm64
    export NATIVE_ARCH_32_BIT\=arm
    export NATIVE_ARCH_64_BIT\=arm64
    export NATIVE_ARCH_ACTUAL\=arm64
    export NOOP_SOURCE_REVISION\=development
    export NO_COMMON\=YES
    export OBJECT_FILE_DIR\=/Volumes/Untitled/WHOOP\ NARA-vps-only-compute/.derived/compute-final-macos/Build/Intermediates.noindex/ComputeChecks.build/Debug/StrandTests.build/Objects
    export OBJECT_FILE_DIR_normal\=/Volumes/Untitled/WHOOP\ NARA-vps-only-compute/.derived/compute-final-macos/Build/Intermediates.noindex/ComputeChecks.build/Debug/StrandTests.build/Objects-normal
    export OBJROOT\=/Volumes/Untitled/WHOOP\ NARA-vps-only-compute/.derived/compute-final-macos/Build/Intermediates.noindex
    export ONLY_ACTIVE_ARCH\=YES
    export OS\=MACOS
    export OSAC\=/usr/bin/osacompile
    export OTHER_CFLAGS\=-fmodule-map-file\=/Volumes/Untitled/WHOOP\ NARA-vps-only-compute/.derived/compute-final-macos/Build/Intermediates.noindex/GeneratedModuleMaps/WhoopProtocol.modulemap\ -fmodule-map-file\=/Volumes/Untitled/WHOOP\ NARA-vps-only-compute/.derived/compute-final-macos/Build/Intermediates.noindex/GeneratedModuleMaps/WhoopStore.modulemap\ -fmodule-map-file\=/Volumes/Untitled/WHOOP\ NARA-vps-only-compute/.derived/compute-final-macos/Build/Intermediates.noindex/GeneratedModuleMaps/StrandAnalytics.modulemap\ -fmodule-map-file\=/Volumes/Untitled/WHOOP\\\ NARA-vps-only-compute/.derived/compute-final-macos/SourcePackages/checkouts/GRDB.swift/Sources/CSQLite/module.modulemap\ -fmodule-map-file\=/Volumes/Untitled/WHOOP\ NARA-vps-only-compute/.derived/compute-final-macos/Build/Intermediates.noindex/GeneratedModuleMaps/GRDB.modulemap\ -fmodule-map-file\=/Volumes/Untitled/WHOOP\ NARA-vps-only-compute/.derived/compute-final-macos/Build/Intermediates.noindex/GeneratedModuleMaps/StrandImport.modulemap\ -fmodule-map-file\=/Volumes/Untitled/WHOOP\ NARA-vps-only-compute/.derived/compute-final-macos/Build/Intermediates.noindex/GeneratedModuleMaps/StrandDesign.modulemap\ -fmodule-map-file\=/Volumes/Untitled/WHOOP\ NARA-vps-only-compute/.derived/compute-final-macos/Build/Intermediates.noindex/GeneratedModuleMaps/NetworkImage.modulemap\ -fmodule-map-file\=/Volumes/Untitled/WHOOP\ NARA-vps-only-compute/.derived/compute-final-macos/Build/Intermediates.noindex/GeneratedModuleMaps/MarkdownUI.modulemap\ -fmodule-map-file\=/Volumes/Untitled/WHOOP\ NARA-vps-only-compute/.derived/compute-final-macos/Build/Intermediates.noindex/GeneratedModuleMaps/ZIPFoundation.modulemap\ -fmodule-map-file\=/Volumes/Untitled/WHOOP\ NARA-vps-only-compute/.derived/compute-final-macos/Build/Intermediates.noindex/GeneratedModuleMaps/OuraProtocol.modulemap\ -fmodule-map-file\=/Volumes/Untitled/WHOOP\ NARA-vps-only-compute/.derived/compute-final-macos/Build/Intermediates.noindex/GeneratedModuleMaps/PolarProtocol.modulemap\ -fmodule-map-file\=/Volumes/Untitled/WHOOP\ NARA-vps-only-compute/.derived/compute-final-macos/Build/Intermediates.noindex/GeneratedModuleMaps/CNoopZstd.modulemap\ -fmodule-map-file\=/Volumes/Untitled/WHOOP\ NARA-vps-only-compute/.derived/compute-final-macos/Build/Intermediates.noindex/GeneratedModuleMaps/NoopPush.modulemap\ -fmodule-map-file\=/Volumes/Untitled/WHOOP\ NARA-vps-only-compute/.derived/compute-final-macos/Build/Intermediates.noindex/GeneratedModuleMaps/WhoopProtocol.modulemap\ -fmodule-map-file\=/Volumes/Untitled/WHOOP\ NARA-vps-only-compute/.derived/compute-final-macos/Build/Intermediates.noindex/GeneratedModuleMaps/WhoopStore.modulemap\ -fmodule-map-file\=/Volumes/Untitled/WHOOP\\\ NARA-vps-only-compute/.derived/compute-final-macos/SourcePackages/checkouts/GRDB.swift/Sources/CSQLite/module.modulemap\ -fmodule-map-file\=/Volumes/Untitled/WHOOP\ NARA-vps-only-compute/.derived/compute-final-macos/Build/Intermediates.noindex/GeneratedModuleMaps/GRDB.modulemap\ -fmodule-map-file\=/Volumes/Untitled/WHOOP\ NARA-vps-only-compute/.derived/compute-final-macos/Build/Intermediates.noindex/GeneratedModuleMaps/OuraProtocol.modulemap\ -fmodule-map-file\=/Volumes/Untitled/WHOOP\ NARA-vps-only-compute/.derived/compute-final-macos/Build/Intermediates.noindex/GeneratedModuleMaps/ZIPFoundation.modulemap\ 
    export OTHER_CPLUSPLUSFLAGS\=-fmodule-map-file\=/Volumes/Untitled/WHOOP\ NARA-vps-only-compute/.derived/compute-final-macos/Build/Intermediates.noindex/GeneratedModuleMaps/WhoopProtocol.modulemap\ -fmodule-map-file\=/Volumes/Untitled/WHOOP\ NARA-vps-only-compute/.derived/compute-final-macos/Build/Intermediates.noindex/GeneratedModuleMaps/WhoopStore.modulemap\ -fmodule-map-file\=/Volumes/Untitled/WHOOP\ NARA-vps-only-compute/.derived/compute-final-macos/Build/Intermediates.noindex/GeneratedModuleMaps/StrandAnalytics.modulemap\ -fmodule-map-file\=/Volumes/Untitled/WHOOP\\\ NARA-vps-only-compute/.derived/compute-final-macos/SourcePackages/checkouts/GRDB.swift/Sources/CSQLite/module.modulemap\ -fmodule-map-file\=/Volumes/Untitled/WHOOP\ NARA-vps-only-compute/.derived/compute-final-macos/Build/Intermediates.noindex/GeneratedModuleMaps/GRDB.modulemap\ -fmodule-map-file\=/Volumes/Untitled/WHOOP\ NARA-vps-only-compute/.derived/compute-final-macos/Build/Intermediates.noindex/GeneratedModuleMaps/StrandImport.modulemap\ -fmodule-map-file\=/Volumes/Untitled/WHOOP\ NARA-vps-only-compute/.derived/compute-final-macos/Build/Intermediates.noindex/GeneratedModuleMaps/StrandDesign.modulemap\ -fmodule-map-file\=/Volumes/Untitled/WHOOP\ NARA-vps-only-compute/.derived/compute-final-macos/Build/Intermediates.noindex/GeneratedModuleMaps/NetworkImage.modulemap\ -fmodule-map-file\=/Volumes/Untitled/WHOOP\ NARA-vps-only-compute/.derived/compute-final-macos/Build/Intermediates.noindex/GeneratedModuleMaps/MarkdownUI.modulemap\ -fmodule-map-file\=/Volumes/Untitled/WHOOP\ NARA-vps-only-compute/.derived/compute-final-macos/Build/Intermediates.noindex/GeneratedModuleMaps/ZIPFoundation.modulemap\ -fmodule-map-file\=/Volumes/Untitled/WHOOP\ NARA-vps-only-compute/.derived/compute-final-macos/Build/Intermediates.noindex/GeneratedModuleMaps/OuraProtocol.modulemap\ -fmodule-map-file\=/Volumes/Untitled/WHOOP\ NARA-vps-only-compute/.derived/compute-final-macos/Build/Intermediates.noindex/GeneratedModuleMaps/PolarProtocol.modulemap\ -fmodule-map-file\=/Volumes/Untitled/WHOOP\ NARA-vps-only-compute/.derived/compute-final-macos/Build/Intermediates.noindex/GeneratedModuleMaps/CNoopZstd.modulemap\ -fmodule-map-file\=/Volumes/Untitled/WHOOP\ NARA-vps-only-compute/.derived/compute-final-macos/Build/Intermediates.noindex/GeneratedModuleMaps/NoopPush.modulemap\ -fmodule-map-file\=/Volumes/Untitled/WHOOP\ NARA-vps-only-compute/.derived/compute-final-macos/Build/Intermediates.noindex/GeneratedModuleMaps/WhoopProtocol.modulemap\ -fmodule-map-file\=/Volumes/Untitled/WHOOP\ NARA-vps-only-compute/.derived/compute-final-macos/Build/Intermediates.noindex/GeneratedModuleMaps/WhoopStore.modulemap\ -fmodule-map-file\=/Volumes/Untitled/WHOOP\\\ NARA-vps-only-compute/.derived/compute-final-macos/SourcePackages/checkouts/GRDB.swift/Sources/CSQLite/module.modulemap\ -fmodule-map-file\=/Volumes/Untitled/WHOOP\ NARA-vps-only-compute/.derived/compute-final-macos/Build/Intermediates.noindex/GeneratedModuleMaps/GRDB.modulemap\ -fmodule-map-file\=/Volumes/Untitled/WHOOP\ NARA-vps-only-compute/.derived/compute-final-macos/Build/Intermediates.noindex/GeneratedModuleMaps/OuraProtocol.modulemap\ -fmodule-map-file\=/Volumes/Untitled/WHOOP\ NARA-vps-only-compute/.derived/compute-final-macos/Build/Intermediates.noindex/GeneratedModuleMaps/ZIPFoundation.modulemap\ 
    export OTHER_LDFLAGS\=-Wl,-no_warn_duplicate_libraries\ -Wl,-no_warn_duplicate_libraries\ -Wl,-no_warn_duplicate_libraries\ -Wl,-no_warn_duplicate_libraries\ -Wl,-no_warn_duplicate_libraries\ -Wl,-no_warn_duplicate_libraries\ -Wl,-no_warn_duplicate_libraries\ -Wl,-no_warn_duplicate_libraries\ -Wl,-no_warn_duplicate_libraries\ -Wl,-no_warn_duplicate_libraries\ -Wl,-no_warn_duplicate_libraries\ -Wl,-no_warn_duplicate_libraries\ -Wl,-no_warn_duplicate_libraries\ -Wl,-no_warn_duplicate_libraries\ -Wl,-no_warn_duplicate_libraries\ -Wl,-no_warn_duplicate_libraries\ -Wl,-no_warn_duplicate_libraries\ -Wl,-no_warn_duplicate_libraries\ -Wl,-no_warn_duplicate_libraries\ -Wl,-no_warn_duplicate_libraries\ \ -L/opt/homebrew/lib\ -L/usr/local/lib\ -lzstd
    export OTHER_SWIFT_FLAGS\=-Xcc\ -fmodule-map-file\=/Volumes/Untitled/WHOOP\\\ NARA-vps-only-compute/.derived/compute-final-macos/SourcePackages/checkouts/GRDB.swift/Sources/CSQLite/module.modulemap\ -Xcc\ -fmodule-map-file\=/Volumes/Untitled/WHOOP\ NARA-vps-only-compute/.derived/compute-final-macos/Build/Intermediates.noindex/GeneratedModuleMaps/CNoopZstd.modulemap\ -Xcc\ -fmodule-map-file\=/Volumes/Untitled/WHOOP\\\ NARA-vps-only-compute/.derived/compute-final-macos/SourcePackages/checkouts/GRDB.swift/Sources/CSQLite/module.modulemap\ \ -plugin-path\ /Volumes/External\ SSD/Xcode.app/Contents/Developer/Toolchains/XcodeDefault.xctoolchain/usr/lib/swift/host/plugins/testing
    export PACKAGE_TYPE\=com.apple.package-type.bundle.unit-test
    export PASCAL_STRINGS\=YES
    export PATH\=/Volumes/External\ SSD/Xcode.app/Contents/SharedFrameworks/SwiftBuild.framework/Versions/A/PlugIns/SWBBuildService.bundle/Contents/PlugIns/SWBUniversalPlatformPlugin.bundle/Contents/Frameworks/SWBUniversalPlatform.framework/Resources:/Volumes/External\ SSD/Xcode.app/Contents/Developer/Toolchains/XcodeDefault.xctoolchain/usr/bin:/Volumes/External\ SSD/Xcode.app/Contents/Developer/Toolchains/XcodeDefault.xctoolchain/usr/local/bin:/Volumes/External\ SSD/Xcode.app/Contents/Developer/Toolchains/XcodeDefault.xctoolchain/usr/libexec:/Volumes/External\ SSD/Xcode.app/Contents/Developer/Platforms/MacOSX.platform/usr/bin:/Volumes/External\ SSD/Xcode.app/Contents/Developer/Platforms/MacOSX.platform/usr/local/bin:/Volumes/External\ SSD/Xcode.app/Contents/Developer/Platforms/MacOSX.platform/Developer/usr/bin:/Volumes/External\ SSD/Xcode.app/Contents/Developer/Platforms/MacOSX.platform/Developer/usr/local/bin:/Volumes/External\ SSD/Xcode.app/Contents/Developer/usr/bin:/Volumes/External\ SSD/Xcode.app/Contents/Developer/usr/local/bin:/Users/rahulvijayan/.pyenv/shims:/Users/rahulvijayan/.pyenv/bin:/opt/homebrew/opt/python@3.10/bin:/opt/homebrew/bin:/opt/homebrew/sbin:/Library/Frameworks/Python.framework/Versions/3.9/bin:/usr/local/bin:/System/Cryptexes/App/usr/bin:/usr/bin:/bin:/usr/sbin:/sbin:/var/run/com.apple.security.cryptexd/codex.system/bootstrap/usr/local/bin:/var/run/com.apple.security.cryptexd/codex.system/bootstrap/usr/bin:/var/run/com.apple.security.cryptexd/codex.system/bootstrap/usr/appleinternal/bin:/pkg/env/global/bin:/Library/Apple/usr/bin:/opt/homebrew/lib/node_modules/@openai/codex/node_modules/@openai/codex-darwin-arm64/vendor/aarch64-apple-darwin/codex-path:/Users/rahulvijayan/.codex/tmp/arg0/codex-arg048CuDE:/Users/rahulvijayan/.grok/bin:/Users/rahulvijayan/.bun/bin:/Users/rahulvijayan/.antigravity/antigravity/bin:/opt/homebrew/opt/openjdk@17/bin:/Users/rahulvijayan/.codeium/windsurf/bin:/Users/rahulvijayan/.local/bin:/opt/homebrew/Caskroom/miniforge/base/bin:/opt/homebrew/Caskroom/miniforge/base/condabin:/Users/rahulvijayan/.swiftly/bin:/Users/rahulvijayan/.lmstudio/bin:/Users/rahulvijayan/.maestro/bin:/Users/rahulvijayan/.cursor/extensions/ms-python.debugpy-2026.6.0-darwin-arm64/bundled/scripts/noConfigScripts
    export PATH_PREFIXES_EXCLUDED_FROM_HEADER_DEPENDENCIES\=/usr/include\ /usr/local/include\ /System/Library/Frameworks\ /System/Library/PrivateFrameworks\ /Volumes/External\ SSD/Xcode.app/Contents/Developer/Headers\ /Volumes/External\ SSD/Xcode.app/Contents/Developer/SDKs\ /Volumes/External\ SSD/Xcode.app/Contents/Developer/Platforms
    export PBDEVELOPMENTPLIST_PATH\=StrandTests.xctest/Contents/pbdevelopment.plist
    export PER_ARCH_MODULE_FILE_DIR\=/Volumes/Untitled/WHOOP\ NARA-vps-only-compute/.derived/compute-final-macos/Build/Intermediates.noindex/ComputeChecks.build/Debug/StrandTests.build/Objects-normal/undefined_arch
    export PER_ARCH_OBJECT_FILE_DIR\=/Volumes/Untitled/WHOOP\ NARA-vps-only-compute/.derived/compute-final-macos/Build/Intermediates.noindex/ComputeChecks.build/Debug/StrandTests.build/Objects-normal/undefined_arch
    export PER_VARIANT_OBJECT_FILE_DIR\=/Volumes/Untitled/WHOOP\ NARA-vps-only-compute/.derived/compute-final-macos/Build/Intermediates.noindex/ComputeChecks.build/Debug/StrandTests.build/Objects-normal
    export PKGINFO_FILE_PATH\=/Volumes/Untitled/WHOOP\ NARA-vps-only-compute/.derived/compute-final-macos/Build/Intermediates.noindex/ComputeChecks.build/Debug/StrandTests.build/PkgInfo
    export PKGINFO_PATH\=StrandTests.xctest/Contents/PkgInfo
    export PLATFORM_DEVELOPER_APPLICATIONS_DIR\=/Volumes/External\ SSD/Xcode.app/Contents/Developer/Applications
    export PLATFORM_DEVELOPER_BIN_DIR\=/Volumes/External\ SSD/Xcode.app/Contents/Developer/usr/bin
    export PLATFORM_DEVELOPER_LIBRARY_DIR\=/Volumes/External\ SSD/Xcode.app/Contents/Developer/Library
    export PLATFORM_DEVELOPER_SDK_DIR\=/Volumes/External\ SSD/Xcode.app/Contents/Developer/Platforms/MacOSX.platform/Developer/SDKs
    export PLATFORM_DEVELOPER_TOOLS_DIR\=/Volumes/External\ SSD/Xcode.app/Contents/Developer/Tools
    export PLATFORM_DEVELOPER_USR_DIR\=/Volumes/External\ SSD/Xcode.app/Contents/Developer/usr
    export PLATFORM_DIR\=/Volumes/External\ SSD/Xcode.app/Contents/Developer/Platforms/MacOSX.platform
    export PLATFORM_DISPLAY_NAME\=macOS
    export PLATFORM_FAMILY_NAME\=macOS
    export PLATFORM_NAME\=macosx
    export PLATFORM_PREFERRED_ARCH\=x86_64
    export PLATFORM_PRODUCT_BUILD_VERSION\=25C58
    export PLATFORM_REQUIRES_SWIFT_AUTOLINK_EXTRACT\=NO
    export PLATFORM_REQUIRES_SWIFT_MODULEWRAP\=NO
    export PLIST_FILE_OUTPUT_FORMAT\=same-as-input
    export PLUGINS_FOLDER_PATH\=StrandTests.xctest/Contents/PlugIns
    export PRECOMPS_INCLUDE_HEADERS_FROM_BUILT_PRODUCTS_DIR\=YES
    export PRECOMP_DESTINATION_DIR\=/Volumes/Untitled/WHOOP\ NARA-vps-only-compute/.derived/compute-final-macos/Build/Intermediates.noindex/ComputeChecks.build/Debug/StrandTests.build/PrefixHeaders
    export PRIVATE_HEADERS_FOLDER_PATH\=StrandTests.xctest/Contents/PrivateHeaders
    export PROCESSED_INFOPLIST_PATH\=/Volumes/Untitled/WHOOP\ NARA-vps-only-compute/.derived/compute-final-macos/Build/Intermediates.noindex/ComputeChecks.build/Debug/StrandTests.build/Objects-normal/undefined_arch/Processed-Info.plist
    export PRODUCT_BUNDLE_IDENTIFIER\=com.noopapp.strandtests
    export PRODUCT_BUNDLE_PACKAGE_TYPE\=BNDL
    export PRODUCT_MODULE_NAME\=StrandTests
    export PRODUCT_NAME\=StrandTests
    export PRODUCT_SETTINGS_PATH\=
    export PRODUCT_SPECIFIC_LDFLAGS\=-Xlinker\ -needed_framework\ -Xlinker\ XCTest\ -framework\ XCTest\ -Xlinker\ -needed-lXCTestSwiftSupport\ -lXCTestSwiftSupport
    export PRODUCT_TYPE\=com.apple.product-type.bundle.unit-test
    export PRODUCT_TYPE_SWIFT_STDLIB_TOOL_FLAGS\=--scan-executable\ \"/Volumes/External\ SSD/Xcode.app/Contents/Developer/Platforms/MacOSX.platform/Developer/usr/lib/libXCTestSwiftSupport.dylib\"
    export PROFILING_CODE\=NO
    export PROJECT\=ComputeChecks
    export PROJECT_DERIVED_FILE_DIR\=/Volumes/Untitled/WHOOP\ NARA-vps-only-compute/.derived/compute-final-macos/Build/Intermediates.noindex/ComputeChecks.build/DerivedSources
    export PROJECT_DIR\=/Volumes/Untitled/WHOOP\ NARA-vps-only-compute/.derived/compute-checks
    export PROJECT_FILE_PATH\=/Volumes/Untitled/WHOOP\ NARA-vps-only-compute/.derived/compute-checks/ComputeChecks.xcodeproj
    export PROJECT_GUID\=edc8c60de7576983e41b2c4679aeaa1a
    export PROJECT_NAME\=ComputeChecks
    export PROJECT_TEMP_DIR\=/Volumes/Untitled/WHOOP\ NARA-vps-only-compute/.derived/compute-final-macos/Build/Intermediates.noindex/ComputeChecks.build
    export PROJECT_TEMP_ROOT\=/Volumes/Untitled/WHOOP\ NARA-vps-only-compute/.derived/compute-final-macos/Build/Intermediates.noindex
    export PROVISIONING_PROFILE_REQUIRED\=NO
    export PROVISIONING_PROFILE_SUPPORTED\=YES
    export PUBLIC_HEADERS_FOLDER_PATH\=StrandTests.xctest/Contents/Headers
    export RECOMMENDED_MACOSX_DEPLOYMENT_TARGET\=11.0
    export RECURSIVE_SEARCH_PATHS_FOLLOW_SYMLINKS\=YES
    export REMOVE_CVS_FROM_RESOURCES\=YES
    export REMOVE_GIT_FROM_RESOURCES\=YES
    export REMOVE_HEADERS_FROM_EMBEDDED_BUNDLES\=YES
    export REMOVE_HG_FROM_RESOURCES\=YES
    export REMOVE_STATIC_EXECUTABLES_FROM_EMBEDDED_BUNDLES\=YES
    export REMOVE_SVN_FROM_RESOURCES\=YES
    export RESCHEDULE_INDEPENDENT_HEADERS_PHASES\=YES
    export REZ_COLLECTOR_DIR\=/Volumes/Untitled/WHOOP\ NARA-vps-only-compute/.derived/compute-final-macos/Build/Intermediates.noindex/ComputeChecks.build/Debug/StrandTests.build/ResourceManagerResources
    export REZ_OBJECTS_DIR\=/Volumes/Untitled/WHOOP\ NARA-vps-only-compute/.derived/compute-final-macos/Build/Intermediates.noindex/ComputeChecks.build/Debug/StrandTests.build/ResourceManagerResources/Objects
    export REZ_SEARCH_PATHS\=/private/tmp/nara-compute-final-products.fxyjBA/Debug\ 
    export RUNTIME_EXCEPTION_ALLOW_DYLD_ENVIRONMENT_VARIABLES\=NO
    export RUNTIME_EXCEPTION_ALLOW_JIT\=NO
    export RUNTIME_EXCEPTION_ALLOW_UNSIGNED_EXECUTABLE_MEMORY\=NO
    export RUNTIME_EXCEPTION_DEBUGGING_TOOL\=NO
    export RUNTIME_EXCEPTION_DISABLE_EXECUTABLE_PAGE_PROTECTION\=NO
    export RUNTIME_EXCEPTION_DISABLE_LIBRARY_VALIDATION\=NO
    export SCAN_ALL_SOURCE_FILES_FOR_INCLUDES\=NO
    export SCRIPTS_FOLDER_PATH\=StrandTests.xctest/Contents/Resources/Scripts
    export SCRIPT_INPUT_FILE_COUNT\=0
    export SCRIPT_INPUT_FILE_LIST_COUNT\=0
    export SCRIPT_OUTPUT_FILE_COUNT\=0
    export SCRIPT_OUTPUT_FILE_LIST_COUNT\=0
    export SDKROOT\=/Volumes/External\ SSD/Xcode.app/Contents/Developer/Platforms/MacOSX.platform/Developer/SDKs/MacOSX26.2.sdk
    export SDK_DIR\=/Volumes/External\ SSD/Xcode.app/Contents/Developer/Platforms/MacOSX.platform/Developer/SDKs/MacOSX26.2.sdk
    export SDK_DIR_macosx\=/Volumes/External\ SSD/Xcode.app/Contents/Developer/Platforms/MacOSX.platform/Developer/SDKs/MacOSX26.2.sdk
    export SDK_DIR_macosx26_2\=/Volumes/External\ SSD/Xcode.app/Contents/Developer/Platforms/MacOSX.platform/Developer/SDKs/MacOSX26.2.sdk
    export SDK_NAME\=macosx26.2
    export SDK_NAMES\=macosx26.2
    export SDK_PRODUCT_BUILD_VERSION\=25C58
    export SDK_STAT_CACHE_DIR\=/Volumes/Untitled/WHOOP\ NARA-vps-only-compute/.derived/compute-final-macos
    export SDK_STAT_CACHE_ENABLE\=YES
    export SDK_STAT_CACHE_PATH\=/Volumes/Untitled/WHOOP\ NARA-vps-only-compute/.derived/compute-final-macos/SDKStatCaches.noindex/macosx26.2-25C58-d5e1beac502ab4b3ce476007f4a3006b.sdkstatcache
    export SDK_VERSION\=26.2
    export SDK_VERSION_ACTUAL\=260200
    export SDK_VERSION_MAJOR\=260000
    export SDK_VERSION_MINOR\=260200
    export SED\=/usr/bin/sed
    export SEPARATE_STRIP\=NO
    export SEPARATE_SYMBOL_EDIT\=NO
    export SET_DIR_MODE_OWNER_GROUP\=YES
    export SET_FILE_MODE_OWNER_GROUP\=NO
    export SHALLOW_BUNDLE\=NO
    export SHALLOW_BUNDLE_PLATFORM\=NO
    export SHALLOW_BUNDLE_TRIPLE\=macos
    export SHALLOW_BUNDLE_ios_macabi\=NO
    export SHALLOW_BUNDLE_macos\=NO
    export SHARED_DERIVED_FILE_DIR\=/private/tmp/nara-compute-final-products.fxyjBA/Debug/DerivedSources
    export SHARED_FRAMEWORKS_FOLDER_PATH\=StrandTests.xctest/Contents/SharedFrameworks
    export SHARED_PRECOMPS_DIR\=/Volumes/Untitled/WHOOP\ NARA-vps-only-compute/.derived/compute-final-macos/Build/Intermediates.noindex/PrecompiledHeaders
    export SHARED_SUPPORT_FOLDER_PATH\=StrandTests.xctest/Contents/SharedSupport
    export SKIP_INSTALL\=YES
    export SOURCE_ROOT\=/Volumes/Untitled/WHOOP\ NARA-vps-only-compute/.derived/compute-checks
    export SRCROOT\=/Volumes/Untitled/WHOOP\ NARA-vps-only-compute/.derived/compute-checks
    export STRINGSDATA_DIR\=/Volumes/Untitled/WHOOP\ NARA-vps-only-compute/.derived/compute-final-macos/Build/Intermediates.noindex/ComputeChecks.build/Debug/StrandTests.build/Objects-normal/undefined_arch
    export STRINGSDATA_ROOT\=/Volumes/Untitled/WHOOP\ NARA-vps-only-compute/.derived/compute-final-macos/Build/Intermediates.noindex/ComputeChecks.build/Debug/StrandTests.build
    export STRINGS_FILE_INFOPLIST_RENAME\=YES
    export STRINGS_FILE_OUTPUT_ENCODING\=UTF-16
    export STRING_CATALOG_GENERATE_SYMBOLS\=NO
    export STRIP_BITCODE_FROM_COPIED_FILES\=NO
    export STRIP_INSTALLED_PRODUCT\=NO
    export STRIP_PNG_TEXT\=NO
    export STRIP_STYLE\=non-global
    export STRIP_SWIFT_SYMBOLS\=YES
    export SUPPORTED_PLATFORMS\=macosx
    export SUPPORTS_TEXT_BASED_API\=NO
    export SUPPRESS_WARNINGS\=NO
    export SWIFT_ACTIVE_COMPILATION_CONDITIONS\=DEBUG
    export SWIFT_EMIT_CONST_VALUE_PROTOCOLS\=AppIntent\ EntityQuery\ AppEntity\ TransientEntity\ AppEnum\ AppShortcutProviding\ AppShortcutsProvider\ AnyResolverProviding\ AppIntentsPackage\ DynamicOptionsProvider\ _IntentValueRepresentable\ _AssistantIntentsProvider\ _GenerativeFunctionExtractable\ IntentValueQuery\ Resolver\ AppExtension\ ExtensionPointDefining
    export SWIFT_EMIT_LOC_STRINGS\=YES
    export SWIFT_ENABLE_EXPLICIT_MODULES\=YES
    export SWIFT_OPTIMIZATION_LEVEL\=-Onone
    export SWIFT_PLATFORM_TARGET_PREFIX\=macos
    export SWIFT_RESPONSE_FILE_PATH_normal_arm64\=/Volumes/Untitled/WHOOP\ NARA-vps-only-compute/.derived/compute-final-macos/Build/Intermediates.noindex/ComputeChecks.build/Debug/StrandTests.build/Objects-normal/arm64/StrandTests.SwiftFileList
    export SWIFT_STRICT_CONCURRENCY\=minimal
    export SWIFT_VERSION\=5.0
    export SYMROOT\=/private/tmp/nara-compute-final-products.fxyjBA
    export SYSTEM_ADMIN_APPS_DIR\=/Applications/Utilities
    export SYSTEM_APPS_DIR\=/Applications
    export SYSTEM_CORE_SERVICES_DIR\=/System/Library/CoreServices
    export SYSTEM_DEMOS_DIR\=/Applications/Extras
    export SYSTEM_DEVELOPER_APPS_DIR\=/Volumes/External\ SSD/Xcode.app/Contents/Developer/Applications
    export SYSTEM_DEVELOPER_BIN_DIR\=/Volumes/External\ SSD/Xcode.app/Contents/Developer/usr/bin
    export SYSTEM_DEVELOPER_DEMOS_DIR\=/Volumes/External\ SSD/Xcode.app/Contents/Developer/Applications/Utilities/Built\ Examples
    export SYSTEM_DEVELOPER_DIR\=/Volumes/External\ SSD/Xcode.app/Contents/Developer
    export SYSTEM_DEVELOPER_DOC_DIR\=/Volumes/External\ SSD/Xcode.app/Contents/Developer/ADC\ Reference\ Library
    export SYSTEM_DEVELOPER_GRAPHICS_TOOLS_DIR\=/Volumes/External\ SSD/Xcode.app/Contents/Developer/Applications/Graphics\ Tools
    export SYSTEM_DEVELOPER_JAVA_TOOLS_DIR\=/Volumes/External\ SSD/Xcode.app/Contents/Developer/Applications/Java\ Tools
    export SYSTEM_DEVELOPER_PERFORMANCE_TOOLS_DIR\=/Volumes/External\ SSD/Xcode.app/Contents/Developer/Applications/Performance\ Tools
    export SYSTEM_DEVELOPER_RELEASENOTES_DIR\=/Volumes/External\ SSD/Xcode.app/Contents/Developer/ADC\ Reference\ Library/releasenotes
    export SYSTEM_DEVELOPER_TOOLS\=/Volumes/External\ SSD/Xcode.app/Contents/Developer/Tools
    export SYSTEM_DEVELOPER_TOOLS_DOC_DIR\=/Volumes/External\ SSD/Xcode.app/Contents/Developer/ADC\ Reference\ Library/documentation/DeveloperTools
    export SYSTEM_DEVELOPER_TOOLS_RELEASENOTES_DIR\=/Volumes/External\ SSD/Xcode.app/Contents/Developer/ADC\ Reference\ Library/releasenotes/DeveloperTools
    export SYSTEM_DEVELOPER_USR_DIR\=/Volumes/External\ SSD/Xcode.app/Contents/Developer/usr
    export SYSTEM_DEVELOPER_UTILITIES_DIR\=/Volumes/External\ SSD/Xcode.app/Contents/Developer/Applications/Utilities
    export SYSTEM_DEXT_INSTALL_PATH\=/System/Library/DriverExtensions
    export SYSTEM_DOCUMENTATION_DIR\=/Library/Documentation
    export SYSTEM_EXTENSIONS_FOLDER_PATH\=StrandTests.xctest/Contents/Library/SystemExtensions
    export SYSTEM_EXTENSIONS_FOLDER_PATH_SHALLOW_BUNDLE_NO\=StrandTests.xctest/Contents/Library/SystemExtensions
    export SYSTEM_EXTENSIONS_FOLDER_PATH_SHALLOW_BUNDLE_YES\=StrandTests.xctest/Contents/SystemExtensions
    export SYSTEM_FRAMEWORK_SEARCH_PATHS\=\ \ /Volumes/External\ SSD/Xcode.app/Contents/Developer/Platforms/MacOSX.platform/Developer/Library/Frameworks
    export SYSTEM_KEXT_INSTALL_PATH\=/System/Library/Extensions
    export SYSTEM_LIBRARY_DIR\=/System/Library
    export TAPI_DEMANGLE\=YES
    export TAPI_ENABLE_PROJECT_HEADERS\=NO
    export TAPI_LANGUAGE\=objective-c
    export TAPI_LANGUAGE_STANDARD\=compiler-default
    export TAPI_USE_SRCROOT\=YES
    export TAPI_VERIFY_MODE\=Pedantic
    export TARGETNAME\=StrandTests
    export TARGET_BUILD_DIR\=/private/tmp/nara-compute-final-products.fxyjBA/Debug/NOOP\ Staging.app/Contents/PlugIns
    export TARGET_BUILD_SUBPATH\=/NOOP\ Staging.app/Contents/PlugIns
    export TARGET_NAME\=StrandTests
    export TARGET_TEMP_DIR\=/Volumes/Untitled/WHOOP\ NARA-vps-only-compute/.derived/compute-final-macos/Build/Intermediates.noindex/ComputeChecks.build/Debug/StrandTests.build
    export TEMP_DIR\=/Volumes/Untitled/WHOOP\ NARA-vps-only-compute/.derived/compute-final-macos/Build/Intermediates.noindex/ComputeChecks.build/Debug/StrandTests.build
    export TEMP_FILES_DIR\=/Volumes/Untitled/WHOOP\ NARA-vps-only-compute/.derived/compute-final-macos/Build/Intermediates.noindex/ComputeChecks.build/Debug/StrandTests.build
    export TEMP_FILE_DIR\=/Volumes/Untitled/WHOOP\ NARA-vps-only-compute/.derived/compute-final-macos/Build/Intermediates.noindex/ComputeChecks.build/Debug/StrandTests.build
    export TEMP_ROOT\=/Volumes/Untitled/WHOOP\ NARA-vps-only-compute/.derived/compute-final-macos/Build/Intermediates.noindex
    export TEMP_SANDBOX_DIR\=/Volumes/Untitled/WHOOP\ NARA-vps-only-compute/.derived/compute-final-macos/Build/Intermediates.noindex/TemporaryTaskSandboxes
    export TEST_FRAMEWORK_SEARCH_PATHS\=\ /Volumes/External\ SSD/Xcode.app/Contents/Developer/Platforms/MacOSX.platform/Developer/Library/Frameworks
    export TEST_HOST\=/private/tmp/nara-compute-final-products.fxyjBA/Debug/NOOP\ Staging.app/Contents/MacOS/NOOP\ Staging
    export TEST_LIBRARY_SEARCH_PATHS\=\ /Volumes/External\ SSD/Xcode.app/Contents/Developer/Platforms/MacOSX.platform/Developer/usr/lib
    export TOOLCHAINS\=com.apple.dt.toolchain.XcodeDefault
    export TOOLCHAIN_DIR\=/Volumes/External\ SSD/Xcode.app/Contents/Developer/Toolchains/XcodeDefault.xctoolchain
    export TREAT_MISSING_BASELINES_AS_TEST_FAILURES\=NO
    export TREAT_MISSING_SCRIPT_PHASE_OUTPUTS_AS_ERRORS\=NO
    export UID\=501
    export UNINSTALLED_PRODUCTS_DIR\=/Volumes/Untitled/WHOOP\ NARA-vps-only-compute/.derived/compute-final-macos/Build/Intermediates.noindex/UninstalledProducts
    export UNLOCALIZED_RESOURCES_FOLDER_PATH\=StrandTests.xctest/Contents/Resources
    export UNLOCALIZED_RESOURCES_FOLDER_PATH_SHALLOW_BUNDLE_NO\=StrandTests.xctest/Contents/Resources
    export UNLOCALIZED_RESOURCES_FOLDER_PATH_SHALLOW_BUNDLE_YES\=StrandTests.xctest/Contents
    export UNSTRIPPED_PRODUCT\=NO
    export USER\=rahulvijayan
    export USER_APPS_DIR\=/Users/rahulvijayan/Applications
    export USER_LIBRARY_DIR\=/Users/rahulvijayan/Library
    export USE_DYNAMIC_NO_PIC\=YES
    export USE_HEADERMAP\=YES
    export USE_HEADER_SYMLINKS\=NO
    export VALIDATE_DEVELOPMENT_ASSET_PATHS\=YES_ERROR
    export VALIDATE_PRODUCT\=NO
    export VALID_ARCHS\=arm64\ arm64e\ i386\ x86_64
    export VERBOSE_PBXCP\=NO
    export VERSIONPLIST_PATH\=StrandTests.xctest/Contents/version.plist
    export VERSION_INFO_BUILDER\=rahulvijayan
    export VERSION_INFO_FILE\=StrandTests_vers.c
    export VERSION_INFO_STRING\=\"@\(\#\)PROGRAM:StrandTests\ \ PROJECT:ComputeChecks-371\"
    export WORKSPACE_DIR\=/Volumes/Untitled/WHOOP\ NARA-vps-only-compute/.derived/compute-checks/ComputeChecks.xcodeproj
    export WRAPPER_EXTENSION\=xctest
    export WRAPPER_NAME\=StrandTests.xctest
    export WRAPPER_SUFFIX\=.xctest
    export WRAP_ASSET_PACKS_IN_SEPARATE_DIRECTORIES\=NO
    export XCODE_APP_SUPPORT_DIR\=/Volumes/External\ SSD/Xcode.app/Contents/Developer/Library/Xcode
    export XCODE_PRODUCT_BUILD_VERSION\=17C529
    export XCODE_VERSION_ACTUAL\=2630
    export XCODE_VERSION_MAJOR\=2600
    export XCODE_VERSION_MINOR\=2630
    export XPCSERVICES_FOLDER_PATH\=StrandTests.xctest/Contents/XPCServices
    export YACC\=yacc
    export _BOOL_\=NO
    export _BOOL_NO\=NO
    export _BOOL_YES\=YES
    export _BUILDABLE_SERIALIZATION_KEY\=test-bundle-with-host:\ Path\(_str:\ \"/private/tmp/nara-compute-final-products.fxyjBA/Debug/NOOP\ Staging.app/Contents/MacOS/NOOP\ Staging\"\)
    export _DEVELOPMENT_TEAM_IS_EMPTY\=YES
    export _DISCOVER_COMMAND_LINE_LINKER_INPUTS\=YES
    export _DISCOVER_COMMAND_LINE_LINKER_INPUTS_INCLUDE_WL\=YES
    export _IS_EMPTY_\=YES
    export _LD_MULTIARCH\=YES
    export _MACOSX_DEPLOYMENT_TARGET_IS_EMPTY\=NO
    export _WRAPPER_CONTENTS_DIR\=/Contents
    export _WRAPPER_CONTENTS_DIR_SHALLOW_BUNDLE_NO\=/Contents
    export _WRAPPER_PARENT_PATH\=/..
    export _WRAPPER_PARENT_PATH_SHALLOW_BUNDLE_NO\=/..
    export _WRAPPER_RESOURCES_DIR\=/Resources
    export _WRAPPER_RESOURCES_DIR_SHALLOW_BUNDLE_NO\=/Resources
    export __DIAGNOSE_DEPRECATED_ARCHS\=YES
    export arch\=undefined_arch
    export variant\=normal
    /bin/sh -c /Volumes/Untitled/WHOOP\\\ NARA-vps-only-compute/.derived/compute-final-macos/Build/Intermediates.noindex/ComputeChecks.build/Debug/StrandTests.build/Script-7948669A6A19C2E6E7A05C75.sh
Staged 21 exact source contracts at bf46ef7ff0d6d9d29776fc9388f4a3fcd9290680: /private/tmp/nara-compute-final-products.fxyjBA/Debug/NOOP Staging.app/Contents/PlugIns/StrandTests.xctest/Contents/Resources/SourceContracts

GenerateDSYMFile /private/tmp/nara-compute-final-products.fxyjBA/Debug/NOOP\ Staging.app/Contents/PlugIns/StrandTests.xctest.dSYM /private/tmp/nara-compute-final-products.fxyjBA/Debug/NOOP\ Staging.app/Contents/PlugIns/StrandTests.xctest/Contents/MacOS/StrandTests (in target 'StrandTests' from project 'ComputeChecks')
    cd /Volumes/Untitled/WHOOP\ NARA-vps-only-compute/.derived/compute-checks
    /Volumes/External\ SSD/Xcode.app/Contents/Developer/Toolchains/XcodeDefault.xctoolchain/usr/bin/dsymutil /private/tmp/nara-compute-final-products.fxyjBA/Debug/NOOP\ Staging.app/Contents/PlugIns/StrandTests.xctest/Contents/MacOS/StrandTests -o /private/tmp/nara-compute-final-products.fxyjBA/Debug/NOOP\ Staging.app/Contents/PlugIns/StrandTests.xctest.dSYM

CopySwiftLibs /private/tmp/nara-compute-final-products.fxyjBA/Debug/NOOP\ Staging.app/Contents/PlugIns/StrandTests.xctest (in target 'StrandTests' from project 'ComputeChecks')
    cd /Volumes/Untitled/WHOOP\ NARA-vps-only-compute/.derived/compute-checks
    builtin-swiftStdLibTool --copy --verbose --sign - --scan-executable /private/tmp/nara-compute-final-products.fxyjBA/Debug/NOOP\ Staging.app/Contents/PlugIns/StrandTests.xctest/Contents/MacOS/StrandTests --scan-folder /private/tmp/nara-compute-final-products.fxyjBA/Debug/NOOP\ Staging.app/Contents/PlugIns/StrandTests.xctest/Contents/Frameworks --scan-folder /private/tmp/nara-compute-final-products.fxyjBA/Debug/NOOP\ Staging.app/Contents/PlugIns/StrandTests.xctest/Contents/PlugIns --scan-folder /private/tmp/nara-compute-final-products.fxyjBA/Debug/NOOP\ Staging.app/Contents/PlugIns/StrandTests.xctest/Contents/Library/SystemExtensions --scan-folder /private/tmp/nara-compute-final-products.fxyjBA/Debug/NOOP\ Staging.app/Contents/PlugIns/StrandTests.xctest/Contents/Extensions --scan-folder /private/tmp/nara-compute-final-products.fxyjBA/Debug/PackageFrameworks/WhoopProtocol_1411B0721344D06C_PackageProduct.framework --scan-folder /private/tmp/nara-compute-final-products.fxyjBA/Debug/PackageFrameworks/WhoopStore_71292FE4CC321224_PackageProduct.framework --scan-folder /private/tmp/nara-compute-final-products.fxyjBA/Debug/PackageFrameworks/GRDB_5DC4DB053_PackageProduct.framework --scan-folder /private/tmp/nara-compute-final-products.fxyjBA/Debug/PackageFrameworks/OuraProtocol_-C8A38B4B7B3C10B_PackageProduct.framework --scan-folder /private/tmp/nara-compute-final-products.fxyjBA/Debug/PackageFrameworks/ZIPFoundation_-14A6248D789D2CE9_PackageProduct.framework --platform macosx --toolchain /Volumes/External\ SSD/Xcode.app/Contents/Developer/Toolchains/XcodeDefault.xctoolchain --destination /private/tmp/nara-compute-final-products.fxyjBA/Debug/NOOP\ Staging.app/Contents/PlugIns/StrandTests.xctest/Contents/Frameworks --strip-bitcode --scan-executable /Volumes/External\ SSD/Xcode.app/Contents/Developer/Platforms/MacOSX.platform/Developer/usr/lib/libXCTestSwiftSupport.dylib --strip-bitcode-tool /Volumes/External\ SSD/Xcode.app/Contents/Developer/Toolchains/XcodeDefault.xctoolchain/usr/bin/bitcode_strip --emit-dependency-info /Volumes/Untitled/WHOOP\ NARA-vps-only-compute/.derived/compute-final-macos/Build/Intermediates.noindex/ComputeChecks.build/Debug/StrandTests.build/SwiftStdLibToolInputDependencies.dep --filter-for-swift-os --back-deploy-swift-span

ExtractAppIntentsMetadata (in target 'StrandTests' from project 'ComputeChecks')
    cd /Volumes/Untitled/WHOOP\ NARA-vps-only-compute/.derived/compute-checks
    /Volumes/External\ SSD/Xcode.app/Contents/Developer/Toolchains/XcodeDefault.xctoolchain/usr/bin/appintentsmetadataprocessor --toolchain-dir /Volumes/External\ SSD/Xcode.app/Contents/Developer/Toolchains/XcodeDefault.xctoolchain --module-name StrandTests --sdk-root /Volumes/External\ SSD/Xcode.app/Contents/Developer/Platforms/MacOSX.platform/Developer/SDKs/MacOSX26.2.sdk --xcode-version 17C529 --platform-family macOS --deployment-target 13.0 --bundle-identifier com.noopapp.strandtests --output /private/tmp/nara-compute-final-products.fxyjBA/Debug/NOOP\ Staging.app/Contents/PlugIns/StrandTests.xctest/Contents/Resources --target-triple arm64-apple-macos13.0 --binary-file /private/tmp/nara-compute-final-products.fxyjBA/Debug/NOOP\ Staging.app/Contents/PlugIns/StrandTests.xctest/Contents/MacOS/StrandTests --dependency-file /Volumes/Untitled/WHOOP\ NARA-vps-only-compute/.derived/compute-final-macos/Build/Intermediates.noindex/ComputeChecks.build/Debug/StrandTests.build/Objects-normal/arm64/StrandTests_dependency_info.dat --stringsdata-file /Volumes/Untitled/WHOOP\ NARA-vps-only-compute/.derived/compute-final-macos/Build/Intermediates.noindex/ComputeChecks.build/Debug/StrandTests.build/Objects-normal/arm64/ExtractedAppShortcutsMetadata.stringsdata --source-file-list /Volumes/Untitled/WHOOP\ NARA-vps-only-compute/.derived/compute-final-macos/Build/Intermediates.noindex/ComputeChecks.build/Debug/StrandTests.build/Objects-normal/arm64/StrandTests.SwiftFileList --metadata-file-list /Volumes/Untitled/WHOOP\ NARA-vps-only-compute/.derived/compute-final-macos/Build/Intermediates.noindex/ComputeChecks.build/Debug/StrandTests.build/StrandTests.DependencyMetadataFileList --static-metadata-file-list /Volumes/Untitled/WHOOP\ NARA-vps-only-compute/.derived/compute-final-macos/Build/Intermediates.noindex/ComputeChecks.build/Debug/StrandTests.build/StrandTests.DependencyStaticMetadataFileList --swift-const-vals-list /Volumes/Untitled/WHOOP\ NARA-vps-only-compute/.derived/compute-final-macos/Build/Intermediates.noindex/ComputeChecks.build/Debug/StrandTests.build/Objects-normal/arm64/StrandTests.SwiftConstValuesFileList --compile-time-extraction --deployment-aware-processing --validate-assistant-intents --no-app-shortcuts-localization
2026-09-21 23:21:18.273 appintentsmetadataprocessor[81445:139802365] Starting appintentsmetadataprocessor export
2026-09-21 23:21:18.368 appintentsmetadataprocessor[81445:139802365] Extracted no relevant App Intents symbols, skipping writing output

CodeSign /private/tmp/nara-compute-final-products.fxyjBA/Debug/NOOP\ Staging.app/Contents/PlugIns/StrandTests.xctest (in target 'StrandTests' from project 'ComputeChecks')
    cd /Volumes/Untitled/WHOOP\ NARA-vps-only-compute/.derived/compute-checks
    
    Signing Identity:     "Sign to Run Locally"
    
    /usr/bin/codesign --force --sign - --timestamp\=none --generate-entitlement-der /private/tmp/nara-compute-final-products.fxyjBA/Debug/NOOP\ Staging.app/Contents/PlugIns/StrandTests.xctest

CodeSign /private/tmp/nara-compute-final-products.fxyjBA/Debug/NOOP\ Staging.app (in target 'Strand' from project 'ComputeChecks')
    cd /Volumes/Untitled/WHOOP\ NARA-vps-only-compute/.derived/compute-checks
    
    Signing Identity:     "Sign to Run Locally"
    
    /usr/bin/codesign --force --sign - --entitlements /Volumes/Untitled/WHOOP\ NARA-vps-only-compute/.derived/compute-final-macos/Build/Intermediates.noindex/ComputeChecks.build/Debug/Strand.build/NOOP\ Staging.app.xcent --timestamp\=none --generate-entitlement-der /private/tmp/nara-compute-final-products.fxyjBA/Debug/NOOP\ Staging.app

Validate /private/tmp/nara-compute-final-products.fxyjBA/Debug/NOOP\ Staging.app (in target 'Strand' from project 'ComputeChecks')
    cd /Volumes/Untitled/WHOOP\ NARA-vps-only-compute/.derived/compute-checks
    builtin-validationUtility /private/tmp/nara-compute-final-products.fxyjBA/Debug/NOOP\ Staging.app -no-validate-extension -infoplist-subpath Contents/Info.plist

RegisterWithLaunchServices /private/tmp/nara-compute-final-products.fxyjBA/Debug/NOOP\ Staging.app (in target 'Strand' from project 'ComputeChecks')
    cd /Volumes/Untitled/WHOOP\ NARA-vps-only-compute/.derived/compute-checks
    /System/Library/Frameworks/CoreServices.framework/Versions/Current/Frameworks/LaunchServices.framework/Versions/Current/Support/lsregister -f -R -trusted /private/tmp/nara-compute-final-products.fxyjBA/Debug/NOOP\ Staging.app

note: Removed stale file '/private/tmp/nara-compute-final-products.fxyjBA/Debug/NOOP Staging.app/Contents/Frameworks/NoopPush_-3D72CE08409B84BC_PackageProduct.framework'

note: Removed stale file '/private/tmp/nara-compute-final-products.fxyjBA/Debug/NOOP Staging.app/Contents/Frameworks/StrandAnalytics_6C1A128B06010923_PackageProduct.framework'

note: Removed stale file '/private/tmp/nara-compute-final-products.fxyjBA/Debug/NOOP Staging.app/Contents/Frameworks/StrandDesign_797FB5B04A76ABD2_PackageProduct.framework'

note: Disabling hardened runtime with ad-hoc codesigning. (in target 'Strand' from project 'ComputeChecks')
2026-09-21 23:21:20.440067-0700 NOOP Staging[81470:139802505] [Connection] Unable to get synchronousRemoteObjectProxy, error: Error Domain=NSCocoaErrorDomain Code=4097 "connection to service named com.apple.linkd.autoShortcut" UserInfo={NSDebugDescription=connection to service named com.apple.linkd.autoShortcut}
2026-09-21 23:21:20.440290-0700 NOOP Staging[81470:139802505] [Application] Error registering app with intents framework: Error Domain=NSCocoaErrorDomain Code=4097 "connection to service named com.apple.linkd.autoShortcut" UserInfo={NSDebugDescription=connection to service named com.apple.linkd.autoShortcut}
2026-09-21 23:21:20.440496-0700 NOOP Staging[81470:139802534] [Connection] Unable to get synchronousRemoteObjectProxy, error: Error Domain=NSCocoaErrorDomain Code=4097 "connection to service named com.apple.linkd.autoShortcut" UserInfo={NSDebugDescription=connection to service named com.apple.linkd.autoShortcut}
2026-09-21 23:21:20.440509-0700 NOOP Staging[81470:139802534] [Connection] Unable to re-register with Process Instance Registry, error: Error Domain=NSCocoaErrorDomain Code=4097 "connection to service named com.apple.linkd.autoShortcut" UserInfo={NSDebugDescription=connection to service named com.apple.linkd.autoShortcut}
2026-09-21 23:21:20.440905-0700 NOOP Staging[81470:139802545] [Connection] Unable to get synchronousRemoteObjectProxy, error: Error Domain=NSCocoaErrorDomain Code=4097 "connection to service named com.apple.linkd.autoShortcut" UserInfo={NSDebugDescription=connection to service named com.apple.linkd.autoShortcut}
2026-09-21 23:21:20.440924-0700 NOOP Staging[81470:139802545] [Connection] Unable to re-register with Process Instance Registry, error: Error Domain=NSCocoaErrorDomain Code=4097 "connection to service named com.apple.linkd.autoShortcut" UserInfo={NSDebugDescription=connection to service named com.apple.linkd.autoShortcut}
2026-09-21 23:21:20.441326-0700 NOOP Staging[81470:139802545] [Connection] Will NOT re-try to establish the connection
2026-09-21 23:21:20.441341-0700 NOOP Staging[81470:139802505] [Connection] Unable to get synchronousRemoteObjectProxy, error: Error Domain=NSCocoaErrorDomain Code=4097 "connection to service named com.apple.linkd.autoShortcut" UserInfo={NSDebugDescription=connection to service named com.apple.linkd.autoShortcut}
2026-09-21 23:21:20.441348-0700 NOOP Staging[81470:139802505] [Connection] Unable to re-register with Process Instance Registry, error: Error Domain=NSCocoaErrorDomain Code=4097 "connection to service named com.apple.linkd.autoShortcut" UserInfo={NSDebugDescription=connection to service named com.apple.linkd.autoShortcut}
2026-09-21 23:21:20.471599-0700 NOOP Staging[81470:139802467] ApplePersistenceIgnoreState: Existing state will not be touched. New state will be written to /var/folders/rk/rw132g3n6zv9hbqb1tw_ctxm0000gn/T/com.noopapp.noop.staging.savedState
Test Suite 'Selected tests' started at 2026-09-21 23:21:20.563.
Test Suite 'StrandTests.xctest' started at 2026-09-21 23:21:20.563.
Test Suite 'ScoringSyncControlRenderTests' started at 2026-09-21 23:21:20.563.
Test Case '-[StrandTests.ScoringSyncControlRenderTests testManualSyntheticWindowExplicitOptInOnly]' started.
/Volumes/Untitled/WHOOP NARA-vps-only-compute/StrandTests/ScoringSyncControlRenderTests.swift:232: -[StrandTests.ScoringSyncControlRenderTests testManualSyntheticWindowExplicitOptInOnly] : Test skipped - Manual window is separately opt-in; normal mounted tests never show a window.
Test Case '-[StrandTests.ScoringSyncControlRenderTests testManualSyntheticWindowExplicitOptInOnly]' skipped (0.003 seconds).
Test Case '-[StrandTests.ScoringSyncControlRenderTests testMountedActualJournalOpenBarrierThenReleasedQueue]' started.
Test Case '-[StrandTests.ScoringSyncControlRenderTests testMountedActualJournalOpenBarrierThenReleasedQueue]' passed (0.183 seconds).
Test Case '-[StrandTests.ScoringSyncControlRenderTests testMountedEmptyAccountAtTwoWidthsAndAppearances]' started.
Test Case '-[StrandTests.ScoringSyncControlRenderTests testMountedEmptyAccountAtTwoWidthsAndAppearances]' passed (0.126 seconds).
Test Case '-[StrandTests.ScoringSyncControlRenderTests testMountedFailedRevocationUsesActualSQLiteFailureAndRetainedDenial]' started.
Test Case '-[StrandTests.ScoringSyncControlRenderTests testMountedFailedRevocationUsesActualSQLiteFailureAndRetainedDenial]' passed (0.090 seconds).
Test Case '-[StrandTests.ScoringSyncControlRenderTests testMountedGuestUsesOnlyUniqueInjectedDefaults]' started.
Test Case '-[StrandTests.ScoringSyncControlRenderTests testMountedGuestUsesOnlyUniqueInjectedDefaults]' passed (0.064 seconds).
Test Case '-[StrandTests.ScoringSyncControlRenderTests testMountedNativeAccessibilityTextWhenHostExposesIt]' started.
/Volumes/Untitled/WHOOP NARA-vps-only-compute/StrandTests/ScoringSyncControlRenderTests.swift:171: -[StrandTests.ScoringSyncControlRenderTests testMountedNativeAccessibilityTextWhenHostExposesIt] : Test skipped - SwiftUI native text tree unavailable/incomplete in this host. Pixels are not AX/VoiceOver evidence.
Test Case '-[StrandTests.ScoringSyncControlRenderTests testMountedNativeAccessibilityTextWhenHostExposesIt]' skipped (0.690 seconds).
Test Case '-[StrandTests.ScoringSyncControlRenderTests testMountedRetiredCapturedOwnerHasNoActiveControlAuthority]' started.
Test Case '-[StrandTests.ScoringSyncControlRenderTests testMountedRetiredCapturedOwnerHasNoActiveControlAuthority]' passed (0.066 seconds).
Test Case '-[StrandTests.ScoringSyncControlRenderTests testMountedThreeRealQueuedChangesPreserveDifferentDatesAndBytes]' started.
Test Case '-[StrandTests.ScoringSyncControlRenderTests testMountedThreeRealQueuedChangesPreserveDifferentDatesAndBytes]' passed (0.081 seconds).
Test Case '-[StrandTests.ScoringSyncControlRenderTests testNativeTextTokenContrastAcrossNamedSurfacesInBothAppearances]' started.
Test Case '-[StrandTests.ScoringSyncControlRenderTests testNativeTextTokenContrastAcrossNamedSurfacesInBothAppearances]' passed (0.001 seconds).
Test Suite 'ScoringSyncControlRenderTests' passed at 2026-09-21 23:21:21.870.
	 Executed 9 tests, with 2 tests skipped and 0 failures (0 unexpected) in 1.304 (1.306) seconds
Test Suite 'StrandTests.xctest' passed at 2026-09-21 23:21:21.870.
	 Executed 9 tests, with 2 tests skipped and 0 failures (0 unexpected) in 1.304 (1.307) seconds
Test Suite 'Selected tests' passed at 2026-09-21 23:21:21.870.
	 Executed 9 tests, with 2 tests skipped and 0 failures (0 unexpected) in 1.304 (1.307) seconds
2026-09-21 23:21:22.154 xcodebuild[81101:139801707] [MT] IDETestOperationsObserverDebug: 2.987 elapsed -- Testing started completed.
2026-09-21 23:21:22.154 xcodebuild[81101:139801707] [MT] IDETestOperationsObserverDebug: 0.000 sec, +0.000 sec -- start
2026-09-21 23:21:22.154 xcodebuild[81101:139801707] [MT] IDETestOperationsObserverDebug: 2.987 sec, +2.987 sec -- end

Test session results, code coverage, and logs:
	/Volumes/Untitled/WHOOP NARA-vps-only-compute/.derived/compute-final-macos/Logs/Test/Test-SyncRenderChecks-2026.09.21_23-21-14--0700.xcresult

** TEST SUCCEEDED **

Testing started
