Building for debugging...
[0/2] Write swift-version-30D7331401001902.txt
Build complete! (0.14s)
Test Suite 'All tests' started at 2026-09-21 23:11:39.104.
Test Suite 'StrandAnalyticsPackageTests.xctest' started at 2026-09-21 23:11:39.104.
Test Suite 'ActivityCostEngineTests' started at 2026-09-21 23:11:39.104.
Test Case '-[StrandAnalyticsTests.ActivityCostEngineTests testConfidenceGate]' started.
Test Case '-[StrandAnalyticsTests.ActivityCostEngineTests testConfidenceGate]' passed (0.002 seconds).
Test Case '-[StrandAnalyticsTests.ActivityCostEngineTests testDaysToBaselineDipThenRecover]' started.
Test Case '-[StrandAnalyticsTests.ActivityCostEngineTests testDaysToBaselineDipThenRecover]' passed (0.001 seconds).
Test Case '-[StrandAnalyticsTests.ActivityCostEngineTests testDaysToBaselineNilWhenNeverRecovers]' started.
Test Case '-[StrandAnalyticsTests.ActivityCostEngineTests testDaysToBaselineNilWhenNeverRecovers]' passed (0.001 seconds).
Test Case '-[StrandAnalyticsTests.ActivityCostEngineTests testDeltaSignAndValueAndBaselineExcludesActive]' started.
Test Case '-[StrandAnalyticsTests.ActivityCostEngineTests testDeltaSignAndValueAndBaselineExcludesActive]' passed (0.001 seconds).
Test Case '-[StrandAnalyticsTests.ActivityCostEngineTests testEmptyInputs]' started.
Test Case '-[StrandAnalyticsTests.ActivityCostEngineTests testEmptyInputs]' passed (0.000 seconds).
Test Case '-[StrandAnalyticsTests.ActivityCostEngineTests testMean]' started.
Test Case '-[StrandAnalyticsTests.ActivityCostEngineTests testMean]' passed (0.000 seconds).
Test Case '-[StrandAnalyticsTests.ActivityCostEngineTests testMissingNextMorningIsSkipped]' started.
Test Case '-[StrandAnalyticsTests.ActivityCostEngineTests testMissingNextMorningIsSkipped]' passed (0.001 seconds).
Test Case '-[StrandAnalyticsTests.ActivityCostEngineTests testNegativeDeltaWhenNextMorningAboveBaseline]' started.
Test Case '-[StrandAnalyticsTests.ActivityCostEngineTests testNegativeDeltaWhenNextMorningAboveBaseline]' passed (0.001 seconds).
Test Case '-[StrandAnalyticsTests.ActivityCostEngineTests testNoRestDaysYieldsEmpty]' started.
Test Case '-[StrandAnalyticsTests.ActivityCostEngineTests testNoRestDaysYieldsEmpty]' passed (0.000 seconds).
Test Case '-[StrandAnalyticsTests.ActivityCostEngineTests testRanking]' started.
Test Case '-[StrandAnalyticsTests.ActivityCostEngineTests testRanking]' passed (0.002 seconds).
Test Case '-[StrandAnalyticsTests.ActivityCostEngineTests testSentenceBarelyMoves]' started.
Test Case '-[StrandAnalyticsTests.ActivityCostEngineTests testSentenceBarelyMoves]' passed (0.000 seconds).
Test Case '-[StrandAnalyticsTests.ActivityCostEngineTests testSentenceDropsDaysClauseWhenNil]' started.
Test Case '-[StrandAnalyticsTests.ActivityCostEngineTests testSentenceDropsDaysClauseWhenNil]' passed (0.000 seconds).
Test Case '-[StrandAnalyticsTests.ActivityCostEngineTests testSentenceFull]' started.
Test Case '-[StrandAnalyticsTests.ActivityCostEngineTests testSentenceFull]' passed (0.000 seconds).
Test Case '-[StrandAnalyticsTests.ActivityCostEngineTests testSentenceLiftDirectionAndSingularDay]' started.
Test Case '-[StrandAnalyticsTests.ActivityCostEngineTests testSentenceLiftDirectionAndSingularDay]' passed (0.000 seconds).
Test Suite 'ActivityCostEngineTests' passed at 2026-09-21 23:11:39.115.
	 Executed 14 tests, with 0 failures (0 unexpected) in 0.010 (0.011) seconds
Test Suite 'ActivityHeatmapTests' started at 2026-09-21 23:11:39.115.
Test Case '-[StrandAnalyticsTests.ActivityHeatmapTests testCalendarArithmeticMatchesTheProlepticGregorian]' started.
Test Case '-[StrandAnalyticsTests.ActivityHeatmapTests testCalendarArithmeticMatchesTheProlepticGregorian]' passed (0.000 seconds).
Test Case '-[StrandAnalyticsTests.ActivityHeatmapTests testEmptyValuesGivesAllNoData]' started.
Test Case '-[StrandAnalyticsTests.ActivityHeatmapTests testEmptyValuesGivesAllNoData]' passed (0.000 seconds).
Test Case '-[StrandAnalyticsTests.ActivityHeatmapTests testGridShapeAndTodayPlacement]' started.
Test Case '-[StrandAnalyticsTests.ActivityHeatmapTests testGridShapeAndTodayPlacement]' passed (0.000 seconds).
Test Case '-[StrandAnalyticsTests.ActivityHeatmapTests testLevelBuckets]' started.
Test Case '-[StrandAnalyticsTests.ActivityHeatmapTests testLevelBuckets]' passed (0.000 seconds).
Test Case '-[StrandAnalyticsTests.ActivityHeatmapTests testOneHugeSessionDoesNotFlattenTheGrid]' started.
Test Case '-[StrandAnalyticsTests.ActivityHeatmapTests testOneHugeSessionDoesNotFlattenTheGrid]' passed (0.000 seconds).
Test Case '-[StrandAnalyticsTests.ActivityHeatmapTests testRampScaleIsPercentileFloored]' started.
Test Case '-[StrandAnalyticsTests.ActivityHeatmapTests testRampScaleIsPercentileFloored]' passed (0.000 seconds).
Test Case '-[StrandAnalyticsTests.ActivityHeatmapTests testStreakAndTotal]' started.
Test Case '-[StrandAnalyticsTests.ActivityHeatmapTests testStreakAndTotal]' passed (0.000 seconds).
Test Case '-[StrandAnalyticsTests.ActivityHeatmapTests testStreakEndsYesterdayWhenTodayEmpty]' started.
Test Case '-[StrandAnalyticsTests.ActivityHeatmapTests testStreakEndsYesterdayWhenTodayEmpty]' passed (0.000 seconds).
Test Case '-[StrandAnalyticsTests.ActivityHeatmapTests testStreakZeroAndGapBreaks]' started.
Test Case '-[StrandAnalyticsTests.ActivityHeatmapTests testStreakZeroAndGapBreaks]' passed (0.000 seconds).
Test Suite 'ActivityHeatmapTests' passed at 2026-09-21 23:11:39.118.
	 Executed 9 tests, with 0 failures (0 unexpected) in 0.002 (0.002) seconds
Test Suite 'AdaptiveExpenditureEngineTests' started at 2026-09-21 23:11:39.118.
Test Case '-[StrandAnalyticsTests.AdaptiveExpenditureEngineTests testConfidenceReflectsCoverageNotTheAnswer]' started.
Test Case '-[StrandAnalyticsTests.AdaptiveExpenditureEngineTests testConfidenceReflectsCoverageNotTheAnswer]' passed (0.007 seconds).
Test Case '-[StrandAnalyticsTests.AdaptiveExpenditureEngineTests testDuplicatedDaysCannotBuyANarrowerIntervalOrHigherConfidence]' started.
Test Case '-[StrandAnalyticsTests.AdaptiveExpenditureEngineTests testDuplicatedDaysCannotBuyANarrowerIntervalOrHigherConfidence]' passed (0.006 seconds).
Test Case '-[StrandAnalyticsTests.AdaptiveExpenditureEngineTests testEstimateIsBracketedByItsInterval]' started.
Test Case '-[StrandAnalyticsTests.AdaptiveExpenditureEngineTests testEstimateIsBracketedByItsInterval]' passed (0.003 seconds).
Test Case '-[StrandAnalyticsTests.AdaptiveExpenditureEngineTests testFullyLoggedWindowKeepsEveryDayItReports]' started.
Test Case '-[StrandAnalyticsTests.AdaptiveExpenditureEngineTests testFullyLoggedWindowKeepsEveryDayItReports]' passed (0.003 seconds).
Test Case '-[StrandAnalyticsTests.AdaptiveExpenditureEngineTests testGainingWeightPutsExpenditureBelowIntake]' started.
Test Case '-[StrandAnalyticsTests.AdaptiveExpenditureEngineTests testGainingWeightPutsExpenditureBelowIntake]' passed (0.003 seconds).
Test Case '-[StrandAnalyticsTests.AdaptiveExpenditureEngineTests testLosingWeightPutsExpenditureAboveIntake]' started.
Test Case '-[StrandAnalyticsTests.AdaptiveExpenditureEngineTests testLosingWeightPutsExpenditureAboveIntake]' passed (0.003 seconds).
Test Case '-[StrandAnalyticsTests.AdaptiveExpenditureEngineTests testShortHistoryYieldsNothing]' started.
Test Case '-[StrandAnalyticsTests.AdaptiveExpenditureEngineTests testShortHistoryYieldsNothing]' passed (0.002 seconds).
Test Case '-[StrandAnalyticsTests.AdaptiveExpenditureEngineTests testSingleDayWeightClusterHasNoSlope]' started.
Test Case '-[StrandAnalyticsTests.AdaptiveExpenditureEngineTests testSingleDayWeightClusterHasNoSlope]' passed (0.000 seconds).
Test Case '-[StrandAnalyticsTests.AdaptiveExpenditureEngineTests testSparseIntakeLoggingYieldsNothing]' started.
Test Case '-[StrandAnalyticsTests.AdaptiveExpenditureEngineTests testSparseIntakeLoggingYieldsNothing]' passed (0.004 seconds).
Test Case '-[StrandAnalyticsTests.AdaptiveExpenditureEngineTests testStableWeightPutsExpenditureAtIntake]' started.
Test Case '-[StrandAnalyticsTests.AdaptiveExpenditureEngineTests testStableWeightPutsExpenditureAtIntake]' passed (0.003 seconds).
Test Case '-[StrandAnalyticsTests.AdaptiveExpenditureEngineTests testTooFewWeighInsYieldsNothing]' started.
Test Case '-[StrandAnalyticsTests.AdaptiveExpenditureEngineTests testTooFewWeighInsYieldsNothing]' passed (0.003 seconds).
Test Case '-[StrandAnalyticsTests.AdaptiveExpenditureEngineTests testUnparseableDayKeyIsRefusedNotTreatedAs1970]' started.
Test Case '-[StrandAnalyticsTests.AdaptiveExpenditureEngineTests testUnparseableDayKeyIsRefusedNotTreatedAs1970]' passed (0.000 seconds).
Test Suite 'AdaptiveExpenditureEngineTests' passed at 2026-09-21 23:11:39.156.
	 Executed 12 tests, with 0 failures (0 unexpected) in 0.038 (0.038) seconds
Test Suite 'AlarmReadbackTests' started at 2026-09-21 23:11:39.156.
Test Case '-[StrandAnalyticsTests.AlarmReadbackTests testCrossStrapIsNotJudged]' started.
Test Case '-[StrandAnalyticsTests.AlarmReadbackTests testCrossStrapIsNotJudged]' passed (0.000 seconds).
Test Case '-[StrandAnalyticsTests.AlarmReadbackTests testMissingAttributionIsNotJudged]' started.
Test Case '-[StrandAnalyticsTests.AlarmReadbackTests testMissingAttributionIsNotJudged]' passed (0.000 seconds).
Test Case '-[StrandAnalyticsTests.AlarmReadbackTests testOnlyAProvenAgreementClearsTheStreak]' started.
Test Case '-[StrandAnalyticsTests.AlarmReadbackTests testOnlyAProvenAgreementClearsTheStreak]' passed (0.000 seconds).
Test Case '-[StrandAnalyticsTests.AlarmReadbackTests testSameStrapAndAgreeing]' started.
Test Case '-[StrandAnalyticsTests.AlarmReadbackTests testSameStrapAndAgreeing]' passed (0.000 seconds).
Test Case '-[StrandAnalyticsTests.AlarmReadbackTests testSameStrapAndDisagreeingIsTheOnlyRealRefusal]' started.
Test Case '-[StrandAnalyticsTests.AlarmReadbackTests testSameStrapAndDisagreeingIsTheOnlyRealRefusal]' passed (0.000 seconds).
Test Case '-[StrandAnalyticsTests.AlarmReadbackTests testSameStrapAtTheToleranceBoundary]' started.
Test Case '-[StrandAnalyticsTests.AlarmReadbackTests testSameStrapAtTheToleranceBoundary]' passed (0.000 seconds).
Test Case '-[StrandAnalyticsTests.AlarmReadbackTests testSuffixShape]' started.
Test Case '-[StrandAnalyticsTests.AlarmReadbackTests testSuffixShape]' passed (0.000 seconds).
Test Suite 'AlarmReadbackTests' passed at 2026-09-21 23:11:39.157.
	 Executed 7 tests, with 0 failures (0 unexpected) in 0.000 (0.001) seconds
Test Suite 'AnalyticsEngineDayBoundsTests' started at 2026-09-21 23:11:39.157.
Test Case '-[StrandAnalyticsTests.AnalyticsEngineDayBoundsTests testAnalyzeDayByteIdenticalToFormatterPrefilteredStreams]' started.
Test Case '-[StrandAnalyticsTests.AnalyticsEngineDayBoundsTests testAnalyzeDayByteIdenticalToFormatterPrefilteredStreams]' passed (1.783 seconds).
Test Case '-[StrandAnalyticsTests.AnalyticsEngineDayBoundsTests testDayStartUtcSecondsIsUtcMidnight]' started.
Test Case '-[StrandAnalyticsTests.AnalyticsEngineDayBoundsTests testDayStartUtcSecondsIsUtcMidnight]' passed (0.000 seconds).
Test Case '-[StrandAnalyticsTests.AnalyticsEngineDayBoundsTests testDayStartUtcSecondsRoundTripsThroughDayString]' started.
Test Case '-[StrandAnalyticsTests.AnalyticsEngineDayBoundsTests testDayStartUtcSecondsRoundTripsThroughDayString]' passed (0.000 seconds).
Test Case '-[StrandAnalyticsTests.AnalyticsEngineDayBoundsTests testExactMidnightEdgesAtFractionalOffset]' started.
Test Case '-[StrandAnalyticsTests.AnalyticsEngineDayBoundsTests testExactMidnightEdgesAtFractionalOffset]' passed (0.000 seconds).
Test Case '-[StrandAnalyticsTests.AnalyticsEngineDayBoundsTests testIntegerBoundsMatchDayStringAcrossMidnightAndOffsets]' started.
Test Case '-[StrandAnalyticsTests.AnalyticsEngineDayBoundsTests testIntegerBoundsMatchDayStringAcrossMidnightAndOffsets]' passed (0.016 seconds).
Test Case '-[StrandAnalyticsTests.AnalyticsEngineDayBoundsTests testMalformedDayFallsBackToEmptyEpochWindowNotATrap]' started.
Test Case '-[StrandAnalyticsTests.AnalyticsEngineDayBoundsTests testMalformedDayFallsBackToEmptyEpochWindowNotATrap]' passed (0.000 seconds).
Test Suite 'AnalyticsEngineDayBoundsTests' passed at 2026-09-21 23:11:40.956.
	 Executed 6 tests, with 0 failures (0 unexpected) in 1.799 (1.800) seconds
Test Suite 'AnalyticsEngineHrOnlyDayTests' started at 2026-09-21 23:11:40.956.
Test Case '-[StrandAnalyticsTests.AnalyticsEngineHrOnlyDayTests testAllHrOnlyDayReportsMeasuredVitalsAndStillMarksItselfHrOnly]' started.
Test Case '-[StrandAnalyticsTests.AnalyticsEngineHrOnlyDayTests testAllHrOnlyDayReportsMeasuredVitalsAndStillMarksItselfHrOnly]' passed (3.264 seconds).
Test Suite 'AnalyticsEngineHrOnlyDayTests' passed at 2026-09-21 23:11:44.220.
	 Executed 1 test, with 0 failures (0 unexpected) in 3.264 (3.264) seconds
Test Suite 'AnalyticsEngineProvidedSleepTests' started at 2026-09-21 23:11:44.220.
Test Case '-[StrandAnalyticsTests.AnalyticsEngineProvidedSleepTests testEmptyProvidedSleepIsByteIdenticalToOmitting]' started.
Test Case '-[StrandAnalyticsTests.AnalyticsEngineProvidedSleepTests testEmptyProvidedSleepIsByteIdenticalToOmitting]' passed (0.338 seconds).
Test Case '-[StrandAnalyticsTests.AnalyticsEngineProvidedSleepTests testLightOnlyProvidedSessionHasRestScore]' started.
Test Case '-[StrandAnalyticsTests.AnalyticsEngineProvidedSleepTests testLightOnlyProvidedSessionHasRestScore]' passed (0.137 seconds).
Test Case '-[StrandAnalyticsTests.AnalyticsEngineProvidedSleepTests testProvidedHypnogramScoresANightWithoutGravity]' started.
Test Case '-[StrandAnalyticsTests.AnalyticsEngineProvidedSleepTests testProvidedHypnogramScoresANightWithoutGravity]' passed (0.287 seconds).
Test Case '-[StrandAnalyticsTests.AnalyticsEngineProvidedSleepTests testProvidedSessionKeepsItsOwnStoredHrvWhenPresent]' started.
Test Case '-[StrandAnalyticsTests.AnalyticsEngineProvidedSleepTests testProvidedSessionKeepsItsOwnStoredHrvWhenPresent]' passed (0.221 seconds).
Test Case '-[StrandAnalyticsTests.AnalyticsEngineProvidedSleepTests testWakeOnlyProvidedSessionHasNoRestScore]' started.
Test Case '-[StrandAnalyticsTests.AnalyticsEngineProvidedSleepTests testWakeOnlyProvidedSessionHasNoRestScore]' passed (0.137 seconds).
Test Suite 'AnalyticsEngineProvidedSleepTests' passed at 2026-09-21 23:11:45.341.
	 Executed 5 tests, with 0 failures (0 unexpected) in 1.120 (1.120) seconds
Test Suite 'AnalyticsEngineRestTraceContractTests' started at 2026-09-21 23:11:45.341.
Test Case '-[StrandAnalyticsTests.AnalyticsEngineRestTraceContractTests testPositiveSleepKeepsExactRestTrace]' started.
Test Case '-[StrandAnalyticsTests.AnalyticsEngineRestTraceContractTests testPositiveSleepKeepsExactRestTrace]' passed (0.136 seconds).
Test Case '-[StrandAnalyticsTests.AnalyticsEngineRestTraceContractTests testWakeOnlySessionOmitsRestScoreAndRestTrace]' started.
Test Case '-[StrandAnalyticsTests.AnalyticsEngineRestTraceContractTests testWakeOnlySessionOmitsRestScoreAndRestTrace]' passed (0.138 seconds).
Test Suite 'AnalyticsEngineRestTraceContractTests' passed at 2026-09-21 23:11:45.615.
	 Executed 2 tests, with 0 failures (0 unexpected) in 0.274 (0.274) seconds
Test Suite 'AnalyticsEngineSleepNeedFloorTests' started at 2026-09-21 23:11:45.615.
Test Case '-[StrandAnalyticsTests.AnalyticsEngineSleepNeedFloorTests testSleepNeedUsesPointOneHourFloorAtAndAcrossBoundary]' started.
Test Case '-[StrandAnalyticsTests.AnalyticsEngineSleepNeedFloorTests testSleepNeedUsesPointOneHourFloorAtAndAcrossBoundary]' passed (0.667 seconds).
Test Suite 'AnalyticsEngineSleepNeedFloorTests' passed at 2026-09-21 23:11:46.282.
	 Executed 1 test, with 0 failures (0 unexpected) in 0.667 (0.667) seconds
Test Suite 'AnalyticsEngineTests' started at 2026-09-21 23:11:46.282.
Test Case '-[StrandAnalyticsTests.AnalyticsEngineTests testAnalyzeDayColdStartRecoveryNil]' started.
Test Case '-[StrandAnalyticsTests.AnalyticsEngineTests testAnalyzeDayColdStartRecoveryNil]' passed (1.187 seconds).
Test Case '-[StrandAnalyticsTests.AnalyticsEngineTests testAnalyzeDayDailyMetricRoundTripsThroughCodable]' started.
Test Case '-[StrandAnalyticsTests.AnalyticsEngineTests testAnalyzeDayDailyMetricRoundTripsThroughCodable]' passed (1.187 seconds).
Test Case '-[StrandAnalyticsTests.AnalyticsEngineTests testAnalyzeDayEmitsGateAndRestTrace]' started.
Test Case '-[StrandAnalyticsTests.AnalyticsEngineTests testAnalyzeDayEmitsGateAndRestTrace]' passed (1.420 seconds).
Test Case '-[StrandAnalyticsTests.AnalyticsEngineTests testAnalyzeDayNoMatchingNight]' started.
Test Case '-[StrandAnalyticsTests.AnalyticsEngineTests testAnalyzeDayNoMatchingNight]' passed (1.163 seconds).
Test Case '-[StrandAnalyticsTests.AnalyticsEngineTests testAnalyzeDayPopulatesParityFields]' started.
Test Case '-[StrandAnalyticsTests.AnalyticsEngineTests testAnalyzeDayPopulatesParityFields]' passed (1.238 seconds).
Test Case '-[StrandAnalyticsTests.AnalyticsEngineTests testAnalyzeDayPopulatesRestAndConfidence]' started.
Test Case '-[StrandAnalyticsTests.AnalyticsEngineTests testAnalyzeDayPopulatesRestAndConfidence]' passed (1.174 seconds).
Test Case '-[StrandAnalyticsTests.AnalyticsEngineTests testAnalyzeDayProducesSleepMetric]' started.
Test Case '-[StrandAnalyticsTests.AnalyticsEngineTests testAnalyzeDayProducesSleepMetric]' passed (1.174 seconds).
Test Case '-[StrandAnalyticsTests.AnalyticsEngineTests testAnalyzeDayStepsAttributedByLocalDay]' started.
Test Case '-[StrandAnalyticsTests.AnalyticsEngineTests testAnalyzeDayStepsAttributedByLocalDay]' passed (0.267 seconds).
Test Case '-[StrandAnalyticsTests.AnalyticsEngineTests testAnalyzeDayWithoutNewStreamsLeavesParityFieldsNil]' started.
Test Case '-[StrandAnalyticsTests.AnalyticsEngineTests testAnalyzeDayWithoutNewStreamsLeavesParityFieldsNil]' passed (1.175 seconds).
Test Case '-[StrandAnalyticsTests.AnalyticsEngineTests testAnalyzeDayWithoutTraceSinkProducesNoLines]' started.
Test Case '-[StrandAnalyticsTests.AnalyticsEngineTests testAnalyzeDayWithoutTraceSinkProducesNoLines]' passed (1.001 seconds).
Test Case '-[StrandAnalyticsTests.AnalyticsEngineTests testBaselineCannotRescueUnverifiedCurrentHrv]' started.
Test Case '-[StrandAnalyticsTests.AnalyticsEngineTests testBaselineCannotRescueUnverifiedCurrentHrv]' passed (0.159 seconds).
Test Case '-[StrandAnalyticsTests.AnalyticsEngineTests testChargeConfidenceTiers]' started.
Test Case '-[StrandAnalyticsTests.AnalyticsEngineTests testChargeConfidenceTiers]' passed (0.000 seconds).
Test Case '-[StrandAnalyticsTests.AnalyticsEngineTests testDayStringEastOfUTC]' started.
Test Case '-[StrandAnalyticsTests.AnalyticsEngineTests testDayStringEastOfUTC]' passed (0.000 seconds).
Test Case '-[StrandAnalyticsTests.AnalyticsEngineTests testDayStringLocalEveningWestOfUTC]' started.
Test Case '-[StrandAnalyticsTests.AnalyticsEngineTests testDayStringLocalEveningWestOfUTC]' passed (0.000 seconds).
Test Case '-[StrandAnalyticsTests.AnalyticsEngineTests testDayStringOffsetZeroMatchesUTC]' started.
Test Case '-[StrandAnalyticsTests.AnalyticsEngineTests testDayStringOffsetZeroMatchesUTC]' passed (0.000 seconds).
Test Case '-[StrandAnalyticsTests.AnalyticsEngineTests testDayStringSamplesSpanningOneLocalDayMapToOneKey]' started.
Test Case '-[StrandAnalyticsTests.AnalyticsEngineTests testDayStringSamplesSpanningOneLocalDayMapToOneKey]' passed (0.000 seconds).
Test Case '-[StrandAnalyticsTests.AnalyticsEngineTests testDayStringUTC]' started.
Test Case '-[StrandAnalyticsTests.AnalyticsEngineTests testDayStringUTC]' passed (0.000 seconds).
Test Case '-[StrandAnalyticsTests.AnalyticsEngineTests testEditOnRealDetectedSleepLowersTheDailyAggregate]' started.
Test Case '-[StrandAnalyticsTests.AnalyticsEngineTests testEditOnRealDetectedSleepLowersTheDailyAggregate]' passed (1.338 seconds).
Test Case '-[StrandAnalyticsTests.AnalyticsEngineTests testEffortConfidenceTiers]' started.
Test Case '-[StrandAnalyticsTests.AnalyticsEngineTests testEffortConfidenceTiers]' passed (0.000 seconds).
Test Case '-[StrandAnalyticsTests.AnalyticsEngineTests testEncodeStagesIsDeterministic]' started.
Test Case '-[StrandAnalyticsTests.AnalyticsEngineTests testEncodeStagesIsDeterministic]' passed (0.000 seconds).
Test Case '-[StrandAnalyticsTests.AnalyticsEngineTests testNoMatchingNightLeavesRestNilAndCalibrating]' started.
Test Case '-[StrandAnalyticsTests.AnalyticsEngineTests testNoMatchingNightLeavesRestNilAndCalibrating]' passed (1.176 seconds).
Test Case '-[StrandAnalyticsTests.AnalyticsEngineTests testRestCompositeDurationDominatedAndClamped]' started.
Test Case '-[StrandAnalyticsTests.AnalyticsEngineTests testRestCompositeDurationDominatedAndClamped]' passed (0.000 seconds).
Test Case '-[StrandAnalyticsTests.AnalyticsEngineTests testRestCompositeNilConsistencyIsNeutral]' started.
Test Case '-[StrandAnalyticsTests.AnalyticsEngineTests testRestCompositeNilConsistencyIsNeutral]' passed (0.000 seconds).
Test Case '-[StrandAnalyticsTests.AnalyticsEngineTests testRestCompositePerfectNight]' started.
Test Case '-[StrandAnalyticsTests.AnalyticsEngineTests testRestCompositePerfectNight]' passed (0.000 seconds).
Test Case '-[StrandAnalyticsTests.AnalyticsEngineTests testRestConfidenceCoverageCatchesTheNightH9AndGravityMiss]' started.
Test Case '-[StrandAnalyticsTests.AnalyticsEngineTests testRestConfidenceCoverageCatchesTheNightH9AndGravityMiss]' passed (0.000 seconds).
Test Case '-[StrandAnalyticsTests.AnalyticsEngineTests testRestConfidenceCoverageDowngradesHoledHypnogram]' started.
Test Case '-[StrandAnalyticsTests.AnalyticsEngineTests testRestConfidenceCoverageDowngradesHoledHypnogram]' passed (0.000 seconds).
Test Case '-[StrandAnalyticsTests.AnalyticsEngineTests testRestConfidenceCoverageKeepsSolidWhenTimelineCoversItsSpan]' started.
Test Case '-[StrandAnalyticsTests.AnalyticsEngineTests testRestConfidenceCoverageKeepsSolidWhenTimelineCoversItsSpan]' passed (0.000 seconds).
Test Case '-[StrandAnalyticsTests.AnalyticsEngineTests testRestConfidenceCoverageUnknownDoesNotDowngrade]' started.
Test Case '-[StrandAnalyticsTests.AnalyticsEngineTests testRestConfidenceCoverageUnknownDoesNotDowngrade]' passed (0.000 seconds).
Test Case '-[StrandAnalyticsTests.AnalyticsEngineTests testRestConfidenceH9DoesNotFlagLowEfficiencyNight]' started.
Test Case '-[StrandAnalyticsTests.AnalyticsEngineTests testRestConfidenceH9DoesNotFlagLowEfficiencyNight]' passed (0.000 seconds).
Test Case '-[StrandAnalyticsTests.AnalyticsEngineTests testRestConfidenceH9DowngradesLowRestorativeHighEfficiencyNight]' started.
Test Case '-[StrandAnalyticsTests.AnalyticsEngineTests testRestConfidenceH9DowngradesLowRestorativeHighEfficiencyNight]' passed (0.000 seconds).
Test Case '-[StrandAnalyticsTests.AnalyticsEngineTests testRestConfidenceH9KeepsSolidWhenRestorativeHealthy]' started.
Test Case '-[StrandAnalyticsTests.AnalyticsEngineTests testRestConfidenceH9KeepsSolidWhenRestorativeHealthy]' passed (0.000 seconds).
Test Case '-[StrandAnalyticsTests.AnalyticsEngineTests testRestConfidenceH9NeverUpgradesNonSolidBase]' started.
Test Case '-[StrandAnalyticsTests.AnalyticsEngineTests testRestConfidenceH9NeverUpgradesNonSolidBase]' passed (0.000 seconds).
Test Case '-[StrandAnalyticsTests.AnalyticsEngineTests testRestConfidenceSparseGravityDefaultsFalseSoDenseNightsUnchanged]' started.
Test Case '-[StrandAnalyticsTests.AnalyticsEngineTests testRestConfidenceSparseGravityDefaultsFalseSoDenseNightsUnchanged]' passed (0.000 seconds).
Test Case '-[StrandAnalyticsTests.AnalyticsEngineTests testRestConfidenceSparseGravityDowngradesEvenHealthyLookingNight]' started.
Test Case '-[StrandAnalyticsTests.AnalyticsEngineTests testRestConfidenceSparseGravityDowngradesEvenHealthyLookingNight]' passed (0.000 seconds).
Test Case '-[StrandAnalyticsTests.AnalyticsEngineTests testRestConfidenceTiers]' started.
Test Case '-[StrandAnalyticsTests.AnalyticsEngineTests testRestConfidenceTiers]' passed (0.000 seconds).
Test Case '-[StrandAnalyticsTests.AnalyticsEngineTests testSelfHealRecipeHealsEditedNightOnceRawArrives]' started.
Test Case '-[StrandAnalyticsTests.AnalyticsEngineTests testSelfHealRecipeHealsEditedNightOnceRawArrives]' passed (0.255 seconds).
Test Case '-[StrandAnalyticsTests.AnalyticsEngineTests testStageSessionReDerivesRealStagesAndEncodes]' started.
Test Case '-[StrandAnalyticsTests.AnalyticsEngineTests testStageSessionReDerivesRealStagesAndEncodes]' passed (0.081 seconds).
Test Case '-[StrandAnalyticsTests.AnalyticsEngineTests testVersion]' started.
Test Case '-[StrandAnalyticsTests.AnalyticsEngineTests testVersion]' passed (0.000 seconds).
Test Suite 'AnalyticsEngineTests' passed at 2026-09-21 23:12:00.281.
	 Executed 38 tests, with 0 failures (0 unexpected) in 13.996 (13.998) seconds
Test Suite 'AnalyzeRecentDayCacheStreamWitnessTests' started at 2026-09-21 23:12:00.281.
Test Case '-[StrandAnalyticsTests.AnalyzeRecentDayCacheStreamWitnessTests testLateRrChangesTheNightAndInvalidatesTheKey]' started.
Test Case '-[StrandAnalyticsTests.AnalyzeRecentDayCacheStreamWitnessTests testLateRrChangesTheNightAndInvalidatesTheKey]' passed (0.846 seconds).
Test Suite 'AnalyzeRecentDayCacheStreamWitnessTests' passed at 2026-09-21 23:12:01.127.
	 Executed 1 test, with 0 failures (0 unexpected) in 0.846 (0.847) seconds
Test Suite 'AnalyzeRecentDayCacheTests' started at 2026-09-21 23:12:01.127.
Test Case '-[StrandAnalyticsTests.AnalyzeRecentDayCacheTests testAnchorShiftInvalidates]' started.
Test Case '-[StrandAnalyticsTests.AnalyzeRecentDayCacheTests testAnchorShiftInvalidates]' passed (0.000 seconds).
Test Case '-[StrandAnalyticsTests.AnalyzeRecentDayCacheTests testAStreamArrivingAfterHrInvalidatesTheReusedNight]' started.
Test Case '-[StrandAnalyticsTests.AnalyzeRecentDayCacheTests testAStreamArrivingAfterHrInvalidatesTheReusedNight]' passed (0.000 seconds).
Test Case '-[StrandAnalyticsTests.AnalyzeRecentDayCacheTests testDifferentOwnerInvalidates]' started.
Test Case '-[StrandAnalyticsTests.AnalyzeRecentDayCacheTests testDifferentOwnerInvalidates]' passed (0.000 seconds).
Test Case '-[StrandAnalyticsTests.AnalyzeRecentDayCacheTests testHrChangeInvalidates]' started.
Test Case '-[StrandAnalyticsTests.AnalyzeRecentDayCacheTests testHrChangeInvalidates]' passed (0.000 seconds).
Test Case '-[StrandAnalyticsTests.AnalyzeRecentDayCacheTests testNilAnchorDistinctButStable]' started.
Test Case '-[StrandAnalyticsTests.AnalyzeRecentDayCacheTests testNilAnchorDistinctButStable]' passed (0.000 seconds).
Test Case '-[StrandAnalyticsTests.AnalyzeRecentDayCacheTests testStableInputsReuse]' started.
Test Case '-[StrandAnalyticsTests.AnalyzeRecentDayCacheTests testStableInputsReuse]' passed (0.000 seconds).
Test Case '-[StrandAnalyticsTests.AnalyzeRecentDayCacheTests testTheHrvDetailDayIsNotReusedAsAnOrdinaryNight]' started.
Test Case '-[StrandAnalyticsTests.AnalyzeRecentDayCacheTests testTheHrvDetailDayIsNotReusedAsAnOrdinaryNight]' passed (0.000 seconds).
Test Case '-[StrandAnalyticsTests.AnalyzeRecentDayCacheTests testUnchangedStreamWitnessStillReuses]' started.
Test Case '-[StrandAnalyticsTests.AnalyzeRecentDayCacheTests testUnchangedStreamWitnessStillReuses]' passed (0.000 seconds).
Test Suite 'AnalyzeRecentDayCacheTests' passed at 2026-09-21 23:12:01.128.
	 Executed 8 tests, with 0 failures (0 unexpected) in 0.001 (0.001) seconds
Test Suite 'AutoWorkoutDetectorTests' started at 2026-09-21 23:12:01.128.
Test Case '-[StrandAnalyticsTests.AutoWorkoutDetectorTests testBriefDipIsTolerated]' started.
Test Case '-[StrandAnalyticsTests.AutoWorkoutDetectorTests testBriefDipIsTolerated]' passed (0.000 seconds).
Test Case '-[StrandAnalyticsTests.AutoWorkoutDetectorTests testDefaultRestingHrIsUsedWhenNull]' started.
Test Case '-[StrandAnalyticsTests.AutoWorkoutDetectorTests testDefaultRestingHrIsUsedWhenNull]' passed (0.000 seconds).
Test Case '-[StrandAnalyticsTests.AutoWorkoutDetectorTests testElevatedSpanIsDetected]' started.
Test Case '-[StrandAnalyticsTests.AutoWorkoutDetectorTests testElevatedSpanIsDetected]' passed (0.000 seconds).
Test Case '-[StrandAnalyticsTests.AutoWorkoutDetectorTests testEmptyInputIsEmpty]' started.
Test Case '-[StrandAnalyticsTests.AutoWorkoutDetectorTests testEmptyInputIsEmpty]' passed (0.000 seconds).
Test Case '-[StrandAnalyticsTests.AutoWorkoutDetectorTests testFarWindowsStaySeparate]' started.
Test Case '-[StrandAnalyticsTests.AutoWorkoutDetectorTests testFarWindowsStaySeparate]' passed (0.000 seconds).
Test Case '-[StrandAnalyticsTests.AutoWorkoutDetectorTests testLowSpanIsRejected]' started.
Test Case '-[StrandAnalyticsTests.AutoWorkoutDetectorTests testLowSpanIsRejected]' passed (0.000 seconds).
Test Case '-[StrandAnalyticsTests.AutoWorkoutDetectorTests testMotionConfirmationGatesWhenSeriesPresent]' started.
Test Case '-[StrandAnalyticsTests.AutoWorkoutDetectorTests testMotionConfirmationGatesWhenSeriesPresent]' passed (0.001 seconds).
Test Case '-[StrandAnalyticsTests.AutoWorkoutDetectorTests testNearWindowsAreMerged]' started.
Test Case '-[StrandAnalyticsTests.AutoWorkoutDetectorTests testNearWindowsAreMerged]' passed (0.000 seconds).
Test Case '-[StrandAnalyticsTests.AutoWorkoutDetectorTests testShortSpanIsRejected]' started.
Test Case '-[StrandAnalyticsTests.AutoWorkoutDetectorTests testShortSpanIsRejected]' passed (0.000 seconds).
Test Case '-[StrandAnalyticsTests.AutoWorkoutDetectorTests testWindowOverlappingSavedWorkoutIsExcluded]' started.
Test Case '-[StrandAnalyticsTests.AutoWorkoutDetectorTests testWindowOverlappingSavedWorkoutIsExcluded]' passed (0.000 seconds).
Test Suite 'AutoWorkoutDetectorTests' passed at 2026-09-21 23:12:01.131.
	 Executed 10 tests, with 0 failures (0 unexpected) in 0.002 (0.003) seconds
Test Suite 'AutoWorkoutDetectorTraceTests' started at 2026-09-21 23:12:01.131.
Test Case '-[StrandAnalyticsTests.AutoWorkoutDetectorTraceTests testTraceNamesMotionNotConfirmed]' started.
Test Case '-[StrandAnalyticsTests.AutoWorkoutDetectorTraceTests testTraceNamesMotionNotConfirmed]' passed (0.000 seconds).
Test Case '-[StrandAnalyticsTests.AutoWorkoutDetectorTraceTests testTraceNamesNoSustainedSpan]' started.
Test Case '-[StrandAnalyticsTests.AutoWorkoutDetectorTraceTests testTraceNamesNoSustainedSpan]' passed (0.000 seconds).
Test Case '-[StrandAnalyticsTests.AutoWorkoutDetectorTraceTests testTraceNamesSavedOverlapDrop]' started.
Test Case '-[StrandAnalyticsTests.AutoWorkoutDetectorTraceTests testTraceNamesSavedOverlapDrop]' passed (0.000 seconds).
Test Case '-[StrandAnalyticsTests.AutoWorkoutDetectorTraceTests testTraceResultsAreByteIdenticalToDetect]' started.
Test Case '-[StrandAnalyticsTests.AutoWorkoutDetectorTraceTests testTraceResultsAreByteIdenticalToDetect]' passed (0.000 seconds).
Test Case '-[StrandAnalyticsTests.AutoWorkoutDetectorTraceTests testWorkoutsReadoutParsesLastSession]' started.
Test Case '-[StrandAnalyticsTests.AutoWorkoutDetectorTraceTests testWorkoutsReadoutParsesLastSession]' passed (0.000 seconds).
Test Case '-[StrandAnalyticsTests.AutoWorkoutDetectorTraceTests testWorkoutsTraceLineShapes]' started.
Test Case '-[StrandAnalyticsTests.AutoWorkoutDetectorTraceTests testWorkoutsTraceLineShapes]' passed (0.000 seconds).
Test Suite 'AutoWorkoutDetectorTraceTests' passed at 2026-09-21 23:12:01.132.
	 Executed 6 tests, with 0 failures (0 unexpected) in 0.001 (0.002) seconds
Test Suite 'BackupSettingsLinuxTests' started at 2026-09-21 23:12:01.132.
Test Case '-[StrandAnalyticsTests.BackupSettingsLinuxTests testBooleanAndNumericJSONValuesKeepDistinctContracts]' started.
Test Case '-[StrandAnalyticsTests.BackupSettingsLinuxTests testBooleanAndNumericJSONValuesKeepDistinctContracts]' passed (0.000 seconds).
Test Suite 'BackupSettingsLinuxTests' passed at 2026-09-21 23:12:01.133.
	 Executed 1 test, with 0 failures (0 unexpected) in 0.000 (0.000) seconds
Test Suite 'BaselineEpochDiagnosticTests' started at 2026-09-21 23:12:01.133.
Test Case '-[StrandAnalyticsTests.BaselineEpochDiagnosticTests testAgreesWithFoldHistory]' started.
Test Case '-[StrandAnalyticsTests.BaselineEpochDiagnosticTests testAgreesWithFoldHistory]' passed (0.001 seconds).
Test Case '-[StrandAnalyticsTests.BaselineEpochDiagnosticTests testDropsOnlyNightsStrictlyBeforeTheEpoch]' started.
Test Case '-[StrandAnalyticsTests.BaselineEpochDiagnosticTests testDropsOnlyNightsStrictlyBeforeTheEpoch]' passed (0.000 seconds).
Test Case '-[StrandAnalyticsTests.BaselineEpochDiagnosticTests testNoEpochDropsNothing]' started.
Test Case '-[StrandAnalyticsTests.BaselineEpochDiagnosticTests testNoEpochDropsNothing]' passed (0.000 seconds).
Test Case '-[StrandAnalyticsTests.BaselineEpochDiagnosticTests testReproducesTheStuckAtThreeSignature]' started.
Test Case '-[StrandAnalyticsTests.BaselineEpochDiagnosticTests testReproducesTheStuckAtThreeSignature]' passed (0.001 seconds).
Test Suite 'BaselineEpochDiagnosticTests' passed at 2026-09-21 23:12:01.136.
	 Executed 4 tests, with 0 failures (0 unexpected) in 0.003 (0.003) seconds
Test Suite 'BaselinesRecentHrvCoverageTests' started at 2026-09-21 23:12:01.136.
Test Case '-[StrandAnalyticsTests.BaselinesRecentHrvCoverageTests testACompleteWindowReportsNothingMissing]' started.
Test Case '-[StrandAnalyticsTests.BaselinesRecentHrvCoverageTests testACompleteWindowReportsNothingMissing]' passed (0.000 seconds).
Test Case '-[StrandAnalyticsTests.BaselinesRecentHrvCoverageTests testADayAfterTodayIsIgnored]' started.
Test Case '-[StrandAnalyticsTests.BaselinesRecentHrvCoverageTests testADayAfterTodayIsIgnored]' passed (0.000 seconds).
Test Case '-[StrandAnalyticsTests.BaselinesRecentHrvCoverageTests testADayOutsideTheWindowIsNotObserved]' started.
Test Case '-[StrandAnalyticsTests.BaselinesRecentHrvCoverageTests testADayOutsideTheWindowIsNotObserved]' passed (0.000 seconds).
Test Case '-[StrandAnalyticsTests.BaselinesRecentHrvCoverageTests testCountsObservedNightsAndTheEmptyOnesAmongThem]' started.
Test Case '-[StrandAnalyticsTests.BaselinesRecentHrvCoverageTests testCountsObservedNightsAndTheEmptyOnesAmongThem]' passed (0.000 seconds).
Test Case '-[StrandAnalyticsTests.BaselinesRecentHrvCoverageTests testEmptyAndUnparseableInputsAreZero]' started.
Test Case '-[StrandAnalyticsTests.BaselinesRecentHrvCoverageTests testEmptyAndUnparseableInputsAreZero]' passed (0.000 seconds).
Test Suite 'BaselinesRecentHrvCoverageTests' passed at 2026-09-21 23:12:01.136.
	 Executed 5 tests, with 0 failures (0 unexpected) in 0.001 (0.001) seconds
Test Suite 'BaselinesTests' started at 2026-09-21 23:12:01.136.
Test Case '-[StrandAnalyticsTests.BaselinesTests testColdStartStatusProgression]' started.
Test Case '-[StrandAnalyticsTests.BaselinesTests testColdStartStatusProgression]' passed (0.003 seconds).
Test Case '-[StrandAnalyticsTests.BaselinesTests testConstantSeriesConvergesToValue]' started.
Test Case '-[StrandAnalyticsTests.BaselinesTests testConstantSeriesConvergesToValue]' passed (0.004 seconds).
Test Case '-[StrandAnalyticsTests.BaselinesTests testDaytimeConfigsExistAndAreDistinctFromNightlyConfigs]' started.
Test Case '-[StrandAnalyticsTests.BaselinesTests testDaytimeConfigsExistAndAreDistinctFromNightlyConfigs]' passed (0.000 seconds).
Test Case '-[StrandAnalyticsTests.BaselinesTests testDeviationDirectionAndZero]' started.
Test Case '-[StrandAnalyticsTests.BaselinesTests testDeviationDirectionAndZero]' passed (0.002 seconds).
Test Case '-[StrandAnalyticsTests.BaselinesTests testEarlyHighSeedConvergesQuickly]' started.
Test Case '-[StrandAnalyticsTests.BaselinesTests testEarlyHighSeedConvergesQuickly]' passed (0.002 seconds).
Test Case '-[StrandAnalyticsTests.BaselinesTests testEarlyPathNoOpOnConstantSeries]' started.
Test Case '-[StrandAnalyticsTests.BaselinesTests testEarlyPathNoOpOnConstantSeries]' passed (0.005 seconds).
Test Case '-[StrandAnalyticsTests.BaselinesTests testEmptyHistoryCalibrating]' started.
Test Case '-[StrandAnalyticsTests.BaselinesTests testEmptyHistoryCalibrating]' passed (0.000 seconds).
Test Case '-[StrandAnalyticsTests.BaselinesTests testFirstNightSeeds]' started.
Test Case '-[StrandAnalyticsTests.BaselinesTests testFirstNightSeeds]' passed (0.000 seconds).
Test Case '-[StrandAnalyticsTests.BaselinesTests testGenuineLowerNightsNotRejectedDuringSeed]' started.
Test Case '-[StrandAnalyticsTests.BaselinesTests testGenuineLowerNightsNotRejectedDuringSeed]' passed (0.002 seconds).
Test Case '-[StrandAnalyticsTests.BaselinesTests testHardOutlierRejected]' started.
Test Case '-[StrandAnalyticsTests.BaselinesTests testHardOutlierRejected]' passed (0.004 seconds).
Test Case '-[StrandAnalyticsTests.BaselinesTests testHardOutlierStillRejectedOnceSettled]' started.
Test Case '-[StrandAnalyticsTests.BaselinesTests testHardOutlierStillRejectedOnceSettled]' passed (0.005 seconds).
Test Case '-[StrandAnalyticsTests.BaselinesTests testMissingNightSkipAndHold]' started.
Test Case '-[StrandAnalyticsTests.BaselinesTests testMissingNightSkipAndHold]' passed (0.000 seconds).
Test Case '-[StrandAnalyticsTests.BaselinesTests testOutOfRangeValueSkipped]' started.
Test Case '-[StrandAnalyticsTests.BaselinesTests testOutOfRangeValueSkipped]' passed (0.000 seconds).
Test Case '-[StrandAnalyticsTests.BaselinesTests testRecalibrateEpochAfterAllNightsResetsToColdStart]' started.
Test Case '-[StrandAnalyticsTests.BaselinesTests testRecalibrateEpochAfterAllNightsResetsToColdStart]' passed (0.000 seconds).
Test Case '-[StrandAnalyticsTests.BaselinesTests testRecalibrateEpochReseedsFromEpoch]' started.
Test Case '-[StrandAnalyticsTests.BaselinesTests testRecalibrateEpochReseedsFromEpoch]' passed (0.003 seconds).
Test Case '-[StrandAnalyticsTests.BaselinesTests testRecalibrateEpochZeroIsNoOp]' started.
Test Case '-[StrandAnalyticsTests.BaselinesTests testRecalibrateEpochZeroIsNoOp]' passed (0.002 seconds).
Test Case '-[StrandAnalyticsTests.BaselinesTests testRecalibrateMovesBothEpochs]' started.
Test Case '-[StrandAnalyticsTests.BaselinesTests testRecalibrateMovesBothEpochs]' passed (0.002 seconds).
Test Case '-[StrandAnalyticsTests.BaselinesTests testRecalibrateNowYieldsCalibratingWhenNoNewerNights]' started.
Test Case '-[StrandAnalyticsTests.BaselinesTests testRecalibrateNowYieldsCalibratingWhenNoNewerNights]' passed (0.001 seconds).
Test Case '-[StrandAnalyticsTests.BaselinesTests testRecalibrateReAnchorsNextComputationWithoutDeletingHistory]' started.
Test Case '-[StrandAnalyticsTests.BaselinesTests testRecalibrateReAnchorsNextComputationWithoutDeletingHistory]' passed (0.004 seconds).
Test Case '-[StrandAnalyticsTests.BaselinesTests testRollingMeanSD]' started.
Test Case '-[StrandAnalyticsTests.BaselinesTests testRollingMeanSD]' passed (0.000 seconds).
Test Case '-[StrandAnalyticsTests.BaselinesTests testRollingMeanSDDropsOutOfRangeAndNil]' started.
Test Case '-[StrandAnalyticsTests.BaselinesTests testRollingMeanSDDropsOutOfRangeAndNil]' passed (0.000 seconds).
Test Case '-[StrandAnalyticsTests.BaselinesTests testRollingMeanSDWindowTruncates]' started.
Test Case '-[StrandAnalyticsTests.BaselinesTests testRollingMeanSDWindowTruncates]' passed (0.000 seconds).
Test Case '-[StrandAnalyticsTests.BaselinesTests testSigmaMatchesDeviationsInternalConversion]' started.
Test Case '-[StrandAnalyticsTests.BaselinesTests testSigmaMatchesDeviationsInternalConversion]' passed (0.002 seconds).
Test Case '-[StrandAnalyticsTests.BaselinesTests testStrainCfgIsBaselineRelativeOverDailyEffort]' started.
Test Case '-[StrandAnalyticsTests.BaselinesTests testStrainCfgIsBaselineRelativeOverDailyEffort]' passed (0.001 seconds).
Test Case '-[StrandAnalyticsTests.BaselinesTests testStrainCfgRegisteredWithEffortScaleBounds]' started.
Test Case '-[StrandAnalyticsTests.BaselinesTests testStrainCfgRegisteredWithEffortScaleBounds]' passed (0.000 seconds).
Test Case '-[StrandAnalyticsTests.BaselinesTests testWindowSwitchRefoldStaysUsableWithoutEpochReset]' started.
Test Case '-[StrandAnalyticsTests.BaselinesTests testWindowSwitchRefoldStaysUsableWithoutEpochReset]' passed (0.004 seconds).
Test Suite 'BaselinesTests' passed at 2026-09-21 23:12:01.186.
	 Executed 26 tests, with 0 failures (0 unexpected) in 0.048 (0.049) seconds
Test Suite 'BaselinesTraceTests' started at 2026-09-21 23:12:01.186.
Test Case '-[StrandAnalyticsTests.BaselinesTraceTests testAFlatHistoryReportsSpreadPinnedOnTheFloor]' started.
Test Case '-[StrandAnalyticsTests.BaselinesTraceTests testAFlatHistoryReportsSpreadPinnedOnTheFloor]' passed (0.003 seconds).
Test Case '-[StrandAnalyticsTests.BaselinesTraceTests testEmptyHistoryIsSafe]' started.
Test Case '-[StrandAnalyticsTests.BaselinesTraceTests testEmptyHistoryIsSafe]' passed (0.000 seconds).
Test Case '-[StrandAnalyticsTests.BaselinesTraceTests testFoldedSettledUsesTheNormalHalfLifeAndBand]' started.
Test Case '-[StrandAnalyticsTests.BaselinesTraceTests testFoldedSettledUsesTheNormalHalfLifeAndBand]' passed (0.002 seconds).
Test Case '-[StrandAnalyticsTests.BaselinesTraceTests testFoldedYoungReportsTheEarlyAdaptation]' started.
Test Case '-[StrandAnalyticsTests.BaselinesTraceTests testFoldedYoungReportsTheEarlyAdaptation]' passed (0.000 seconds).
Test Case '-[StrandAnalyticsTests.BaselinesTraceTests testFoldHistoryTraceEmitsOneLinePerNight]' started.
Test Case '-[StrandAnalyticsTests.BaselinesTraceTests testFoldHistoryTraceEmitsOneLinePerNight]' passed (0.001 seconds).
Test Case '-[StrandAnalyticsTests.BaselinesTraceTests testImplausibleNightNamesTheBounds]' started.
Test Case '-[StrandAnalyticsTests.BaselinesTraceTests testImplausibleNightNamesTheBounds]' passed (0.000 seconds).
Test Case '-[StrandAnalyticsTests.BaselinesTraceTests testMissingNightIsSkipAndHold]' started.
Test Case '-[StrandAnalyticsTests.BaselinesTraceTests testMissingNightIsSkipAndHold]' passed (0.000 seconds).
Test Case '-[StrandAnalyticsTests.BaselinesTraceTests testNegativeTailIsIgnored]' started.
Test Case '-[StrandAnalyticsTests.BaselinesTraceTests testNegativeTailIsIgnored]' passed (0.001 seconds).
Test Case '-[StrandAnalyticsTests.BaselinesTraceTests testNoEmDashesInAnyLine]' started.
Test Case '-[StrandAnalyticsTests.BaselinesTraceTests testNoEmDashesInAnyLine]' passed (0.001 seconds).
Test Case '-[StrandAnalyticsTests.BaselinesTraceTests testNoRecalibrationEpochBehavesLikeThePlainFold]' started.
Test Case '-[StrandAnalyticsTests.BaselinesTraceTests testNoRecalibrationEpochBehavesLikeThePlainFold]' passed (0.001 seconds).
Test Case '-[StrandAnalyticsTests.BaselinesTraceTests testRecalibrationDropIsNamedAndMatchesTheRealFold]' started.
Test Case '-[StrandAnalyticsTests.BaselinesTraceTests testRecalibrationDropIsNamedAndMatchesTheRealFold]' passed (0.001 seconds).
Test Case '-[StrandAnalyticsTests.BaselinesTraceTests testRecalibrationLineSurvivesATightTail]' started.
Test Case '-[StrandAnalyticsTests.BaselinesTraceTests testRecalibrationLineSurvivesATightTail]' passed (0.004 seconds).
Test Case '-[StrandAnalyticsTests.BaselinesTraceTests testRejectedNightIsNamedWithItsThreshold]' started.
Test Case '-[StrandAnalyticsTests.BaselinesTraceTests testRejectedNightIsNamedWithItsThreshold]' passed (0.002 seconds).
Test Case '-[StrandAnalyticsTests.BaselinesTraceTests testSeedEmptyIsDistinctFromASkip]' started.
Test Case '-[StrandAnalyticsTests.BaselinesTraceTests testSeedEmptyIsDistinctFromASkip]' passed (0.000 seconds).
Test Case '-[StrandAnalyticsTests.BaselinesTraceTests testSeedNamesThatOneNightFixesTheCentre]' started.
Test Case '-[StrandAnalyticsTests.BaselinesTraceTests testSeedNamesThatOneNightFixesTheCentre]' passed (0.000 seconds).
Test Case '-[StrandAnalyticsTests.BaselinesTraceTests testShortDayKeysKeepTheUndatedNightsExactlyLikeTheRealFold]' started.
Test Case '-[StrandAnalyticsTests.BaselinesTraceTests testShortDayKeysKeepTheUndatedNightsExactlyLikeTheRealFold]' passed (0.002 seconds).
Test Case '-[StrandAnalyticsTests.BaselinesTraceTests testTailCapsTheLinesButNotTheFold]' started.
Test Case '-[StrandAnalyticsTests.BaselinesTraceTests testTailCapsTheLinesButNotTheFold]' passed (0.012 seconds).
Test Case '-[StrandAnalyticsTests.BaselinesTraceTests testTailLargerThanHistoryAddsNoNotice]' started.
Test Case '-[StrandAnalyticsTests.BaselinesTraceTests testTailLargerThanHistoryAddsNoNotice]' passed (0.001 seconds).
Test Case '-[StrandAnalyticsTests.BaselinesTraceTests testTailOfZeroKeepsOnlyTheOmissionNotice]' started.
Test Case '-[StrandAnalyticsTests.BaselinesTraceTests testTailOfZeroKeepsOnlyTheOmissionNotice]' passed (0.001 seconds).
Test Case '-[StrandAnalyticsTests.BaselinesTraceTests testTracedStateIsTheRealFoldsState]' started.
Test Case '-[StrandAnalyticsTests.BaselinesTraceTests testTracedStateIsTheRealFoldsState]' passed (0.004 seconds).
Test Suite 'BaselinesTraceTests' passed at 2026-09-21 23:12:01.224.
	 Executed 20 tests, with 0 failures (0 unexpected) in 0.037 (0.038) seconds
Test Suite 'BatteryCriticalAlertTests' started at 2026-09-21 23:12:01.224.
Test Case '-[StrandAnalyticsTests.BatteryCriticalAlertTests testAboveThresholdNoFire]' started.
Test Case '-[StrandAnalyticsTests.BatteryCriticalAlertTests testAboveThresholdNoFire]' passed (0.000 seconds).
Test Case '-[StrandAnalyticsTests.BatteryCriticalAlertTests testChargingSuppressionDoesNotArmGate]' started.
Test Case '-[StrandAnalyticsTests.BatteryCriticalAlertTests testChargingSuppressionDoesNotArmGate]' passed (0.000 seconds).
Test Case '-[StrandAnalyticsTests.BatteryCriticalAlertTests testColdStartNeverFiresAndInventsNoBedtime]' started.
Test Case '-[StrandAnalyticsTests.BatteryCriticalAlertTests testColdStartNeverFiresAndInventsNoBedtime]' passed (0.000 seconds).
Test Case '-[StrandAnalyticsTests.BatteryCriticalAlertTests testConfirmedChargingSuppressesButUnknownFires]' started.
Test Case '-[StrandAnalyticsTests.BatteryCriticalAlertTests testConfirmedChargingSuppressesButUnknownFires]' passed (0.000 seconds).
Test Case '-[StrandAnalyticsTests.BatteryCriticalAlertTests testConfirmedChargingSuppressesButUnknownFiresAndGateSurvives]' started.
Test Case '-[StrandAnalyticsTests.BatteryCriticalAlertTests testConfirmedChargingSuppressesButUnknownFiresAndGateSurvives]' passed (0.000 seconds).
Test Case '-[StrandAnalyticsTests.BatteryCriticalAlertTests testConventionalCriticalThresholdsAreUnreachableOnThisHardware]' started.
Test Case '-[StrandAnalyticsTests.BatteryCriticalAlertTests testConventionalCriticalThresholdsAreUnreachableOnThisHardware]' passed (0.000 seconds).
Test Case '-[StrandAnalyticsTests.BatteryCriticalAlertTests testCriticalGateIsIndependentOfAnAlreadyLatchedLowAlert]' started.
Test Case '-[StrandAnalyticsTests.BatteryCriticalAlertTests testCriticalGateIsIndependentOfAnAlreadyLatchedLowAlert]' passed (0.000 seconds).
Test Case '-[StrandAnalyticsTests.BatteryCriticalAlertTests testCutoffAwareRunwayMatchesTheObservedTimeOfDeath]' started.
Test Case '-[StrandAnalyticsTests.BatteryCriticalAlertTests testCutoffAwareRunwayMatchesTheObservedTimeOfDeath]' passed (0.000 seconds).
Test Case '-[StrandAnalyticsTests.BatteryCriticalAlertTests testFiresAtThresholdAndArms]' started.
Test Case '-[StrandAnalyticsTests.BatteryCriticalAlertTests testFiresAtThresholdAndArms]' passed (0.000 seconds).
Test Case '-[StrandAnalyticsTests.BatteryCriticalAlertTests testFiresBeforeBedWhenTheStrapWontClearTheNight]' started.
Test Case '-[StrandAnalyticsTests.BatteryCriticalAlertTests testFiresBeforeBedWhenTheStrapWontClearTheNight]' passed (0.000 seconds).
Test Case '-[StrandAnalyticsTests.BatteryCriticalAlertTests testFiresOncePerNightThenAgainTheFollowingNight]' started.
Test Case '-[StrandAnalyticsTests.BatteryCriticalAlertTests testFiresOncePerNightThenAgainTheFollowingNight]' passed (0.000 seconds).
Test Case '-[StrandAnalyticsTests.BatteryCriticalAlertTests testJitterInsideBandCannotRefire]' started.
Test Case '-[StrandAnalyticsTests.BatteryCriticalAlertTests testJitterInsideBandCannotRefire]' passed (0.000 seconds).
Test Case '-[StrandAnalyticsTests.BatteryCriticalAlertTests testLateSleeperWindowSpansMidnight]' started.
Test Case '-[StrandAnalyticsTests.BatteryCriticalAlertTests testLateSleeperWindowSpansMidnight]' passed (0.000 seconds).
Test Case '-[StrandAnalyticsTests.BatteryCriticalAlertTests testNightGuardCatchesTheRealIncidentRunway]' started.
Test Case '-[StrandAnalyticsTests.BatteryCriticalAlertTests testNightGuardCatchesTheRealIncidentRunway]' passed (0.000 seconds).
Test Case '-[StrandAnalyticsTests.BatteryCriticalAlertTests testNoEstimateIsSilent]' started.
Test Case '-[StrandAnalyticsTests.BatteryCriticalAlertTests testNoEstimateIsSilent]' passed (0.000 seconds).
Test Case '-[StrandAnalyticsTests.BatteryCriticalAlertTests testOutsideTheWindowIsSilentAndRearms]' started.
Test Case '-[StrandAnalyticsTests.BatteryCriticalAlertTests testOutsideTheWindowIsSilentAndRearms]' passed (0.000 seconds).
Test Case '-[StrandAnalyticsTests.BatteryCriticalAlertTests testRatedFallbackOnWhoop5PutsThePredictiveAlertBelowTheHardwareCutoff]' started.
Test Case '-[StrandAnalyticsTests.BatteryCriticalAlertTests testRatedFallbackOnWhoop5PutsThePredictiveAlertBelowTheHardwareCutoff]' passed (0.000 seconds).
Test Case '-[StrandAnalyticsTests.BatteryCriticalAlertTests testRawEstimateOverstatesRunwayByTheWholeCutoffBand]' started.
Test Case '-[StrandAnalyticsTests.BatteryCriticalAlertTests testRawEstimateOverstatesRunwayByTheWholeCutoffBand]' passed (0.000 seconds).
Test Case '-[StrandAnalyticsTests.BatteryCriticalAlertTests testRealCurveFiresExactlyOneCriticalAlertWithNinetyMinutesOfWarning]' started.
Test Case '-[StrandAnalyticsTests.BatteryCriticalAlertTests testRealCurveFiresExactlyOneCriticalAlertWithNinetyMinutesOfWarning]' passed (0.000 seconds).
Test Case '-[StrandAnalyticsTests.BatteryCriticalAlertTests testRealDischargeFitsMeasuredSlopeAtRoughly1Point65PctPerHour]' started.
Test Case '-[StrandAnalyticsTests.BatteryCriticalAlertTests testRealDischargeFitsMeasuredSlopeAtRoughly1Point65PctPerHour]' passed (0.000 seconds).
Test Case '-[StrandAnalyticsTests.BatteryCriticalAlertTests testRearmBoundaryIsInclusive]' started.
Test Case '-[StrandAnalyticsTests.BatteryCriticalAlertTests testRearmBoundaryIsInclusive]' passed (0.000 seconds).
Test Case '-[StrandAnalyticsTests.BatteryCriticalAlertTests testRearmsOnGenuineRecoveryThenFiresNextCycle]' started.
Test Case '-[StrandAnalyticsTests.BatteryCriticalAlertTests testRearmsOnGenuineRecoveryThenFiresNextCycle]' passed (0.000 seconds).
Test Case '-[StrandAnalyticsTests.BatteryCriticalAlertTests testRequirementScalesWithTheWaitUntilBedtime]' started.
Test Case '-[StrandAnalyticsTests.BatteryCriticalAlertTests testRequirementScalesWithTheWaitUntilBedtime]' passed (0.000 seconds).
Test Case '-[StrandAnalyticsTests.BatteryCriticalAlertTests testShortBufferFallsBackToRatedAndThePredictiveAlertStaysSilent]' started.
Test Case '-[StrandAnalyticsTests.BatteryCriticalAlertTests testShortBufferFallsBackToRatedAndThePredictiveAlertStaysSilent]' passed (0.000 seconds).
Test Case '-[StrandAnalyticsTests.BatteryCriticalAlertTests testStaysSilentWhenTheStrapClearsTheNight]' started.
Test Case '-[StrandAnalyticsTests.BatteryCriticalAlertTests testStaysSilentWhenTheStrapClearsTheNight]' passed (0.000 seconds).
Test Case '-[StrandAnalyticsTests.BatteryCriticalAlertTests testTypicalSleepHoursColdStart]' started.
Test Case '-[StrandAnalyticsTests.BatteryCriticalAlertTests testTypicalSleepHoursColdStart]' passed (0.000 seconds).
Test Case '-[StrandAnalyticsTests.BatteryCriticalAlertTests testTypicalSleepHoursIsTheMedianAndIgnoresJunkNights]' started.
Test Case '-[StrandAnalyticsTests.BatteryCriticalAlertTests testTypicalSleepHoursIsTheMedianAndIgnoresJunkNights]' passed (0.000 seconds).
Test Case '-[StrandAnalyticsTests.BatteryCriticalAlertTests testUsableRunwayIsUnaffectedWellAboveTheCutoff]' started.
Test Case '-[StrandAnalyticsTests.BatteryCriticalAlertTests testUsableRunwayIsUnaffectedWellAboveTheCutoff]' passed (0.000 seconds).
Test Case '-[StrandAnalyticsTests.BatteryCriticalAlertTests testUsableRunwayIsZeroAtOrBelowTheCutoff]' started.
Test Case '-[StrandAnalyticsTests.BatteryCriticalAlertTests testUsableRunwayIsZeroAtOrBelowTheCutoff]' passed (0.000 seconds).
Test Suite 'BatteryCriticalAlertTests' passed at 2026-09-21 23:12:01.227.
	 Executed 29 tests, with 0 failures (0 unexpected) in 0.002 (0.003) seconds
Test Suite 'BatteryEstimatorTests' started at 2026-09-21 23:12:01.227.
Test Case '-[StrandAnalyticsTests.BatteryEstimatorTests testChargeRestartsTheDischargeRun]' started.
Test Case '-[StrandAnalyticsTests.BatteryEstimatorTests testChargeRestartsTheDischargeRun]' passed (0.000 seconds).
Test Case '-[StrandAnalyticsTests.BatteryEstimatorTests testClampsToOneAndAHalfTimesRatedScaledToSoc]' started.
Test Case '-[StrandAnalyticsTests.BatteryEstimatorTests testClampsToOneAndAHalfTimesRatedScaledToSoc]' passed (0.000 seconds).
Test Case '-[StrandAnalyticsTests.BatteryEstimatorTests testFlatPeakRetainsElapsedDischargeTime]' started.
Test Case '-[StrandAnalyticsTests.BatteryEstimatorTests testFlatPeakRetainsElapsedDischargeTime]' passed (0.000 seconds).
Test Case '-[StrandAnalyticsTests.BatteryEstimatorTests testForecastUsesLiveChargeWithHistoricalRate]' started.
Test Case '-[StrandAnalyticsTests.BatteryEstimatorTests testForecastUsesLiveChargeWithHistoricalRate]' passed (0.000 seconds).
Test Case '-[StrandAnalyticsTests.BatteryEstimatorTests testInvalidReadingsAndRatedLifeCannotPoisonForecast]' started.
Test Case '-[StrandAnalyticsTests.BatteryEstimatorTests testInvalidReadingsAndRatedLifeCannotPoisonForecast]' passed (0.000 seconds).
Test Case '-[StrandAnalyticsTests.BatteryEstimatorTests testLabelSwitchesHoursToDaysAt48h]' started.
Test Case '-[StrandAnalyticsTests.BatteryEstimatorTests testLabelSwitchesHoursToDaysAt48h]' passed (0.000 seconds).
Test Case '-[StrandAnalyticsTests.BatteryEstimatorTests testLowSocClampScalesWithCurrentCharge]' started.
Test Case '-[StrandAnalyticsTests.BatteryEstimatorTests testLowSocClampScalesWithCurrentCharge]' passed (0.000 seconds).
Test Case '-[StrandAnalyticsTests.BatteryEstimatorTests testMeasuredFromRecentDischargeWithoutNearFullCharge]' started.
Test Case '-[StrandAnalyticsTests.BatteryEstimatorTests testMeasuredFromRecentDischargeWithoutNearFullCharge]' passed (0.000 seconds).
Test Case '-[StrandAnalyticsTests.BatteryEstimatorTests testMeasuredRateFromCleanDischarge]' started.
Test Case '-[StrandAnalyticsTests.BatteryEstimatorTests testMeasuredRateFromCleanDischarge]' passed (0.000 seconds).
Test Case '-[StrandAnalyticsTests.BatteryEstimatorTests testNearFullChargeStillResetsTheRun]' started.
Test Case '-[StrandAnalyticsTests.BatteryEstimatorTests testNearFullChargeStillResetsTheRun]' passed (0.000 seconds).
Test Case '-[StrandAnalyticsTests.BatteryEstimatorTests testNilWhenNoSamples]' started.
Test Case '-[StrandAnalyticsTests.BatteryEstimatorTests testNilWhenNoSamples]' passed (0.000 seconds).
Test Case '-[StrandAnalyticsTests.BatteryEstimatorTests testOldPeakDoesNotFlattenARecentFastDrain]' started.
Test Case '-[StrandAnalyticsTests.BatteryEstimatorTests testOldPeakDoesNotFlattenARecentFastDrain]' passed (0.000 seconds).
Test Case '-[StrandAnalyticsTests.BatteryEstimatorTests testPartialTopUpDoesNotInflateDaysLeft]' started.
Test Case '-[StrandAnalyticsTests.BatteryEstimatorTests testPartialTopUpDoesNotInflateDaysLeft]' passed (0.000 seconds).
Test Case '-[StrandAnalyticsTests.BatteryEstimatorTests testRatedFallbackWhenDropTooSmall]' started.
Test Case '-[StrandAnalyticsTests.BatteryEstimatorTests testRatedFallbackWhenDropTooSmall]' passed (0.000 seconds).
Test Case '-[StrandAnalyticsTests.BatteryEstimatorTests testRatedFallbackWhenSpanTooShort]' started.
Test Case '-[StrandAnalyticsTests.BatteryEstimatorTests testRatedFallbackWhenSpanTooShort]' passed (0.000 seconds).
Test Case '-[StrandAnalyticsTests.BatteryEstimatorTests testUnsortedSamplesAreHandled]' started.
Test Case '-[StrandAnalyticsTests.BatteryEstimatorTests testUnsortedSamplesAreHandled]' passed (0.000 seconds).
Test Suite 'BatteryEstimatorTests' passed at 2026-09-21 23:12:01.229.
	 Executed 16 tests, with 0 failures (0 unexpected) in 0.001 (0.002) seconds
Test Suite 'BatteryEstimatorTraceTests' started at 2026-09-21 23:12:01.229.
Test Case '-[StrandAnalyticsTests.BatteryEstimatorTraceTests testTraceEmitsSeriesChargeStepRunSlopeAndGate]' started.
Test Case '-[StrandAnalyticsTests.BatteryEstimatorTraceTests testTraceEmitsSeriesChargeStepRunSlopeAndGate]' passed (0.000 seconds).
Test Case '-[StrandAnalyticsTests.BatteryEstimatorTraceTests testTraceGateDropToRatedWhenDropTooSmall]' started.
Test Case '-[StrandAnalyticsTests.BatteryEstimatorTraceTests testTraceGateDropToRatedWhenDropTooSmall]' passed (0.000 seconds).
Test Case '-[StrandAnalyticsTests.BatteryEstimatorTraceTests testTraceNilWhenNoSamples]' started.
Test Case '-[StrandAnalyticsTests.BatteryEstimatorTraceTests testTraceNilWhenNoSamples]' passed (0.000 seconds).
Test Case '-[StrandAnalyticsTests.BatteryEstimatorTraceTests testTracePartialTopUpFitsPreTopUpSegment]' started.
Test Case '-[StrandAnalyticsTests.BatteryEstimatorTraceTests testTracePartialTopUpFitsPreTopUpSegment]' passed (0.000 seconds).
Test Suite 'BatteryEstimatorTraceTests' passed at 2026-09-21 23:12:01.229.
	 Executed 4 tests, with 0 failures (0 unexpected) in 0.000 (0.000) seconds
Test Suite 'BatteryRegistryTests' started at 2026-09-21 23:12:01.229.
Test Case '-[StrandAnalyticsTests.BatteryRegistryTests testBatteryModeCanonicalContract]' started.
Test Case '-[StrandAnalyticsTests.BatteryRegistryTests testBatteryModeCanonicalContract]' passed (0.000 seconds).
Test Suite 'BatteryRegistryTests' passed at 2026-09-21 23:12:01.229.
	 Executed 1 test, with 0 failures (0 unexpected) in 0.000 (0.000) seconds
Test Suite 'BatteryRuntimeAlertTests' started at 2026-09-21 23:12:01.229.
Test Case '-[StrandAnalyticsTests.BatteryRuntimeAlertTests testAboveThresholdNoFire]' started.
Test Case '-[StrandAnalyticsTests.BatteryRuntimeAlertTests testAboveThresholdNoFire]' passed (0.000 seconds).
Test Case '-[StrandAnalyticsTests.BatteryRuntimeAlertTests testChargingSuppressionDoesNotArmGate]' started.
Test Case '-[StrandAnalyticsTests.BatteryRuntimeAlertTests testChargingSuppressionDoesNotArmGate]' passed (0.000 seconds).
Test Case '-[StrandAnalyticsTests.BatteryRuntimeAlertTests testConfirmedChargingSuppressesButUnknownFires]' started.
Test Case '-[StrandAnalyticsTests.BatteryRuntimeAlertTests testConfirmedChargingSuppressesButUnknownFires]' passed (0.000 seconds).
Test Case '-[StrandAnalyticsTests.BatteryRuntimeAlertTests testFiresAtThresholdAndArms]' started.
Test Case '-[StrandAnalyticsTests.BatteryRuntimeAlertTests testFiresAtThresholdAndArms]' passed (0.000 seconds).
Test Case '-[StrandAnalyticsTests.BatteryRuntimeAlertTests testJitterInsideBandCannotRefire]' started.
Test Case '-[StrandAnalyticsTests.BatteryRuntimeAlertTests testJitterInsideBandCannotRefire]' passed (0.000 seconds).
Test Case '-[StrandAnalyticsTests.BatteryRuntimeAlertTests testRearmBoundaryIsInclusive]' started.
Test Case '-[StrandAnalyticsTests.BatteryRuntimeAlertTests testRearmBoundaryIsInclusive]' passed (0.000 seconds).
Test Case '-[StrandAnalyticsTests.BatteryRuntimeAlertTests testRearmsOnGenuineRecoveryThenFiresNextCycle]' started.
Test Case '-[StrandAnalyticsTests.BatteryRuntimeAlertTests testRearmsOnGenuineRecoveryThenFiresNextCycle]' passed (0.000 seconds).
Test Suite 'BatteryRuntimeAlertTests' passed at 2026-09-21 23:12:01.230.
	 Executed 7 tests, with 0 failures (0 unexpected) in 0.000 (0.001) seconds
Test Suite 'BehaviorInsightsTests' started at 2026-09-21 23:12:01.230.
Test Case '-[StrandAnalyticsTests.BehaviorInsightsTests testBehaviourNeverLoggedNoYieldsNothing]' started.
Test Case '-[StrandAnalyticsTests.BehaviorInsightsTests testBehaviourNeverLoggedNoYieldsNothing]' passed (0.000 seconds).
Test Case '-[StrandAnalyticsTests.BehaviorInsightsTests testDaysWithNoJournalRowAreNotControls]' started.
Test Case '-[StrandAnalyticsTests.BehaviorInsightsTests testDaysWithNoJournalRowAreNotControls]' passed (0.000 seconds).
Test Case '-[StrandAnalyticsTests.BehaviorInsightsTests testEffectIgnoresBehaviorDaysWithNoOutcome]' started.
Test Case '-[StrandAnalyticsTests.BehaviorInsightsTests testEffectIgnoresBehaviorDaysWithNoOutcome]' passed (0.000 seconds).
Test Case '-[StrandAnalyticsTests.BehaviorInsightsTests testEffectMeansDeltaAndSign]' started.
Test Case '-[StrandAnalyticsTests.BehaviorInsightsTests testEffectMeansDeltaAndSign]' passed (0.000 seconds).
Test Case '-[StrandAnalyticsTests.BehaviorInsightsTests testEffectNilWhenOneGroupEmpty]' started.
Test Case '-[StrandAnalyticsTests.BehaviorInsightsTests testEffectNilWhenOneGroupEmpty]' passed (0.000 seconds).
Test Case '-[StrandAnalyticsTests.BehaviorInsightsTests testEffectPositiveDirection]' started.
Test Case '-[StrandAnalyticsTests.BehaviorInsightsTests testEffectPositiveDirection]' passed (0.000 seconds).
Test Case '-[StrandAnalyticsTests.BehaviorInsightsTests testRankDropsUncomputableBehaviors]' started.
Test Case '-[StrandAnalyticsTests.BehaviorInsightsTests testRankDropsUncomputableBehaviors]' passed (0.000 seconds).
Test Case '-[StrandAnalyticsTests.BehaviorInsightsTests testRankOrdersByEffectSizeSignificantFirst]' started.
Test Case '-[StrandAnalyticsTests.BehaviorInsightsTests testRankOrdersByEffectSizeSignificantFirst]' passed (0.001 seconds).
Test Case '-[StrandAnalyticsTests.BehaviorInsightsTests testRankWithoutControlsProducesNothingRatherThanGuessing]' started.
Test Case '-[StrandAnalyticsTests.BehaviorInsightsTests testRankWithoutControlsProducesNothingRatherThanGuessing]' passed (0.000 seconds).
Test Case '-[StrandAnalyticsTests.BehaviorInsightsTests testSentenceFallsBackToUnitsWhenPctUndefined]' started.
Test Case '-[StrandAnalyticsTests.BehaviorInsightsTests testSentenceFallsBackToUnitsWhenPctUndefined]' passed (0.000 seconds).
Test Case '-[StrandAnalyticsTests.BehaviorInsightsTests testSentenceHigherWithPercent]' started.
Test Case '-[StrandAnalyticsTests.BehaviorInsightsTests testSentenceHigherWithPercent]' passed (0.000 seconds).
Test Case '-[StrandAnalyticsTests.BehaviorInsightsTests testSentenceLowerWithPercent]' started.
Test Case '-[StrandAnalyticsTests.BehaviorInsightsTests testSentenceLowerWithPercent]' passed (0.000 seconds).
Test Case '-[StrandAnalyticsTests.BehaviorInsightsTests testSignificanceFlipsWithGroupSize]' started.
Test Case '-[StrandAnalyticsTests.BehaviorInsightsTests testSignificanceFlipsWithGroupSize]' passed (0.001 seconds).
Test Case '-[StrandAnalyticsTests.BehaviorInsightsTests testSignificanceFlipsWithSeparation]' started.
Test Case '-[StrandAnalyticsTests.BehaviorInsightsTests testSignificanceFlipsWithSeparation]' passed (0.000 seconds).
Test Suite 'BehaviorInsightsTests' passed at 2026-09-21 23:12:01.236.
	 Executed 14 tests, with 0 failures (0 unexpected) in 0.005 (0.006) seconds
Test Suite 'BoutCalibrationDiagnosticTests' started at 2026-09-21 23:12:01.236.
Test Case '-[StrandAnalyticsTests.BoutCalibrationDiagnosticTests testAHalfRoundsUpOnBothPlatforms]' started.
Test Case '-[StrandAnalyticsTests.BoutCalibrationDiagnosticTests testAHalfRoundsUpOnBothPlatforms]' passed (0.000 seconds).
Test Case '-[StrandAnalyticsTests.BoutCalibrationDiagnosticTests testAnAbsurdFiniteValueIsNilRatherThanACrash]' started.
Test Case '-[StrandAnalyticsTests.BoutCalibrationDiagnosticTests testAnAbsurdFiniteValueIsNilRatherThanACrash]' passed (0.000 seconds).
Test Case '-[StrandAnalyticsTests.BoutCalibrationDiagnosticTests testAPartialTrailingBucketCountsAsAWholeBucket]' started.
Test Case '-[StrandAnalyticsTests.BoutCalibrationDiagnosticTests testAPartialTrailingBucketCountsAsAWholeBucket]' passed (0.000 seconds).
Test Case '-[StrandAnalyticsTests.BoutCalibrationDiagnosticTests testARealDropoutReadsAsTheGap]' started.
Test Case '-[StrandAnalyticsTests.BoutCalibrationDiagnosticTests testARealDropoutReadsAsTheGap]' passed (0.000 seconds).
Test Case '-[StrandAnalyticsTests.BoutCalibrationDiagnosticTests testASmallNegativeDoesNotLoseItsSign]' started.
Test Case '-[StrandAnalyticsTests.BoutCalibrationDiagnosticTests testASmallNegativeDoesNotLoseItsSign]' passed (0.000 seconds).
Test Case '-[StrandAnalyticsTests.BoutCalibrationDiagnosticTests testAThirtySecondCadenceIsFullCoverageNotThreePercent]' started.
Test Case '-[StrandAnalyticsTests.BoutCalibrationDiagnosticTests testAThirtySecondCadenceIsFullCoverageNotThreePercent]' passed (0.000 seconds).
Test Case '-[StrandAnalyticsTests.BoutCalibrationDiagnosticTests testDegenerateWindowsAreNil]' started.
Test Case '-[StrandAnalyticsTests.BoutCalibrationDiagnosticTests testDegenerateWindowsAreNil]' passed (0.000 seconds).
Test Case '-[StrandAnalyticsTests.BoutCalibrationDiagnosticTests testDetectedBoutsCarryCoverage]' started.
Test Case '-[StrandAnalyticsTests.BoutCalibrationDiagnosticTests testDetectedBoutsCarryCoverage]' passed (0.269 seconds).
Test Case '-[StrandAnalyticsTests.BoutCalibrationDiagnosticTests testMissingValuesRenderAsNilNotZero]' started.
Test Case '-[StrandAnalyticsTests.BoutCalibrationDiagnosticTests testMissingValuesRenderAsNilNotZero]' passed (0.000 seconds).
Test Case '-[StrandAnalyticsTests.BoutCalibrationDiagnosticTests testNegativesRoundSymmetricallyAndKeepTheirSign]' started.
Test Case '-[StrandAnalyticsTests.BoutCalibrationDiagnosticTests testNegativesRoundSymmetricallyAndKeepTheirSign]' passed (0.000 seconds).
Test Case '-[StrandAnalyticsTests.BoutCalibrationDiagnosticTests testNonFiniteValuesAreNil]' started.
Test Case '-[StrandAnalyticsTests.BoutCalibrationDiagnosticTests testNonFiniteValuesAreNil]' passed (0.000 seconds).
Test Case '-[StrandAnalyticsTests.BoutCalibrationDiagnosticTests testSamplesOutsideTheWindowAreIgnored]' started.
Test Case '-[StrandAnalyticsTests.BoutCalibrationDiagnosticTests testSamplesOutsideTheWindowAreIgnored]' passed (0.000 seconds).
Test Case '-[StrandAnalyticsTests.BoutCalibrationDiagnosticTests testTheLineIsExactlyThis]' started.
Test Case '-[StrandAnalyticsTests.BoutCalibrationDiagnosticTests testTheLineIsExactlyThis]' passed (0.000 seconds).
Test Suite 'BoutCalibrationDiagnosticTests' passed at 2026-09-21 23:12:01.507.
	 Executed 13 tests, with 0 failures (0 unexpected) in 0.270 (0.271) seconds
Test Suite 'BreathPacerTests' started at 2026-09-21 23:12:01.507.
Test Case '-[StrandAnalyticsTests.BreathPacerTests test_bpm_and_fraction_clamped_not_trapped]' started.
Test Case '-[StrandAnalyticsTests.BreathPacerTests test_bpm_and_fraction_clamped_not_trapped]' passed (0.000 seconds).
Test Case '-[StrandAnalyticsTests.BreathPacerTests test_golden_5p5bpm_3cycles_default_fraction]' started.
Test Case '-[StrandAnalyticsTests.BreathPacerTests test_golden_5p5bpm_3cycles_default_fraction]' passed (0.000 seconds).
Test Case '-[StrandAnalyticsTests.BreathPacerTests test_golden_6bpm_2cycles]' started.
Test Case '-[StrandAnalyticsTests.BreathPacerTests test_golden_6bpm_2cycles]' passed (0.000 seconds).
Test Case '-[StrandAnalyticsTests.BreathPacerTests test_inhale_lighter_than_exhale_always]' started.
Test Case '-[StrandAnalyticsTests.BreathPacerTests test_inhale_lighter_than_exhale_always]' passed (0.000 seconds).
Test Case '-[StrandAnalyticsTests.BreathPacerTests test_session_duration]' started.
Test Case '-[StrandAnalyticsTests.BreathPacerTests test_session_duration]' passed (0.000 seconds).
Test Case '-[StrandAnalyticsTests.BreathPacerTests test_two_cues_per_cycle_in_time_order]' started.
Test Case '-[StrandAnalyticsTests.BreathPacerTests test_two_cues_per_cycle_in_time_order]' passed (0.000 seconds).
Test Case '-[StrandAnalyticsTests.BreathPacerTests test_zero_or_negative_cycles_is_empty]' started.
Test Case '-[StrandAnalyticsTests.BreathPacerTests test_zero_or_negative_cycles_is_empty]' passed (0.000 seconds).
Test Suite 'BreathPacerTests' passed at 2026-09-21 23:12:01.508.
	 Executed 7 tests, with 0 failures (0 unexpected) in 0.000 (0.001) seconds
Test Suite 'BreathProtocolPlayerTests' started at 2026-09-21 23:12:01.508.
Test Case '-[StrandAnalyticsTests.BreathProtocolPlayerTests test_box_one_cycle_cues]' started.
Test Case '-[StrandAnalyticsTests.BreathProtocolPlayerTests test_box_one_cycle_cues]' passed (0.000 seconds).
Test Case '-[StrandAnalyticsTests.BreathProtocolPlayerTests test_catalog_contains_expected_ids]' started.
Test Case '-[StrandAnalyticsTests.BreathProtocolPlayerTests test_catalog_contains_expected_ids]' passed (0.000 seconds).
Test Case '-[StrandAnalyticsTests.BreathProtocolPlayerTests test_deep_and_478]' started.
Test Case '-[StrandAnalyticsTests.BreathProtocolPlayerTests test_deep_and_478]' passed (0.000 seconds).
Test Case '-[StrandAnalyticsTests.BreathProtocolPlayerTests test_guided_schedules_empty]' started.
Test Case '-[StrandAnalyticsTests.BreathProtocolPlayerTests test_guided_schedules_empty]' passed (0.000 seconds).
Test Case '-[StrandAnalyticsTests.BreathProtocolPlayerTests test_nadi_labels_and_cycle]' started.
Test Case '-[StrandAnalyticsTests.BreathProtocolPlayerTests test_nadi_labels_and_cycle]' passed (0.000 seconds).
Test Case '-[StrandAnalyticsTests.BreathProtocolPlayerTests test_negative_stage_duration_clamps_and_schedules_safely]' started.
Test Case '-[StrandAnalyticsTests.BreathProtocolPlayerTests test_negative_stage_duration_clamps_and_schedules_safely]' passed (0.000 seconds).
Test Case '-[StrandAnalyticsTests.BreathProtocolPlayerTests test_presence_regular_and_punching]' started.
Test Case '-[StrandAnalyticsTests.BreathProtocolPlayerTests test_presence_regular_and_punching]' passed (0.000 seconds).
Test Suite 'BreathProtocolPlayerTests' passed at 2026-09-21 23:12:01.509.
	 Executed 7 tests, with 0 failures (0 unexpected) in 0.001 (0.001) seconds
Test Suite 'BridgedNightGroupsTests' started at 2026-09-21 23:12:01.509.
Test Case '-[StrandAnalyticsTests.BridgedNightGroupsTests testDaytimeGapOverSixtyMinutesDoesNotBridge]' started.
Test Case '-[StrandAnalyticsTests.BridgedNightGroupsTests testDaytimeGapOverSixtyMinutesDoesNotBridge]' passed (0.000 seconds).
Test Case '-[StrandAnalyticsTests.BridgedNightGroupsTests testDaytimeNapStaysItsOwnGroup]' started.
Test Case '-[StrandAnalyticsTests.BridgedNightGroupsTests testDaytimeNapStaysItsOwnGroup]' passed (0.000 seconds).
Test Case '-[StrandAnalyticsTests.BridgedNightGroupsTests testEmptyInputYieldsNoGroups]' started.
Test Case '-[StrandAnalyticsTests.BridgedNightGroupsTests testEmptyInputYieldsNoGroups]' passed (0.000 seconds).
Test Case '-[StrandAnalyticsTests.BridgedNightGroupsTests testMainNightGroupIndicesUnchangedForBiphasicPlusNap]' started.
Test Case '-[StrandAnalyticsTests.BridgedNightGroupsTests testMainNightGroupIndicesUnchangedForBiphasicPlusNap]' passed (0.000 seconds).
Test Case '-[StrandAnalyticsTests.BridgedNightGroupsTests testNightTailBridgesOvernightGapOverSixtyMinutes]' started.
Test Case '-[StrandAnalyticsTests.BridgedNightGroupsTests testNightTailBridgesOvernightGapOverSixtyMinutes]' passed (0.000 seconds).
Test Case '-[StrandAnalyticsTests.BridgedNightGroupsTests testOverlappingFragmentStartsItsOwnGroup]' started.
Test Case '-[StrandAnalyticsTests.BridgedNightGroupsTests testOverlappingFragmentStartsItsOwnGroup]' passed (0.000 seconds).
Test Case '-[StrandAnalyticsTests.BridgedNightGroupsTests testRealNightFirstSleepFragmentBridgesIntoMainGroup]' started.
Test Case '-[StrandAnalyticsTests.BridgedNightGroupsTests testRealNightFirstSleepFragmentBridgesIntoMainGroup]' passed (0.000 seconds).
Test Case '-[StrandAnalyticsTests.BridgedNightGroupsTests testShortWakeBridgesTwoFragmentsWithOneGap]' started.
Test Case '-[StrandAnalyticsTests.BridgedNightGroupsTests testShortWakeBridgesTwoFragmentsWithOneGap]' passed (0.000 seconds).
Test Case '-[StrandAnalyticsTests.BridgedNightGroupsTests testThreeFragmentNightYieldsTwoGaps]' started.
Test Case '-[StrandAnalyticsTests.BridgedNightGroupsTests testThreeFragmentNightYieldsTwoGaps]' passed (0.000 seconds).
Test Case '-[StrandAnalyticsTests.BridgedNightGroupsTests testUnsortedInputIndicesReferToOriginalPositions]' started.
Test Case '-[StrandAnalyticsTests.BridgedNightGroupsTests testUnsortedInputIndicesReferToOriginalPositions]' passed (0.000 seconds).
Test Case '-[StrandAnalyticsTests.BridgedNightGroupsTests testZeroGapBridgesWithoutSeam]' started.
Test Case '-[StrandAnalyticsTests.BridgedNightGroupsTests testZeroGapBridgesWithoutSeam]' passed (0.000 seconds).
Test Suite 'BridgedNightGroupsTests' passed at 2026-09-21 23:12:01.511.
	 Executed 11 tests, with 0 failures (0 unexpected) in 0.002 (0.002) seconds
Test Suite 'CaptureAccumulatorTests' started at 2026-09-21 23:12:01.511.
Test Case '-[StrandAnalyticsTests.CaptureAccumulatorTests testBatteryFoldsEpochSamplesToOneDay]' started.
Test Case '-[StrandAnalyticsTests.CaptureAccumulatorTests testBatteryFoldsEpochSamplesToOneDay]' passed (0.001 seconds).
Test Case '-[StrandAnalyticsTests.CaptureAccumulatorTests testBatteryLocalDayFold]' started.
Test Case '-[StrandAnalyticsTests.CaptureAccumulatorTests testBatteryLocalDayFold]' passed (0.000 seconds).
Test Case '-[StrandAnalyticsTests.CaptureAccumulatorTests testDayKeyDoesNotLeakAcrossModes]' started.
Test Case '-[StrandAnalyticsTests.CaptureAccumulatorTests testDayKeyDoesNotLeakAcrossModes]' passed (0.000 seconds).
Test Case '-[StrandAnalyticsTests.CaptureAccumulatorTests testDeadTraceIsZero]' started.
Test Case '-[StrandAnalyticsTests.CaptureAccumulatorTests testDeadTraceIsZero]' passed (0.000 seconds).
Test Case '-[StrandAnalyticsTests.CaptureAccumulatorTests testModesAccumulateIndependently]' started.
Test Case '-[StrandAnalyticsTests.CaptureAccumulatorTests testModesAccumulateIndependently]' passed (0.000 seconds).
Test Case '-[StrandAnalyticsTests.CaptureAccumulatorTests testSleepCountsDistinctNights]' started.
Test Case '-[StrandAnalyticsTests.CaptureAccumulatorTests testSleepCountsDistinctNights]' passed (0.000 seconds).
Test Case '-[StrandAnalyticsTests.CaptureAccumulatorTests testStepsCountsDistinctDays]' started.
Test Case '-[StrandAnalyticsTests.CaptureAccumulatorTests testStepsCountsDistinctDays]' passed (0.000 seconds).
Test Case '-[StrandAnalyticsTests.CaptureAccumulatorTests testUniversalCountsScoredDays]' started.
Test Case '-[StrandAnalyticsTests.CaptureAccumulatorTests testUniversalCountsScoredDays]' passed (0.000 seconds).
Test Case '-[StrandAnalyticsTests.CaptureAccumulatorTests testUnmarkedDomainIsZero]' started.
Test Case '-[StrandAnalyticsTests.CaptureAccumulatorTests testUnmarkedDomainIsZero]' passed (0.000 seconds).
Test Suite 'CaptureAccumulatorTests' passed at 2026-09-21 23:12:01.513.
	 Executed 9 tests, with 0 failures (0 unexpected) in 0.001 (0.002) seconds
Test Suite 'CaptureCompletenessTests' started at 2026-09-21 23:12:01.513.
Test Case '-[StrandAnalyticsTests.CaptureCompletenessTests testActiveDomainWithoutTraceIsIncomplete]' started.
Test Case '-[StrandAnalyticsTests.CaptureCompletenessTests testActiveDomainWithoutTraceIsIncomplete]' passed (0.000 seconds).
Test Case '-[StrandAnalyticsTests.CaptureCompletenessTests testActiveDomainWithTraceIsOK]' started.
Test Case '-[StrandAnalyticsTests.CaptureCompletenessTests testActiveDomainWithTraceIsOK]' passed (0.000 seconds).
Test Case '-[StrandAnalyticsTests.CaptureCompletenessTests testDomainWithNoRegisteredTokensIsSkipped]' started.
Test Case '-[StrandAnalyticsTests.CaptureCompletenessTests testDomainWithNoRegisteredTokensIsSkipped]' passed (0.000 seconds).
Test Case '-[StrandAnalyticsTests.CaptureCompletenessTests testEmptyChecksRenderNoSection]' started.
Test Case '-[StrandAnalyticsTests.CaptureCompletenessTests testEmptyChecksRenderNoSection]' passed (0.000 seconds).
Test Case '-[StrandAnalyticsTests.CaptureCompletenessTests testEveryRegisteredDomainGradesOKOnTheFullReport]' started.
Test Case '-[StrandAnalyticsTests.CaptureCompletenessTests testEveryRegisteredDomainGradesOKOnTheFullReport]' passed (0.001 seconds).
Test Case '-[StrandAnalyticsTests.CaptureCompletenessTests testInactiveDomainIsNotGraded]' started.
Test Case '-[StrandAnalyticsTests.CaptureCompletenessTests testInactiveDomainIsNotGraded]' passed (0.000 seconds).
Test Case '-[StrandAnalyticsTests.CaptureCompletenessTests testReportSectionRendersOKAndIncomplete]' started.
Test Case '-[StrandAnalyticsTests.CaptureCompletenessTests testReportSectionRendersOKAndIncomplete]' passed (0.000 seconds).
Test Case '-[StrandAnalyticsTests.CaptureCompletenessTests testSleepOKFromComputedProvenanceLineWithoutGateTrace]' started.
Test Case '-[StrandAnalyticsTests.CaptureCompletenessTests testSleepOKFromComputedProvenanceLineWithoutGateTrace]' passed (0.000 seconds).
Test Case '-[StrandAnalyticsTests.CaptureCompletenessTests testSleepStillIncompleteWithNoSleepDiagnosticAtAll]' started.
Test Case '-[StrandAnalyticsTests.CaptureCompletenessTests testSleepStillIncompleteWithNoSleepDiagnosticAtAll]' passed (0.000 seconds).
Test Case '-[StrandAnalyticsTests.CaptureCompletenessTests testStableOrderUniversalLast]' started.
Test Case '-[StrandAnalyticsTests.CaptureCompletenessTests testStableOrderUniversalLast]' passed (0.000 seconds).
Test Case '-[StrandAnalyticsTests.CaptureCompletenessTests testTokenMapMatchesEmitterTokensExactly]' started.
Test Case '-[StrandAnalyticsTests.CaptureCompletenessTests testTokenMapMatchesEmitterTokensExactly]' passed (0.000 seconds).
Test Case '-[StrandAnalyticsTests.CaptureCompletenessTests testUniversalOKFromClockDriftAloneWhenNoScoringPassRan]' started.
Test Case '-[StrandAnalyticsTests.CaptureCompletenessTests testUniversalOKFromClockDriftAloneWhenNoScoringPassRan]' passed (0.000 seconds).
Test Suite 'CaptureCompletenessTests' passed at 2026-09-21 23:12:01.515.
	 Executed 12 tests, with 0 failures (0 unexpected) in 0.001 (0.002) seconds
Test Suite 'ChargeDriversTests' started at 2026-09-21 23:12:01.515.
Test Case '-[StrandAnalyticsTests.ChargeDriversTests testBadInputsGiveNegativeContributions]' started.
Test Case '-[StrandAnalyticsTests.ChargeDriversTests testBadInputsGiveNegativeContributions]' passed (0.002 seconds).
Test Case '-[StrandAnalyticsTests.ChargeDriversTests testColdStartHRVBaselineYieldsNoDrivers]' started.
Test Case '-[StrandAnalyticsTests.ChargeDriversTests testColdStartHRVBaselineYieldsNoDrivers]' passed (0.000 seconds).
Test Case '-[StrandAnalyticsTests.ChargeDriversTests testDriverPointRoundingUsesNearestWithHalfTiesAwayFromZero]' started.
Test Case '-[StrandAnalyticsTests.ChargeDriversTests testDriverPointRoundingUsesNearestWithHalfTiesAwayFromZero]' passed (0.007 seconds).
Test Case '-[StrandAnalyticsTests.ChargeDriversTests testGoodInputsGivePositiveContributions]' started.
Test Case '-[StrandAnalyticsTests.ChargeDriversTests testGoodInputsGivePositiveContributions]' passed (0.002 seconds).
Test Case '-[StrandAnalyticsTests.ChargeDriversTests testIssue51NegativeHalfTieUsesDefaultArg8WithoutChangingScoreOrDriverFields]' started.
Test Case '-[StrandAnalyticsTests.ChargeDriversTests testIssue51NegativeHalfTieUsesDefaultArg8WithoutChangingScoreOrDriverFields]' passed (0.001 seconds).
Test Case '-[StrandAnalyticsTests.ChargeDriversTests testMissingTermsOmittedNotFabricated]' started.
Test Case '-[StrandAnalyticsTests.ChargeDriversTests testMissingTermsOmittedNotFabricated]' passed (0.001 seconds).
Test Case '-[StrandAnalyticsTests.ChargeDriversTests testNoEmDashesInOutput]' started.
Test Case '-[StrandAnalyticsTests.ChargeDriversTests testNoEmDashesInOutput]' passed (0.002 seconds).
Test Case '-[StrandAnalyticsTests.ChargeDriversTests testNoRHRBaselineOmitsRHRRow]' started.
Test Case '-[StrandAnalyticsTests.ChargeDriversTests testNoRHRBaselineOmitsRHRRow]' passed (0.001 seconds).
Test Case '-[StrandAnalyticsTests.ChargeDriversTests testOrderedByMagnitudeBiggestMoverFirst]' started.
Test Case '-[StrandAnalyticsTests.ChargeDriversTests testOrderedByMagnitudeBiggestMoverFirst]' passed (0.002 seconds).
Test Case '-[StrandAnalyticsTests.ChargeDriversTests testSkinTempAndRespirationFormattingUseSharedPOSIXContract]' started.
Test Case '-[StrandAnalyticsTests.ChargeDriversTests testSkinTempAndRespirationFormattingUseSharedPOSIXContract]' passed (0.017 seconds).
Test Case '-[StrandAnalyticsTests.ChargeDriversTests testSkinTempDeviationIsAlwaysNonPositive]' started.
Test Case '-[StrandAnalyticsTests.ChargeDriversTests testSkinTempDeviationIsAlwaysNonPositive]' passed (0.003 seconds).
Test Case '-[StrandAnalyticsTests.ChargeDriversTests testSkinTempRelativeCarriesSignedDeviation]' started.
Test Case '-[StrandAnalyticsTests.ChargeDriversTests testSkinTempRelativeCarriesSignedDeviation]' passed (0.000 seconds).
Test Case '-[StrandAnalyticsTests.ChargeDriversTests testSkinTempRelativeNilWhenNoDeviation]' started.
Test Case '-[StrandAnalyticsTests.ChargeDriversTests testSkinTempRelativeNilWhenNoDeviation]' passed (0.000 seconds).
Test Case '-[StrandAnalyticsTests.ChargeDriversTests testSkinTempRelativeTiers]' started.
Test Case '-[StrandAnalyticsTests.ChargeDriversTests testSkinTempRelativeTiers]' passed (0.000 seconds).
Test Case '-[StrandAnalyticsTests.ChargeDriversTests testValueAndBaselineTextShape]' started.
Test Case '-[StrandAnalyticsTests.ChargeDriversTests testValueAndBaselineTextShape]' passed (0.001 seconds).
Test Suite 'ChargeDriversTests' passed at 2026-09-21 23:12:01.557.
	 Executed 15 tests, with 0 failures (0 unexpected) in 0.042 (0.042) seconds
Test Suite 'CircadianEngineTests' started at 2026-09-21 23:12:01.557.
Test Case '-[StrandAnalyticsTests.CircadianEngineTests testAFlatRhythmIsStillArrhythmicOnBothMeasures]' started.
Test Case '-[StrandAnalyticsTests.CircadianEngineTests testAFlatRhythmIsStillArrhythmicOnBothMeasures]' passed (0.001 seconds).
Test Case '-[StrandAnalyticsTests.CircadianEngineTests testAnAbsoluteOnlyRhythmIsReadableButNotSolid]' started.
Test Case '-[StrandAnalyticsTests.CircadianEngineTests testAnAbsoluteOnlyRhythmIsReadableButNotSolid]' passed (0.001 seconds).
Test Case '-[StrandAnalyticsTests.CircadianEngineTests testAProportionalSwingStillPasses]' started.
Test Case '-[StrandAnalyticsTests.CircadianEngineTests testAProportionalSwingStillPasses]' passed (0.000 seconds).
Test Case '-[StrandAnalyticsTests.CircadianEngineTests testArrhythmicProfileIsUnreadable]' started.
Test Case '-[StrandAnalyticsTests.CircadianEngineTests testArrhythmicProfileIsUnreadable]' passed (0.000 seconds).
Test Case '-[StrandAnalyticsTests.CircadianEngineTests testChronotypeBucketsAbsolutePhaseCircularly]' started.
Test Case '-[StrandAnalyticsTests.CircadianEngineTests testChronotypeBucketsAbsolutePhaseCircularly]' passed (0.001 seconds).
Test Case '-[StrandAnalyticsTests.CircadianEngineTests testChronotypeIsNamedOnlyForASolidFit]' started.
Test Case '-[StrandAnalyticsTests.CircadianEngineTests testChronotypeIsNamedOnlyForASolidFit]' passed (0.000 seconds).
Test Case '-[StrandAnalyticsTests.CircadianEngineTests testClockFormatting]' started.
Test Case '-[StrandAnalyticsTests.CircadianEngineTests testClockFormatting]' passed (0.000 seconds).
Test Case '-[StrandAnalyticsTests.CircadianEngineTests testConsistentLateSleeperIsEveningTypeDespiteAZeroScheduleOffset]' started.
Test Case '-[StrandAnalyticsTests.CircadianEngineTests testConsistentLateSleeperIsEveningTypeDespiteAZeroScheduleOffset]' passed (0.000 seconds).
Test Case '-[StrandAnalyticsTests.CircadianEngineTests testCosinorAcrophaseWrapsIntoDay]' started.
Test Case '-[StrandAnalyticsTests.CircadianEngineTests testCosinorAcrophaseWrapsIntoDay]' passed (0.000 seconds).
Test Case '-[StrandAnalyticsTests.CircadianEngineTests testCosinorRecoversInjectedParameters]' started.
Test Case '-[StrandAnalyticsTests.CircadianEngineTests testCosinorRecoversInjectedParameters]' passed (0.000 seconds).
Test Case '-[StrandAnalyticsTests.CircadianEngineTests testCosinorRejectsTooFewPoints]' started.
Test Case '-[StrandAnalyticsTests.CircadianEngineTests testCosinorRejectsTooFewPoints]' passed (0.000 seconds).
Test Case '-[StrandAnalyticsTests.CircadianEngineTests testEastwardAdvancePlanUsesMorningLight]' started.
Test Case '-[StrandAnalyticsTests.CircadianEngineTests testEastwardAdvancePlanUsesMorningLight]' passed (0.000 seconds).
Test Case '-[StrandAnalyticsTests.CircadianEngineTests testIdealSleepWindowPlacesTheWindowOnTheRing]' started.
Test Case '-[StrandAnalyticsTests.CircadianEngineTests testIdealSleepWindowPlacesTheWindowOnTheRing]' passed (0.001 seconds).
Test Case '-[StrandAnalyticsTests.CircadianEngineTests testIdealWindowSharesTheWakeAnchorAcrossDurations]' started.
Test Case '-[StrandAnalyticsTests.CircadianEngineTests testIdealWindowSharesTheWakeAnchorAcrossDurations]' passed (0.000 seconds).
Test Case '-[StrandAnalyticsTests.CircadianEngineTests testNoShiftNeededReturnsNonePlan]' started.
Test Case '-[StrandAnalyticsTests.CircadianEngineTests testNoShiftNeededReturnsNonePlan]' passed (0.000 seconds).
Test Case '-[StrandAnalyticsTests.CircadianEngineTests testObservedTempMinOverridesDerived]' started.
Test Case '-[StrandAnalyticsTests.CircadianEngineTests testObservedTempMinOverridesDerived]' passed (0.000 seconds).
Test Case '-[StrandAnalyticsTests.CircadianEngineTests testPlanNeverMentionsSupplements]' started.
Test Case '-[StrandAnalyticsTests.CircadianEngineTests testPlanNeverMentionsSupplements]' passed (0.000 seconds).
Test Case '-[StrandAnalyticsTests.CircadianEngineTests testSleepWindowOffsetHours]' started.
Test Case '-[StrandAnalyticsTests.CircadianEngineTests testSleepWindowOffsetHours]' passed (0.000 seconds).
Test Case '-[StrandAnalyticsTests.CircadianEngineTests testSteppedAtOneHourPerDay]' started.
Test Case '-[StrandAnalyticsTests.CircadianEngineTests testSteppedAtOneHourPerDay]' passed (0.000 seconds).
Test Case '-[StrandAnalyticsTests.CircadianEngineTests testStrongRhythmEnoughDaysIsSolid]' started.
Test Case '-[StrandAnalyticsTests.CircadianEngineTests testStrongRhythmEnoughDaysIsSolid]' passed (0.000 seconds).
Test Case '-[StrandAnalyticsTests.CircadianEngineTests testTheAbsoluteFloorIsWhereItSays]' started.
Test Case '-[StrandAnalyticsTests.CircadianEngineTests testTheAbsoluteFloorIsWhereItSays]' passed (0.000 seconds).
Test Case '-[StrandAnalyticsTests.CircadianEngineTests testTheMeasuredWearerIsNoLongerSilenced]' started.
Test Case '-[StrandAnalyticsTests.CircadianEngineTests testTheMeasuredWearerIsNoLongerSilenced]' passed (0.000 seconds).
Test Case '-[StrandAnalyticsTests.CircadianEngineTests testTheSameSwingNoLongerDependsOnTheBaseline]' started.
Test Case '-[StrandAnalyticsTests.CircadianEngineTests testTheSameSwingNoLongerDependsOnTheBaseline]' passed (0.000 seconds).
Test Case '-[StrandAnalyticsTests.CircadianEngineTests testThinDataIsWideOrUnreadable]' started.
Test Case '-[StrandAnalyticsTests.CircadianEngineTests testThinDataIsWideOrUnreadable]' passed (0.000 seconds).
Test Case '-[StrandAnalyticsTests.CircadianEngineTests testWestwardDelayPlanUsesEveningLight]' started.
Test Case '-[StrandAnalyticsTests.CircadianEngineTests testWestwardDelayPlanUsesEveningLight]' passed (0.000 seconds).
Test Case '-[StrandAnalyticsTests.CircadianEngineTests testWindowOffsetAndScheduleOffsetAreDifferentQuantities]' started.
Test Case '-[StrandAnalyticsTests.CircadianEngineTests testWindowOffsetAndScheduleOffsetAreDifferentQuantities]' passed (0.000 seconds).
Test Suite 'CircadianEngineTests' passed at 2026-09-21 23:12:01.565.
	 Executed 26 tests, with 0 failures (0 unexpected) in 0.006 (0.008) seconds
Test Suite 'ClockFormatLocaleTests' started at 2026-09-21 23:12:01.565.
Test Case '-[StrandAnalyticsTests.ClockFormatLocaleTests testIdentifierShape]' started.
Test Case '-[StrandAnalyticsTests.ClockFormatLocaleTests testIdentifierShape]' passed (0.000 seconds).
Test Case '-[StrandAnalyticsTests.ClockFormatLocaleTests testJTemplateHonoursTheForcedHourCycle]' started.
Test Case '-[StrandAnalyticsTests.ClockFormatLocaleTests testJTemplateHonoursTheForcedHourCycle]' passed (0.002 seconds).
Test Case '-[StrandAnalyticsTests.ClockFormatLocaleTests testTimeStyleShortHonoursTheForcedHourCycle]' started.
Test Case '-[StrandAnalyticsTests.ClockFormatLocaleTests testTimeStyleShortHonoursTheForcedHourCycle]' passed (0.001 seconds).
Test Suite 'ClockFormatLocaleTests' passed at 2026-09-21 23:12:01.568.
	 Executed 3 tests, with 0 failures (0 unexpected) in 0.003 (0.003) seconds
Test Suite 'ClockFormatTests' started at 2026-09-21 23:12:01.568.
Test Case '-[StrandAnalyticsTests.ClockFormatTests testAnExplicitChoiceOverridesTheDevice]' started.
Test Case '-[StrandAnalyticsTests.ClockFormatTests testAnExplicitChoiceOverridesTheDevice]' passed (0.000 seconds).
Test Case '-[StrandAnalyticsTests.ClockFormatTests testHourMinutePattern]' started.
Test Case '-[StrandAnalyticsTests.ClockFormatTests testHourMinutePattern]' passed (0.000 seconds).
Test Case '-[StrandAnalyticsTests.ClockFormatTests testHourMinuteTemplateNeverDefersToTheLocaleHour]' started.
Test Case '-[StrandAnalyticsTests.ClockFormatTests testHourMinuteTemplateNeverDefersToTheLocaleHour]' passed (0.000 seconds).
Test Case '-[StrandAnalyticsTests.ClockFormatTests testStoredVocabularyIsPinned]' started.
Test Case '-[StrandAnalyticsTests.ClockFormatTests testStoredVocabularyIsPinned]' passed (0.000 seconds).
Test Case '-[StrandAnalyticsTests.ClockFormatTests testSystemDefersToTheDevice]' started.
Test Case '-[StrandAnalyticsTests.ClockFormatTests testSystemDefersToTheDevice]' passed (0.000 seconds).
Test Case '-[StrandAnalyticsTests.ClockFormatTests testUnknownStoredValuesFallBackToSystemNotToAClock]' started.
Test Case '-[StrandAnalyticsTests.ClockFormatTests testUnknownStoredValuesFallBackToSystemNotToAClock]' passed (0.000 seconds).
Test Suite 'ClockFormatTests' passed at 2026-09-21 23:12:01.569.
	 Executed 6 tests, with 0 failures (0 unexpected) in 0.000 (0.001) seconds
Test Suite 'CoachSuggestionsTests' started at 2026-09-21 23:12:01.569.
Test Case '-[StrandAnalyticsTests.CoachSuggestionsTests testAllNilFieldsReturnsFallback]' started.
Test Case '-[StrandAnalyticsTests.CoachSuggestionsTests testAllNilFieldsReturnsFallback]' passed (0.000 seconds).
Test Case '-[StrandAnalyticsTests.CoachSuggestionsTests testAllSignalsFireCapsAtFour]' started.
Test Case '-[StrandAnalyticsTests.CoachSuggestionsTests testAllSignalsFireCapsAtFour]' passed (0.000 seconds).
Test Case '-[StrandAnalyticsTests.CoachSuggestionsTests testChargeBoundary34IsMidBand]' started.
Test Case '-[StrandAnalyticsTests.CoachSuggestionsTests testChargeBoundary34IsMidBand]' passed (0.000 seconds).
Test Case '-[StrandAnalyticsTests.CoachSuggestionsTests testChargeBoundary67IsGreenBand]' started.
Test Case '-[StrandAnalyticsTests.CoachSuggestionsTests testChargeBoundary67IsGreenBand]' passed (0.000 seconds).
Test Case '-[StrandAnalyticsTests.CoachSuggestionsTests testChargeOnlyYieldsChargeAndGeneric]' started.
Test Case '-[StrandAnalyticsTests.CoachSuggestionsTests testChargeOnlyYieldsChargeAndGeneric]' passed (0.000 seconds).
Test Case '-[StrandAnalyticsTests.CoachSuggestionsTests testFallbackListIsCanonical]' started.
Test Case '-[StrandAnalyticsTests.CoachSuggestionsTests testFallbackListIsCanonical]' passed (0.000 seconds).
Test Case '-[StrandAnalyticsTests.CoachSuggestionsTests testHighChargeGreenLightChip]' started.
Test Case '-[StrandAnalyticsTests.CoachSuggestionsTests testHighChargeGreenLightChip]' passed (0.000 seconds).
Test Case '-[StrandAnalyticsTests.CoachSuggestionsTests testHighStrainAddsLoadedChip]' started.
Test Case '-[StrandAnalyticsTests.CoachSuggestionsTests testHighStrainAddsLoadedChip]' passed (0.000 seconds).
Test Case '-[StrandAnalyticsTests.CoachSuggestionsTests testHrvAtBaselineDoesNotAddDownChip]' started.
Test Case '-[StrandAnalyticsTests.CoachSuggestionsTests testHrvAtBaselineDoesNotAddDownChip]' passed (0.000 seconds).
Test Case '-[StrandAnalyticsTests.CoachSuggestionsTests testHrvBaselineExcludesToday]' started.
Test Case '-[StrandAnalyticsTests.CoachSuggestionsTests testHrvBaselineExcludesToday]' passed (0.000 seconds).
Test Case '-[StrandAnalyticsTests.CoachSuggestionsTests testHrvBelowBaselineAddsDownChip]' started.
Test Case '-[StrandAnalyticsTests.CoachSuggestionsTests testHrvBelowBaselineAddsDownChip]' passed (0.000 seconds).
Test Case '-[StrandAnalyticsTests.CoachSuggestionsTests testLowChargeActiveRecoveryChip]' started.
Test Case '-[StrandAnalyticsTests.CoachSuggestionsTests testLowChargeActiveRecoveryChip]' passed (0.000 seconds).
Test Case '-[StrandAnalyticsTests.CoachSuggestionsTests testMidChargeQualityOverVolumeChip]' started.
Test Case '-[StrandAnalyticsTests.CoachSuggestionsTests testMidChargeQualityOverVolumeChip]' passed (0.000 seconds).
Test Case '-[StrandAnalyticsTests.CoachSuggestionsTests testNilTodayReturnsFallback]' started.
Test Case '-[StrandAnalyticsTests.CoachSuggestionsTests testNilTodayReturnsFallback]' passed (0.000 seconds).
Test Case '-[StrandAnalyticsTests.CoachSuggestionsTests testPoorSleepAddsRecoverChip]' started.
Test Case '-[StrandAnalyticsTests.CoachSuggestionsTests testPoorSleepAddsRecoverChip]' passed (0.000 seconds).
Test Case '-[StrandAnalyticsTests.CoachSuggestionsTests testSixHoursIsNotPoor]' started.
Test Case '-[StrandAnalyticsTests.CoachSuggestionsTests testSixHoursIsNotPoor]' passed (0.000 seconds).
Test Case '-[StrandAnalyticsTests.CoachSuggestionsTests testStrainBelow14DoesNotAddLoadedChip]' started.
Test Case '-[StrandAnalyticsTests.CoachSuggestionsTests testStrainBelow14DoesNotAddLoadedChip]' passed (0.000 seconds).
Test Suite 'CoachSuggestionsTests' passed at 2026-09-21 23:12:01.572.
	 Executed 17 tests, with 0 failures (0 unexpected) in 0.002 (0.003) seconds
Test Suite 'ComparisonEngineTests' started at 2026-09-21 23:12:01.572.
Test Case '-[StrandAnalyticsTests.ComparisonEngineTests testCompareDown]' started.
Test Case '-[StrandAnalyticsTests.ComparisonEngineTests testCompareDown]' passed (0.000 seconds).
Test Case '-[StrandAnalyticsTests.ComparisonEngineTests testCompareFlat]' started.
Test Case '-[StrandAnalyticsTests.ComparisonEngineTests testCompareFlat]' passed (0.000 seconds).
Test Case '-[StrandAnalyticsTests.ComparisonEngineTests testComparePreviousEmptyGivesNilPct]' started.
Test Case '-[StrandAnalyticsTests.ComparisonEngineTests testComparePreviousEmptyGivesNilPct]' passed (0.000 seconds).
Test Case '-[StrandAnalyticsTests.ComparisonEngineTests testComparePreviousZeroMeanGivesNilPct]' started.
Test Case '-[StrandAnalyticsTests.ComparisonEngineTests testComparePreviousZeroMeanGivesNilPct]' passed (0.000 seconds).
Test Case '-[StrandAnalyticsTests.ComparisonEngineTests testCompareUp]' started.
Test Case '-[StrandAnalyticsTests.ComparisonEngineTests testCompareUp]' passed (0.000 seconds).
Test Case '-[StrandAnalyticsTests.ComparisonEngineTests testMedianEvenCount]' started.
Test Case '-[StrandAnalyticsTests.ComparisonEngineTests testMedianEvenCount]' passed (0.000 seconds).
Test Case '-[StrandAnalyticsTests.ComparisonEngineTests testMonthOverMonthBadReferenceDayGivesEmpty]' started.
Test Case '-[StrandAnalyticsTests.ComparisonEngineTests testMonthOverMonthBadReferenceDayGivesEmpty]' passed (0.000 seconds).
Test Case '-[StrandAnalyticsTests.ComparisonEngineTests testMonthOverMonthCrossesYearBoundary]' started.
Test Case '-[StrandAnalyticsTests.ComparisonEngineTests testMonthOverMonthCrossesYearBoundary]' passed (0.000 seconds).
Test Case '-[StrandAnalyticsTests.ComparisonEngineTests testMonthOverMonthSplitsOnCalendarMonth]' started.
Test Case '-[StrandAnalyticsTests.ComparisonEngineTests testMonthOverMonthSplitsOnCalendarMonth]' passed (0.000 seconds).
Test Case '-[StrandAnalyticsTests.ComparisonEngineTests testMonthOverMonthUnsortedInputStillChronologicalSlope]' started.
Test Case '-[StrandAnalyticsTests.ComparisonEngineTests testMonthOverMonthUnsortedInputStillChronologicalSlope]' passed (0.000 seconds).
Test Case '-[StrandAnalyticsTests.ComparisonEngineTests testSlopeOnDescendingSeries]' started.
Test Case '-[StrandAnalyticsTests.ComparisonEngineTests testSlopeOnDescendingSeries]' passed (0.000 seconds).
Test Case '-[StrandAnalyticsTests.ComparisonEngineTests testStatEmpty]' started.
Test Case '-[StrandAnalyticsTests.ComparisonEngineTests testStatEmpty]' passed (0.000 seconds).
Test Case '-[StrandAnalyticsTests.ComparisonEngineTests testStatHandComputed]' started.
Test Case '-[StrandAnalyticsTests.ComparisonEngineTests testStatHandComputed]' passed (0.000 seconds).
Test Case '-[StrandAnalyticsTests.ComparisonEngineTests testStatSingleValue]' started.
Test Case '-[StrandAnalyticsTests.ComparisonEngineTests testStatSingleValue]' passed (0.000 seconds).
Test Suite 'ComparisonEngineTests' passed at 2026-09-21 23:12:01.576.
	 Executed 14 tests, with 0 failures (0 unexpected) in 0.004 (0.004) seconds
Test Suite 'ConnectionReadoutTests' started at 2026-09-21 23:12:01.576.
Test Case '-[StrandAnalyticsTests.ConnectionReadoutTests testClockCorrelatedDeviceParsesNewest]' started.
Test Case '-[StrandAnalyticsTests.ConnectionReadoutTests testClockCorrelatedDeviceParsesNewest]' passed (0.000 seconds).
Test Case '-[StrandAnalyticsTests.ConnectionReadoutTests testClockLatchedLabel]' started.
Test Case '-[StrandAnalyticsTests.ConnectionReadoutTests testClockLatchedLabel]' passed (0.000 seconds).
Test Case '-[StrandAnalyticsTests.ConnectionReadoutTests testClockLatchedLabelFallsBackToStrapNewestForFiveMG]' started.
Test Case '-[StrandAnalyticsTests.ConnectionReadoutTests testClockLatchedLabelFallsBackToStrapNewestForFiveMG]' passed (0.000 seconds).
Test Case '-[StrandAnalyticsTests.ConnectionReadoutTests testDrainedRowsFromSummary]' started.
Test Case '-[StrandAnalyticsTests.ConnectionReadoutTests testDrainedRowsFromSummary]' passed (0.000 seconds).
Test Case '-[StrandAnalyticsTests.ConnectionReadoutTests testLastFrameLabel]' started.
Test Case '-[StrandAnalyticsTests.ConnectionReadoutTests testLastFrameLabel]' passed (0.000 seconds).
Test Case '-[StrandAnalyticsTests.ConnectionReadoutTests testLastOffloadResult]' started.
Test Case '-[StrandAnalyticsTests.ConnectionReadoutTests testLastOffloadResult]' passed (0.000 seconds).
Test Case '-[StrandAnalyticsTests.ConnectionReadoutTests testLastOffloadResultIdleTimeoutAfterRows]' started.
Test Case '-[StrandAnalyticsTests.ConnectionReadoutTests testLastOffloadResultIdleTimeoutAfterRows]' passed (0.000 seconds).
Test Case '-[StrandAnalyticsTests.ConnectionReadoutTests testLastOffloadResultNilWhenNone]' started.
Test Case '-[StrandAnalyticsTests.ConnectionReadoutTests testLastOffloadResultNilWhenNone]' passed (0.000 seconds).
Test Case '-[StrandAnalyticsTests.ConnectionReadoutTests testLastOffloadResultStalled]' started.
Test Case '-[StrandAnalyticsTests.ConnectionReadoutTests testLastOffloadResultStalled]' passed (0.000 seconds).
Test Case '-[StrandAnalyticsTests.ConnectionReadoutTests testLinkEpitaph]' started.
Test Case '-[StrandAnalyticsTests.ConnectionReadoutTests testLinkEpitaph]' passed (0.000 seconds).
Test Case '-[StrandAnalyticsTests.ConnectionReadoutTests testReconnectCountTakesHighest]' started.
Test Case '-[StrandAnalyticsTests.ConnectionReadoutTests testReconnectCountTakesHighest]' passed (0.000 seconds).
Test Case '-[StrandAnalyticsTests.ConnectionReadoutTests testReconnectCountZeroWhenNone]' started.
Test Case '-[StrandAnalyticsTests.ConnectionReadoutTests testReconnectCountZeroWhenNone]' passed (0.000 seconds).
Test Case '-[StrandAnalyticsTests.ConnectionReadoutTests testRtcWarningFiresOnEpochEraClockOrNewest]' started.
Test Case '-[StrandAnalyticsTests.ConnectionReadoutTests testRtcWarningFiresOnEpochEraClockOrNewest]' passed (0.000 seconds).
Test Case '-[StrandAnalyticsTests.ConnectionReadoutTests testRtcWarningRemedyTracksBattery]' started.
Test Case '-[StrandAnalyticsTests.ConnectionReadoutTests testRtcWarningRemedyTracksBattery]' passed (0.000 seconds).
Test Case '-[StrandAnalyticsTests.ConnectionReadoutTests testSessionRowsEmptyResultIsZeroNotStale]' started.
Test Case '-[StrandAnalyticsTests.ConnectionReadoutTests testSessionRowsEmptyResultIsZeroNotStale]' passed (0.000 seconds).
Test Case '-[StrandAnalyticsTests.ConnectionReadoutTests testSessionRowsFromProgressLine]' started.
Test Case '-[StrandAnalyticsTests.ConnectionReadoutTests testSessionRowsFromProgressLine]' passed (0.000 seconds).
Test Case '-[StrandAnalyticsTests.ConnectionReadoutTests testSessionRowsNilWhenNoOffload]' started.
Test Case '-[StrandAnalyticsTests.ConnectionReadoutTests testSessionRowsNilWhenNoOffload]' passed (0.000 seconds).
Test Case '-[StrandAnalyticsTests.ConnectionReadoutTests testSessionRowsResultLineWins]' started.
Test Case '-[StrandAnalyticsTests.ConnectionReadoutTests testSessionRowsResultLineWins]' passed (0.000 seconds).
Test Case '-[StrandAnalyticsTests.ConnectionReadoutTests testUptimeLabelDownAfterDisconnect]' started.
Test Case '-[StrandAnalyticsTests.ConnectionReadoutTests testUptimeLabelDownAfterDisconnect]' passed (0.000 seconds).
Test Case '-[StrandAnalyticsTests.ConnectionReadoutTests testUptimeLabelDownWithASessionDuration]' started.
Test Case '-[StrandAnalyticsTests.ConnectionReadoutTests testUptimeLabelDownWithASessionDuration]' passed (0.000 seconds).
Test Case '-[StrandAnalyticsTests.ConnectionReadoutTests testUptimeLabelEmptyTail]' started.
Test Case '-[StrandAnalyticsTests.ConnectionReadoutTests testUptimeLabelEmptyTail]' passed (0.000 seconds).
Test Case '-[StrandAnalyticsTests.ConnectionReadoutTests testUptimeLabelFromConnectMarker]' started.
Test Case '-[StrandAnalyticsTests.ConnectionReadoutTests testUptimeLabelFromConnectMarker]' passed (0.000 seconds).
Test Suite 'ConnectionReadoutTests' passed at 2026-09-21 23:12:01.578.
	 Executed 22 tests, with 0 failures (0 unexpected) in 0.001 (0.002) seconds
Test Suite 'ConnectionTraceTests' started at 2026-09-21 23:12:01.578.
Test Case '-[StrandAnalyticsTests.ConnectionTraceTests testClockDriftLineBehindWithinToleranceStaysOk]' started.
Test Case '-[StrandAnalyticsTests.ConnectionTraceTests testClockDriftLineBehindWithinToleranceStaysOk]' passed (0.000 seconds).
Test Case '-[StrandAnalyticsTests.ConnectionTraceTests testClockDriftLineEpochEraReadsRtcEpoch]' started.
Test Case '-[StrandAnalyticsTests.ConnectionTraceTests testClockDriftLineEpochEraReadsRtcEpoch]' passed (0.000 seconds).
Test Case '-[StrandAnalyticsTests.ConnectionTraceTests testClockDriftLineFarBehindIsWarning]' started.
Test Case '-[StrandAnalyticsTests.ConnectionTraceTests testClockDriftLineFarBehindIsWarning]' passed (0.000 seconds).
Test Case '-[StrandAnalyticsTests.ConnectionTraceTests testClockDriftLineFutureDated]' started.
Test Case '-[StrandAnalyticsTests.ConnectionTraceTests testClockDriftLineFutureDated]' passed (0.000 seconds).
Test Case '-[StrandAnalyticsTests.ConnectionTraceTests testClockDriftLineHealthy]' started.
Test Case '-[StrandAnalyticsTests.ConnectionTraceTests testClockDriftLineHealthy]' passed (0.000 seconds).
Test Case '-[StrandAnalyticsTests.ConnectionTraceTests testClockDriftLineWithinToleranceIsOk]' started.
Test Case '-[StrandAnalyticsTests.ConnectionTraceTests testClockDriftLineWithinToleranceIsOk]' passed (0.000 seconds).
Test Case '-[StrandAnalyticsTests.ConnectionTraceTests testFirmwareLine]' started.
Test Case '-[StrandAnalyticsTests.ConnectionTraceTests testFirmwareLine]' passed (0.000 seconds).
Test Case '-[StrandAnalyticsTests.ConnectionTraceTests testNoCursorLine]' started.
Test Case '-[StrandAnalyticsTests.ConnectionTraceTests testNoCursorLine]' passed (0.000 seconds).
Test Suite 'ConnectionTraceTests' passed at 2026-09-21 23:12:01.581.
	 Executed 8 tests, with 0 failures (0 unexpected) in 0.002 (0.002) seconds
Test Suite 'CorrelationEngineTests' started at 2026-09-21 23:12:01.581.
Test Case '-[StrandAnalyticsTests.CorrelationEngineTests testAlignByDayInnerJoinSorted]' started.
Test Case '-[StrandAnalyticsTests.CorrelationEngineTests testAlignByDayInnerJoinSorted]' passed (0.000 seconds).
Test Case '-[StrandAnalyticsTests.CorrelationEngineTests testIndependentSeriesNearZero]' started.
Test Case '-[StrandAnalyticsTests.CorrelationEngineTests testIndependentSeriesNearZero]' passed (0.000 seconds).
Test Case '-[StrandAnalyticsTests.CorrelationEngineTests testLaggedDiscriminatesOnNonMonotoneSeries]' started.
Test Case '-[StrandAnalyticsTests.CorrelationEngineTests testLaggedDiscriminatesOnNonMonotoneSeries]' passed (0.001 seconds).
Test Case '-[StrandAnalyticsTests.CorrelationEngineTests testLaggedPicksTheRightOffset]' started.
Test Case '-[StrandAnalyticsTests.CorrelationEngineTests testLaggedPicksTheRightOffset]' passed (0.001 seconds).
Test Case '-[StrandAnalyticsTests.CorrelationEngineTests testLaggedZeroLagEqualsAlign]' started.
Test Case '-[StrandAnalyticsTests.CorrelationEngineTests testLaggedZeroLagEqualsAlign]' passed (0.000 seconds).
Test Case '-[StrandAnalyticsTests.CorrelationEngineTests testPearsonGoldenValues]' started.
Test Case '-[StrandAnalyticsTests.CorrelationEngineTests testPearsonGoldenValues]' passed (0.000 seconds).
Test Case '-[StrandAnalyticsTests.CorrelationEngineTests testPearsonTooFewReturnsNil]' started.
Test Case '-[StrandAnalyticsTests.CorrelationEngineTests testPearsonTooFewReturnsNil]' passed (0.000 seconds).
Test Case '-[StrandAnalyticsTests.CorrelationEngineTests testPearsonZeroVarianceReturnsNil]' started.
Test Case '-[StrandAnalyticsTests.CorrelationEngineTests testPearsonZeroVarianceReturnsNil]' passed (0.000 seconds).
Test Case '-[StrandAnalyticsTests.CorrelationEngineTests testPerfectNegativeCorrelation]' started.
Test Case '-[StrandAnalyticsTests.CorrelationEngineTests testPerfectNegativeCorrelation]' passed (0.000 seconds).
Test Case '-[StrandAnalyticsTests.CorrelationEngineTests testPerfectPositiveCorrelation]' started.
Test Case '-[StrandAnalyticsTests.CorrelationEngineTests testPerfectPositiveCorrelation]' passed (0.000 seconds).
Test Case '-[StrandAnalyticsTests.CorrelationEngineTests testShiftDayCrossesMonthAndYear]' started.
Test Case '-[StrandAnalyticsTests.CorrelationEngineTests testShiftDayCrossesMonthAndYear]' passed (0.000 seconds).
Test Suite 'CorrelationEngineTests' passed at 2026-09-21 23:12:01.584.
	 Executed 11 tests, with 0 failures (0 unexpected) in 0.003 (0.004) seconds
Test Suite 'CurrentHRVNativeOracleTests' started at 2026-09-21 23:12:01.584.
Test Case '-[StrandAnalyticsTests.CurrentHRVNativeOracleTests testLegacyDeliveryCoverageIsNotAQualifiedCurrentMeasurement]' started.
Test Case '-[StrandAnalyticsTests.CurrentHRVNativeOracleTests testLegacyDeliveryCoverageIsNotAQualifiedCurrentMeasurement]' passed (0.066 seconds).
Test Suite 'CurrentHRVNativeOracleTests' passed at 2026-09-21 23:12:01.651.
	 Executed 1 test, with 0 failures (0 unexpected) in 0.066 (0.067) seconds
Test Suite 'CurrentHRVTests' started at 2026-09-21 23:12:01.651.
Test Case '-[StrandAnalyticsTests.CurrentHRVTests testCleanHighVariabilitySurvives]' started.
Test Case '-[StrandAnalyticsTests.CurrentHRVTests testCleanHighVariabilitySurvives]' passed (0.050 seconds).
Test Case '-[StrandAnalyticsTests.CurrentHRVTests testLatestCompletedWindowCannotBorrowOldOrFutureData]' started.
Test Case '-[StrandAnalyticsTests.CurrentHRVTests testLatestCompletedWindowCannotBorrowOldOrFutureData]' passed (0.006 seconds).
Test Case '-[StrandAnalyticsTests.CurrentHRVTests testLegacyRowsDoNotProveConsecutiveOriginalBeats]' started.
Test Case '-[StrandAnalyticsTests.CurrentHRVTests testLegacyRowsDoNotProveConsecutiveOriginalBeats]' passed (0.001 seconds).
Test Case '-[StrandAnalyticsTests.CurrentHRVTests testProvenFullWindowPreservesTrueZero]' started.
Test Case '-[StrandAnalyticsTests.CurrentHRVTests testProvenFullWindowPreservesTrueZero]' passed (0.063 seconds).
Test Suite 'CurrentHRVTests' passed at 2026-09-21 23:12:01.773.
	 Executed 4 tests, with 0 failures (0 unexpected) in 0.121 (0.122) seconds
Test Suite 'CyclePhaseEngineTests' started at 2026-09-21 23:12:01.773.
Test Case '-[StrandAnalyticsTests.CyclePhaseEngineTests testCycleDayEstimateIsARangeNotAPoint]' started.
Test Case '-[StrandAnalyticsTests.CyclePhaseEngineTests testCycleDayEstimateIsARangeNotAPoint]' passed (0.007 seconds).
Test Case '-[StrandAnalyticsTests.CyclePhaseEngineTests testDetectsPlausibleCycleLength]' started.
Test Case '-[StrandAnalyticsTests.CyclePhaseEngineTests testDetectsPlausibleCycleLength]' passed (0.009 seconds).
Test Case '-[StrandAnalyticsTests.CyclePhaseEngineTests testFlatSeriesYieldsUnknownNotAPhase]' started.
Test Case '-[StrandAnalyticsTests.CyclePhaseEngineTests testFlatSeriesYieldsUnknownNotAPhase]' passed (0.004 seconds).
Test Case '-[StrandAnalyticsTests.CyclePhaseEngineTests testFollicularNightClassifiesFollicular]' started.
Test Case '-[StrandAnalyticsTests.CyclePhaseEngineTests testFollicularNightClassifiesFollicular]' passed (0.007 seconds).
Test Case '-[StrandAnalyticsTests.CyclePhaseEngineTests testFusedIndexNegatesHRVAndRenormalises]' started.
Test Case '-[StrandAnalyticsTests.CyclePhaseEngineTests testFusedIndexNegatesHRVAndRenormalises]' passed (0.000 seconds).
Test Case '-[StrandAnalyticsTests.CyclePhaseEngineTests testInsufficientDataIsLearning]' started.
Test Case '-[StrandAnalyticsTests.CyclePhaseEngineTests testInsufficientDataIsLearning]' passed (0.000 seconds).
Test Case '-[StrandAnalyticsTests.CyclePhaseEngineTests testLoggedPeriodMistimedIsFlagged]' started.
Test Case '-[StrandAnalyticsTests.CyclePhaseEngineTests testLoggedPeriodMistimedIsFlagged]' passed (0.006 seconds).
Test Case '-[StrandAnalyticsTests.CyclePhaseEngineTests testLutealNightClassifiesLuteal]' started.
Test Case '-[StrandAnalyticsTests.CyclePhaseEngineTests testLutealNightClassifiesLuteal]' passed (0.006 seconds).
Test Case '-[StrandAnalyticsTests.CyclePhaseEngineTests testNextPeriodIsAWindow]' started.
Test Case '-[StrandAnalyticsTests.CyclePhaseEngineTests testNextPeriodIsAWindow]' passed (0.009 seconds).
Test Case '-[StrandAnalyticsTests.CyclePhaseEngineTests testNoFertilityOrContraceptionLanguage]' started.
Test Case '-[StrandAnalyticsTests.CyclePhaseEngineTests testNoFertilityOrContraceptionLanguage]' passed (0.017 seconds).
Test Case '-[StrandAnalyticsTests.CyclePhaseEngineTests testUnusableBaselineIsLearning]' started.
Test Case '-[StrandAnalyticsTests.CyclePhaseEngineTests testUnusableBaselineIsLearning]' passed (0.000 seconds).
Test Suite 'CyclePhaseEngineTests' passed at 2026-09-21 23:12:01.840.
	 Executed 11 tests, with 0 failures (0 unexpected) in 0.067 (0.067) seconds
Test Suite 'DayBoutHrMaxAgreementTests' started at 2026-09-21 23:12:01.840.
Test Case '-[StrandAnalyticsTests.DayBoutHrMaxAgreementTests testAnExplicitOverrideStillWins]' started.
Test Case '-[StrandAnalyticsTests.DayBoutHrMaxAgreementTests testAnExplicitOverrideStillWins]' passed (1.018 seconds).
Test Case '-[StrandAnalyticsTests.DayBoutHrMaxAgreementTests testTheBoutFallbackIsNeverBelowTheDaysTanaka]' started.
Test Case '-[StrandAnalyticsTests.DayBoutHrMaxAgreementTests testTheBoutFallbackIsNeverBelowTheDaysTanaka]' passed (0.001 seconds).
Test Case '-[StrandAnalyticsTests.DayBoutHrMaxAgreementTests testTheDaysHrMaxReachesDetectionAndScoring]' started.
Test Case '-[StrandAnalyticsTests.DayBoutHrMaxAgreementTests testTheDaysHrMaxReachesDetectionAndScoring]' passed (1.049 seconds).
Test Case '-[StrandAnalyticsTests.DayBoutHrMaxAgreementTests testTheSameMinuteSplitsAcrossTheZoneFloor]' started.
Test Case '-[StrandAnalyticsTests.DayBoutHrMaxAgreementTests testTheSameMinuteSplitsAcrossTheZoneFloor]' passed (0.000 seconds).
Test Suite 'DayBoutHrMaxAgreementTests' passed at 2026-09-21 23:12:03.908.
	 Executed 4 tests, with 0 failures (0 unexpected) in 2.068 (2.069) seconds
Test Suite 'DayCaloriesTests' started at 2026-09-21 23:12:03.908.
Test Case '-[StrandAnalyticsTests.DayCaloriesTests testAnalyzeDayCaloriesIgnoreAdjacentDayHr]' started.
Test Case '-[StrandAnalyticsTests.DayCaloriesTests testAnalyzeDayCaloriesIgnoreAdjacentDayHr]' passed (0.331 seconds).
Test Case '-[StrandAnalyticsTests.DayCaloriesTests testAnalyzeDayDayHrCoversFullCalendarDay]' started.
Test Case '-[StrandAnalyticsTests.DayCaloriesTests testAnalyzeDayDayHrCoversFullCalendarDay]' passed (0.315 seconds).
Test Case '-[StrandAnalyticsTests.DayCaloriesTests testAnalyzeDayDayHrNilFallsBackToWindowHr]' started.
Test Case '-[StrandAnalyticsTests.DayCaloriesTests testAnalyzeDayDayHrNilFallsBackToWindowHr]' passed (0.270 seconds).
Test Case '-[StrandAnalyticsTests.DayCaloriesTests testDayCaloriesEmptyIsZero]' started.
Test Case '-[StrandAnalyticsTests.DayCaloriesTests testDayCaloriesEmptyIsZero]' passed (0.000 seconds).
Test Case '-[StrandAnalyticsTests.DayCaloriesTests testDayCaloriesMatchesBoutAtOneHz]' started.
Test Case '-[StrandAnalyticsTests.DayCaloriesTests testDayCaloriesMatchesBoutAtOneHz]' passed (0.043 seconds).
Test Case '-[StrandAnalyticsTests.DayCaloriesTests testDayCaloriesRestingDayIsLowerThanActiveDay]' started.
Test Case '-[StrandAnalyticsTests.DayCaloriesTests testDayCaloriesRestingDayIsLowerThanActiveDay]' passed (0.126 seconds).
Test Case '-[StrandAnalyticsTests.DayCaloriesTests testDayEnergyEmptyComponentsAreZero]' started.
Test Case '-[StrandAnalyticsTests.DayCaloriesTests testDayEnergyEmptyComponentsAreZero]' passed (0.000 seconds).
Test Case '-[StrandAnalyticsTests.DayCaloriesTests testDayEnergyParityVectorOracle]' started.
Test Case '-[StrandAnalyticsTests.DayCaloriesTests testDayEnergyParityVectorOracle]' passed (0.023 seconds).
Test Case '-[StrandAnalyticsTests.DayCaloriesTests testDayPathCapsRestingAndActiveGap]' started.
Test Case '-[StrandAnalyticsTests.DayCaloriesTests testDayPathCapsRestingAndActiveGap]' passed (0.132 seconds).
Test Case '-[StrandAnalyticsTests.DayCaloriesTests testDropoutInADenseDayCarriesRestingButNotActive]' started.
Test Case '-[StrandAnalyticsTests.DayCaloriesTests testDropoutInADenseDayCarriesRestingButNotActive]' passed (0.017 seconds).
Test Case '-[StrandAnalyticsTests.DayCaloriesTests testGaplessOneHzDayMatchesLegacyTotal]' started.
Test Case '-[StrandAnalyticsTests.DayCaloriesTests testGaplessOneHzDayMatchesLegacyTotal]' passed (1.007 seconds).
Test Case '-[StrandAnalyticsTests.DayCaloriesTests testLightActivityDayIsFarBelowOldInflatedTotal]' started.
Test Case '-[StrandAnalyticsTests.DayCaloriesTests testLightActivityDayIsFarBelowOldInflatedTotal]' passed (0.001 seconds).
Test Case '-[StrandAnalyticsTests.DayCaloriesTests testSedentaryFullDayApproximatesBMR]' started.
Test Case '-[StrandAnalyticsTests.DayCaloriesTests testSedentaryFullDayApproximatesBMR]' passed (0.001 seconds).
Test Case '-[StrandAnalyticsTests.DayCaloriesTests testSparseDayCaloriesTrackElapsedTimeNotSampleCount]' started.
Test Case '-[StrandAnalyticsTests.DayCaloriesTests testSparseDayCaloriesTrackElapsedTimeNotSampleCount]' passed (0.022 seconds).
Test Case '-[StrandAnalyticsTests.DayCaloriesTests testSparseHRTracksElapsedTimeNotSampleCount]' started.
Test Case '-[StrandAnalyticsTests.DayCaloriesTests testSparseHRTracksElapsedTimeNotSampleCount]' passed (0.024 seconds).
Test Case '-[StrandAnalyticsTests.DayCaloriesTests testTiedTimestampsAreOrderIndependentAndResolveToTheLowerReading]' started.
Test Case '-[StrandAnalyticsTests.DayCaloriesTests testTiedTimestampsAreOrderIndependentAndResolveToTheLowerReading]' passed (0.001 seconds).
Test Case '-[StrandAnalyticsTests.DayCaloriesTests testWearGapIsCappedNotCreditedInFull]' started.
Test Case '-[StrandAnalyticsTests.DayCaloriesTests testWearGapIsCappedNotCreditedInFull]' passed (0.006 seconds).
Test Suite 'DayCaloriesTests' passed at 2026-09-21 23:12:06.228.
	 Executed 17 tests, with 0 failures (0 unexpected) in 2.318 (2.320) seconds
Test Suite 'DayCycleTests' started at 2026-09-21 23:12:06.228.
Test Case '-[StrandAnalyticsTests.DayCycleTests testAbsoluteCapStillUsesSyntheticMidnight]' started.
Test Case '-[StrandAnalyticsTests.DayCycleTests testAbsoluteCapStillUsesSyntheticMidnight]' passed (0.000 seconds).
Test Case '-[StrandAnalyticsTests.DayCycleTests testCoverageSegmentsPreferPriorityWithoutCrossingDeviceCounters]' started.
Test Case '-[StrandAnalyticsTests.DayCycleTests testCoverageSegmentsPreferPriorityWithoutCrossingDeviceCounters]' passed (0.000 seconds).
Test Case '-[StrandAnalyticsTests.DayCycleTests testDefaultsAndCalendarMode]' started.
Test Case '-[StrandAnalyticsTests.DayCycleTests testDefaultsAndCalendarMode]' passed (0.000 seconds).
Test Case '-[StrandAnalyticsTests.DayCycleTests testFallbackLandsOnLocalMidnightNotUTC]' started.
Test Case '-[StrandAnalyticsTests.DayCycleTests testFallbackLandsOnLocalMidnightNotUTC]' passed (0.000 seconds).
Test Case '-[StrandAnalyticsTests.DayCycleTests testFallbackRollsWhenTheNextMidnightIsTooSoon]' started.
Test Case '-[StrandAnalyticsTests.DayCycleTests testFallbackRollsWhenTheNextMidnightIsTooSoon]' passed (0.000 seconds).
Test Case '-[StrandAnalyticsTests.DayCycleTests testFallbackTakesTheMidnightExactlyEighteenHoursAfterOnset]' started.
Test Case '-[StrandAnalyticsTests.DayCycleTests testFallbackTakesTheMidnightExactlyEighteenHoursAfterOnset]' passed (0.000 seconds).
Test Case '-[StrandAnalyticsTests.DayCycleTests testSleepOnsetCycleStaysOpenAcrossMidnight]' started.
Test Case '-[StrandAnalyticsTests.DayCycleTests testSleepOnsetCycleStaysOpenAcrossMidnight]' passed (0.000 seconds).
Test Suite 'DayCycleTests' passed at 2026-09-21 23:12:06.229.
	 Executed 7 tests, with 0 failures (0 unexpected) in 0.001 (0.001) seconds
Test Suite 'DayOwnerReadIntegrationTests' started at 2026-09-21 23:12:06.229.
Test Case '-[StrandAnalyticsTests.DayOwnerReadIntegrationTests testActiveStrapOwnsDayAndReadReturnsOnlyItsSamples]' started.
Test Case '-[StrandAnalyticsTests.DayOwnerReadIntegrationTests testActiveStrapOwnsDayAndReadReturnsOnlyItsSamples]' passed (0.011 seconds).
Test Case '-[StrandAnalyticsTests.DayOwnerReadIntegrationTests testActivityFileOwnsStrapLessDayAndReadReturnsItsHR]' started.
Test Case '-[StrandAnalyticsTests.DayOwnerReadIntegrationTests testActivityFileOwnsStrapLessDayAndReadReturnsItsHR]' passed (0.011 seconds).
Test Case '-[StrandAnalyticsTests.DayOwnerReadIntegrationTests testLockedOwnerOverridesAndReadFollowsIt]' started.
Test Case '-[StrandAnalyticsTests.DayOwnerReadIntegrationTests testLockedOwnerOverridesAndReadFollowsIt]' passed (0.010 seconds).
Test Case '-[StrandAnalyticsTests.DayOwnerReadIntegrationTests testSingleDeviceResolvesToWhoopUnchanged]' started.
Test Case '-[StrandAnalyticsTests.DayOwnerReadIntegrationTests testSingleDeviceResolvesToWhoopUnchanged]' passed (0.010 seconds).
Test Case '-[StrandAnalyticsTests.DayOwnerReadIntegrationTests testWholeDayImportBeatsActivityFileRideOnStrapLessDay]' started.
Test Case '-[StrandAnalyticsTests.DayOwnerReadIntegrationTests testWholeDayImportBeatsActivityFileRideOnStrapLessDay]' passed (0.011 seconds).
Test Suite 'DayOwnerReadIntegrationTests' passed at 2026-09-21 23:12:06.283.
	 Executed 5 tests, with 0 failures (0 unexpected) in 0.053 (0.054) seconds
Test Suite 'DayOwnerResolverTests' started at 2026-09-21 23:12:06.283.
Test Case '-[StrandAnalyticsTests.DayOwnerResolverTests testActiveStrapOwnsDayItHasData]' started.
Test Case '-[StrandAnalyticsTests.DayOwnerResolverTests testActiveStrapOwnsDayItHasData]' passed (0.000 seconds).
Test Case '-[StrandAnalyticsTests.DayOwnerResolverTests testImportOnlyFillsGap]' started.
Test Case '-[StrandAnalyticsTests.DayOwnerResolverTests testImportOnlyFillsGap]' passed (0.000 seconds).
Test Case '-[StrandAnalyticsTests.DayOwnerResolverTests testLockedOwnerAlwaysWins]' started.
Test Case '-[StrandAnalyticsTests.DayOwnerResolverTests testLockedOwnerAlwaysWins]' passed (0.000 seconds).
Test Case '-[StrandAnalyticsTests.DayOwnerResolverTests testNoDataYieldsNil]' started.
Test Case '-[StrandAnalyticsTests.DayOwnerResolverTests testNoDataYieldsNil]' passed (0.000 seconds).
Test Suite 'DayOwnerResolverTests' passed at 2026-09-21 23:12:06.283.
	 Executed 4 tests, with 0 failures (0 unexpected) in 0.000 (0.001) seconds
Test Suite 'DaySliceFromNightTests' started at 2026-09-21 23:12:06.283.
Test Case '-[StrandAnalyticsTests.DaySliceFromNightTests testBoundsAreInclusiveOnBothEnds]' started.
Test Case '-[StrandAnalyticsTests.DaySliceFromNightTests testBoundsAreInclusiveOnBothEnds]' passed (0.000 seconds).
Test Case '-[StrandAnalyticsTests.DaySliceFromNightTests testDstShiftedDayBeforeTheNightWindowDeclines]' started.
Test Case '-[StrandAnalyticsTests.DaySliceFromNightTests testDstShiftedDayBeforeTheNightWindowDeclines]' passed (0.000 seconds).
Test Case '-[StrandAnalyticsTests.DaySliceFromNightTests testPastDayReturnsTheInRangeFilterOfTheNightList]' started.
Test Case '-[StrandAnalyticsTests.DaySliceFromNightTests testPastDayReturnsTheInRangeFilterOfTheNightList]' passed (0.000 seconds).
Test Case '-[StrandAnalyticsTests.DaySliceFromNightTests testTodayDayEndPastTheNightCapDeclines]' started.
Test Case '-[StrandAnalyticsTests.DaySliceFromNightTests testTodayDayEndPastTheNightCapDeclines]' passed (0.000 seconds).
Test Case '-[StrandAnalyticsTests.DaySliceFromNightTests testTruncatedNightReadDeclines]' started.
Test Case '-[StrandAnalyticsTests.DaySliceFromNightTests testTruncatedNightReadDeclines]' passed (0.000 seconds).
Test Suite 'DaySliceFromNightTests' passed at 2026-09-21 23:12:06.284.
	 Executed 5 tests, with 0 failures (0 unexpected) in 0.001 (0.001) seconds
Test Suite 'DaytimeBaselinesTests' started at 2026-09-21 23:12:06.284.
Test Case '-[StrandAnalyticsTests.DaytimeBaselinesTests testDayHRAggregateAppliesTheSameMinSamplesGateAsTheScorer]' started.
Test Case '-[StrandAnalyticsTests.DaytimeBaselinesTests testDayHRAggregateAppliesTheSameMinSamplesGateAsTheScorer]' passed (0.003 seconds).
Test Case '-[StrandAnalyticsTests.DaytimeBaselinesTests testDayHRAggregateExcludesNonWakingHours]' started.
Test Case '-[StrandAnalyticsTests.DaytimeBaselinesTests testDayHRAggregateExcludesNonWakingHours]' passed (0.002 seconds).
Test Case '-[StrandAnalyticsTests.DaytimeBaselinesTests testDayHRAggregateIsTheTenthPercentileOfWakingHourMeanHRs]' started.
Test Case '-[StrandAnalyticsTests.DaytimeBaselinesTests testDayHRAggregateIsTheTenthPercentileOfWakingHourMeanHRs]' passed (0.002 seconds).
Test Case '-[StrandAnalyticsTests.DaytimeBaselinesTests testDayRMSSDAggregateIsPresentWithRRAndTracksVariability]' started.
Test Case '-[StrandAnalyticsTests.DaytimeBaselinesTests testDayRMSSDAggregateIsPresentWithRRAndTracksVariability]' passed (0.096 seconds).
Test Case '-[StrandAnalyticsTests.DaytimeBaselinesTests testFoldConvergesHRBaselineToThePersonalDaytimeFloor]' started.
Test Case '-[StrandAnalyticsTests.DaytimeBaselinesTests testFoldConvergesHRBaselineToThePersonalDaytimeFloor]' passed (0.023 seconds).
Test Case '-[StrandAnalyticsTests.DaytimeBaselinesTests testFoldedBaselineCalmDayAtThePersonalFloorReadsNeutralNotHigh]' started.
Test Case '-[StrandAnalyticsTests.DaytimeBaselinesTests testFoldedBaselineCalmDayAtThePersonalFloorReadsNeutralNotHigh]' passed (0.041 seconds).
Test Case '-[StrandAnalyticsTests.DaytimeBaselinesTests testFoldedBaselineScoresElevationAgainstThePersonalFloorNotTheDaysOwnHours]' started.
Test Case '-[StrandAnalyticsTests.DaytimeBaselinesTests testFoldedBaselineScoresElevationAgainstThePersonalFloorNotTheDaysOwnHours]' passed (0.039 seconds).
Test Case '-[StrandAnalyticsTests.DaytimeBaselinesTests testFoldReturnsRMSSDBaselineOnlyWhenEnoughDaytimeRRDays]' started.
Test Case '-[StrandAnalyticsTests.DaytimeBaselinesTests testFoldReturnsRMSSDBaselineOnlyWhenEnoughDaytimeRRDays]' passed (0.456 seconds).
Test Case '-[StrandAnalyticsTests.DaytimeBaselinesTests testMedianRMSSDBaselineKeepsANormalHourNeutralNoStacking]' started.
Test Case '-[StrandAnalyticsTests.DaytimeBaselinesTests testMedianRMSSDBaselineKeepsANormalHourNeutralNoStacking]' passed (0.954 seconds).
Test Case '-[StrandAnalyticsTests.DaytimeBaselinesTests testScoringModeFallsBackToDayRelativeOnColdStartAndSparseHistory]' started.
Test Case '-[StrandAnalyticsTests.DaytimeBaselinesTests testScoringModeFallsBackToDayRelativeOnColdStartAndSparseHistory]' passed (0.006 seconds).
Test Case '-[StrandAnalyticsTests.DaytimeBaselinesTests testScoringModeHoldsRMSSDOutOfLiveScoreWhileGated]' started.
Test Case '-[StrandAnalyticsTests.DaytimeBaselinesTests testScoringModeHoldsRMSSDOutOfLiveScoreWhileGated]' passed (1.850 seconds).
Test Case '-[StrandAnalyticsTests.DaytimeBaselinesTests testScoringModeUsesBaselineRelativeOnceHistoryIsUsable]' started.
Test Case '-[StrandAnalyticsTests.DaytimeBaselinesTests testScoringModeUsesBaselineRelativeOnceHistoryIsUsable]' passed (0.011 seconds).
Test Suite 'DaytimeBaselinesTests' passed at 2026-09-21 23:12:09.768.
	 Executed 12 tests, with 0 failures (0 unexpected) in 3.483 (3.484) seconds
Test Suite 'DaytimeStressTests' started at 2026-09-21 23:12:09.768.
Test Case '-[StrandAnalyticsTests.DaytimeStressTests testAmbulatoryHourIsMaskedNotScored]' started.
Test Case '-[StrandAnalyticsTests.DaytimeStressTests testAmbulatoryHourIsMaskedNotScored]' passed (0.003 seconds).
Test Case '-[StrandAnalyticsTests.DaytimeStressTests testBaselineRelativeCalmDayAtPersonalBaselineReadsLowNotHigh]' started.
Test Case '-[StrandAnalyticsTests.DaytimeStressTests testBaselineRelativeCalmDayAtPersonalBaselineReadsLowNotHigh]' passed (0.004 seconds).
Test Case '-[StrandAnalyticsTests.DaytimeStressTests testBaselineRelativeElevatedDayProducesHighStressMinutes]' started.
Test Case '-[StrandAnalyticsTests.DaytimeStressTests testBaselineRelativeElevatedDayProducesHighStressMinutes]' passed (0.005 seconds).
Test Case '-[StrandAnalyticsTests.DaytimeStressTests testBaselineRelativeModeRecoversMultipleInjectedElevations]' started.
Test Case '-[StrandAnalyticsTests.DaytimeStressTests testBaselineRelativeModeRecoversMultipleInjectedElevations]' passed (0.004 seconds).
Test Case '-[StrandAnalyticsTests.DaytimeStressTests testBaselineRelativeNilRMSSDFallsBackToHROnlyAndFlagsDegraded]' started.
Test Case '-[StrandAnalyticsTests.DaytimeStressTests testBaselineRelativeNilRMSSDFallsBackToHROnlyAndFlagsDegraded]' passed (0.004 seconds).
Test Case '-[StrandAnalyticsTests.DaytimeStressTests testBaselineRelativeUsesRMSSDBaselineWhenAvailable]' started.
Test Case '-[StrandAnalyticsTests.DaytimeStressTests testBaselineRelativeUsesRMSSDBaselineWhenAvailable]' passed (0.011 seconds).
Test Case '-[StrandAnalyticsTests.DaytimeStressTests testDayRelativeDefaultIsByteIdenticalToExplicitMode]' started.
Test Case '-[StrandAnalyticsTests.DaytimeStressTests testDayRelativeDefaultIsByteIdenticalToExplicitMode]' passed (0.007 seconds).
Test Case '-[StrandAnalyticsTests.DaytimeStressTests testDifferentGravityDoesNotReuseAMemoizedResult]' started.
Test Case '-[StrandAnalyticsTests.DaytimeStressTests testDifferentGravityDoesNotReuseAMemoizedResult]' passed (0.002 seconds).
Test Case '-[StrandAnalyticsTests.DaytimeStressTests testEmptyGravityIsByteIdenticalToNoGravity]' started.
Test Case '-[StrandAnalyticsTests.DaytimeStressTests testEmptyGravityIsByteIdenticalToNoGravity]' passed (0.002 seconds).
Test Case '-[StrandAnalyticsTests.DaytimeStressTests testEmptyWhenNoHR]' started.
Test Case '-[StrandAnalyticsTests.DaytimeStressTests testEmptyWhenNoHR]' passed (0.000 seconds).
Test Case '-[StrandAnalyticsTests.DaytimeStressTests testFlatDayDoesNotFlagSustained]' started.
Test Case '-[StrandAnalyticsTests.DaytimeStressTests testFlatDayDoesNotFlagSustained]' passed (0.003 seconds).
Test Case '-[StrandAnalyticsTests.DaytimeStressTests testHighStressMinutesCountsAllHighBandHoursNotJustTheTrailingRun]' started.
Test Case '-[StrandAnalyticsTests.DaytimeStressTests testHighStressMinutesCountsAllHighBandHoursNotJustTheTrailingRun]' passed (0.002 seconds).
Test Case '-[StrandAnalyticsTests.DaytimeStressTests testHourBelowGateIsUnscored]' started.
Test Case '-[StrandAnalyticsTests.DaytimeStressTests testHourBelowGateIsUnscored]' passed (0.001 seconds).
Test Case '-[StrandAnalyticsTests.DaytimeStressTests testLightMovementBelowFractionDoesNotMask]' started.
Test Case '-[StrandAnalyticsTests.DaytimeStressTests testLightMovementBelowFractionDoesNotMask]' passed (0.002 seconds).
Test Case '-[StrandAnalyticsTests.DaytimeStressTests testMarginToSigmaLandsExactlyOnBand]' started.
Test Case '-[StrandAnalyticsTests.DaytimeStressTests testMarginToSigmaLandsExactlyOnBand]' passed (0.000 seconds).
Test Case '-[StrandAnalyticsTests.DaytimeStressTests testMaskedHoursAreExcludedFromTheCalmReference]' started.
Test Case '-[StrandAnalyticsTests.DaytimeStressTests testMaskedHoursAreExcludedFromTheCalmReference]' passed (0.003 seconds).
Test Case '-[StrandAnalyticsTests.DaytimeStressTests testNonWakingHoursAreExcluded]' started.
Test Case '-[StrandAnalyticsTests.DaytimeStressTests testNonWakingHoursAreExcluded]' passed (0.001 seconds).
Test Case '-[StrandAnalyticsTests.DaytimeStressTests testPostActivityShadowMasksOnlyWhileHRStaysElevated]' started.
Test Case '-[StrandAnalyticsTests.DaytimeStressTests testPostActivityShadowMasksOnlyWhileHRStaysElevated]' passed (0.004 seconds).
Test Case '-[StrandAnalyticsTests.DaytimeStressTests testRMSSDLowersStressDirectionMatchesDailyScore]' started.
Test Case '-[StrandAnalyticsTests.DaytimeStressTests testRMSSDLowersStressDirectionMatchesDailyScore]' passed (0.010 seconds).
Test Case '-[StrandAnalyticsTests.DaytimeStressTests testScoresMapOntoZeroToThree]' started.
Test Case '-[StrandAnalyticsTests.DaytimeStressTests testScoresMapOntoZeroToThree]' passed (0.001 seconds).
Test Case '-[StrandAnalyticsTests.DaytimeStressTests testSleepHoursInTheWindowDoNotShiftTheWakingTimeline]' started.
Test Case '-[StrandAnalyticsTests.DaytimeStressTests testSleepHoursInTheWindowDoNotShiftTheWakingTimeline]' passed (0.008 seconds).
Test Case '-[StrandAnalyticsTests.DaytimeStressTests testStillHourIsStillScoredWhenGravityPresent]' started.
Test Case '-[StrandAnalyticsTests.DaytimeStressTests testStillHourIsStillScoredWhenGravityPresent]' passed (0.002 seconds).
Test Case '-[StrandAnalyticsTests.DaytimeStressTests testSustainedHighFlagsAfterThreeConsecutiveHighHours]' started.
Test Case '-[StrandAnalyticsTests.DaytimeStressTests testSustainedHighFlagsAfterThreeConsecutiveHighHours]' passed (0.002 seconds).
Test Case '-[StrandAnalyticsTests.DaytimeStressTests testTimezoneOffsetShiftsWakingWindow]' started.
Test Case '-[StrandAnalyticsTests.DaytimeStressTests testTimezoneOffsetShiftsWakingWindow]' passed (0.001 seconds).
Test Suite 'DaytimeStressTests' passed at 2026-09-21 23:12:09.851.
	 Executed 24 tests, with 0 failures (0 unexpected) in 0.081 (0.082) seconds
Test Suite 'DetectionFunnelTests' started at 2026-09-21 23:12:09.851.
Test Case '-[StrandAnalyticsTests.DetectionFunnelTests testADayWithNoDataStillReports]' started.
Test Case '-[StrandAnalyticsTests.DetectionFunnelTests testADayWithNoDataStillReports]' passed (0.000 seconds).
Test Case '-[StrandAnalyticsTests.DetectionFunnelTests testAMissingHrStreamIsNotConfusedWithALowHeartRate]' started.
Test Case '-[StrandAnalyticsTests.DetectionFunnelTests testAMissingHrStreamIsNotConfusedWithALowHeartRate]' passed (0.001 seconds).
Test Case '-[StrandAnalyticsTests.DetectionFunnelTests testAMovingButUnexertedDayNamesHRAsTheGateThatAteIt]' started.
Test Case '-[StrandAnalyticsTests.DetectionFunnelTests testAMovingButUnexertedDayNamesHRAsTheGateThatAteIt]' passed (0.001 seconds).
Test Case '-[StrandAnalyticsTests.DetectionFunnelTests testARealWorkoutIsCountedAsKept]' started.
Test Case '-[StrandAnalyticsTests.DetectionFunnelTests testARealWorkoutIsCountedAsKept]' passed (0.267 seconds).
Test Case '-[StrandAnalyticsTests.DetectionFunnelTests testAShortEffortIsNamedAsShort]' started.
Test Case '-[StrandAnalyticsTests.DetectionFunnelTests testAShortEffortIsNamedAsShort]' passed (0.001 seconds).
Test Case '-[StrandAnalyticsTests.DetectionFunnelTests testAStillDayNamesMotionAsTheGateThatAteIt]' started.
Test Case '-[StrandAnalyticsTests.DetectionFunnelTests testAStillDayNamesMotionAsTheGateThatAteIt]' passed (0.000 seconds).
Test Case '-[StrandAnalyticsTests.DetectionFunnelTests testEveryRejectedCandidateIsAccountedFor]' started.
Test Case '-[StrandAnalyticsTests.DetectionFunnelTests testEveryRejectedCandidateIsAccountedFor]' passed (0.166 seconds).
Test Case '-[StrandAnalyticsTests.DetectionFunnelTests testItReportsTheBarTheDayHadToClear]' started.
Test Case '-[StrandAnalyticsTests.DetectionFunnelTests testItReportsTheBarTheDayHadToClear]' passed (0.001 seconds).
Test Case '-[StrandAnalyticsTests.DetectionFunnelTests testTheLineIsExactlyThis]' started.
Test Case '-[StrandAnalyticsTests.DetectionFunnelTests testTheLineIsExactlyThis]' passed (0.000 seconds).
Test Case '-[StrandAnalyticsTests.DetectionFunnelTests testTheLongestRunSizesWhatSurvivedTheDurationGate]' started.
Test Case '-[StrandAnalyticsTests.DetectionFunnelTests testTheLongestRunSizesWhatSurvivedTheDurationGate]' passed (0.000 seconds).
Test Suite 'DetectionFunnelTests' passed at 2026-09-21 23:12:10.288.
	 Executed 10 tests, with 0 failures (0 unexpected) in 0.437 (0.437) seconds
Test Suite 'DeviceEraEpochTests' started at 2026-09-21 23:12:10.288.
Test Case '-[StrandAnalyticsTests.DeviceEraEpochTests testBrandBucketCollapsesWhoopIdsAndSeparatesWearables]' started.
Test Case '-[StrandAnalyticsTests.DeviceEraEpochTests testBrandBucketCollapsesWhoopIdsAndSeparatesWearables]' passed (0.000 seconds).
Test Case '-[StrandAnalyticsTests.DeviceEraEpochTests testEmptyHistoryIsZero]' started.
Test Case '-[StrandAnalyticsTests.DeviceEraEpochTests testEmptyHistoryIsZero]' passed (0.000 seconds).
Test Case '-[StrandAnalyticsTests.DeviceEraEpochTests testEpochDropsPreSwitchNightsFromTheFold]' started.
Test Case '-[StrandAnalyticsTests.DeviceEraEpochTests testEpochDropsPreSwitchNightsFromTheFold]' passed (0.005 seconds).
Test Case '-[StrandAnalyticsTests.DeviceEraEpochTests testFitbitAndGarminAreDistinctBrands]' started.
Test Case '-[StrandAnalyticsTests.DeviceEraEpochTests testFitbitAndGarminAreDistinctBrands]' passed (0.000 seconds).
Test Case '-[StrandAnalyticsTests.DeviceEraEpochTests testOneWearableBrandOnlyIsZero]' started.
Test Case '-[StrandAnalyticsTests.DeviceEraEpochTests testOneWearableBrandOnlyIsZero]' passed (0.000 seconds).
Test Case '-[StrandAnalyticsTests.DeviceEraEpochTests testOneWhoopBrandAcrossManyIdsIsZero]' started.
Test Case '-[StrandAnalyticsTests.DeviceEraEpochTests testOneWhoopBrandAcrossManyIdsIsZero]' passed (0.000 seconds).
Test Case '-[StrandAnalyticsTests.DeviceEraEpochTests testOnlyTheLatestBoundaryMatters]' started.
Test Case '-[StrandAnalyticsTests.DeviceEraEpochTests testOnlyTheLatestBoundaryMatters]' passed (0.000 seconds).
Test Case '-[StrandAnalyticsTests.DeviceEraEpochTests testOuraThenWhoopReturnsFirstWhoopDay]' started.
Test Case '-[StrandAnalyticsTests.DeviceEraEpochTests testOuraThenWhoopReturnsFirstWhoopDay]' passed (0.000 seconds).
Test Case '-[StrandAnalyticsTests.DeviceEraEpochTests testSameDayMixedBrandTieBreaksDeterministically]' started.
Test Case '-[StrandAnalyticsTests.DeviceEraEpochTests testSameDayMixedBrandTieBreaksDeterministically]' passed (0.000 seconds).
Test Case '-[StrandAnalyticsTests.DeviceEraEpochTests testUnsortedInputIsSortedInternally]' started.
Test Case '-[StrandAnalyticsTests.DeviceEraEpochTests testUnsortedInputIsSortedInternally]' passed (0.000 seconds).
Test Case '-[StrandAnalyticsTests.DeviceEraEpochTests testWhoopThenOuraReturnsFirstOuraDay]' started.
Test Case '-[StrandAnalyticsTests.DeviceEraEpochTests testWhoopThenOuraReturnsFirstOuraDay]' passed (0.000 seconds).
Test Suite 'DeviceEraEpochTests' passed at 2026-09-21 23:12:10.295.
	 Executed 11 tests, with 0 failures (0 unexpected) in 0.007 (0.007) seconds
Test Suite 'DisplayTraceTests' started at 2026-09-21 23:12:10.295.
Test Case '-[StrandAnalyticsTests.DisplayTraceTests testDataVolumeLineNilLastRenderPrintsNa]' started.
Test Case '-[StrandAnalyticsTests.DisplayTraceTests testDataVolumeLineNilLastRenderPrintsNa]' passed (0.000 seconds).
Test Case '-[StrandAnalyticsTests.DisplayTraceTests testDataVolumeLineShape]' started.
Test Case '-[StrandAnalyticsTests.DisplayTraceTests testDataVolumeLineShape]' passed (0.000 seconds).
Test Case '-[StrandAnalyticsTests.DisplayTraceTests testDeviceMetricsLineDegradesNilsToNa]' started.
Test Case '-[StrandAnalyticsTests.DisplayTraceTests testDeviceMetricsLineDegradesNilsToNa]' passed (0.000 seconds).
Test Case '-[StrandAnalyticsTests.DisplayTraceTests testDeviceMetricsLineShape]' started.
Test Case '-[StrandAnalyticsTests.DisplayTraceTests testDeviceMetricsLineShape]' passed (0.000 seconds).
Test Case '-[StrandAnalyticsTests.DisplayTraceTests testFrameSummaryLineShape]' started.
Test Case '-[StrandAnalyticsTests.DisplayTraceTests testFrameSummaryLineShape]' passed (0.000 seconds).
Test Case '-[StrandAnalyticsTests.DisplayTraceTests testMemoryHighWaterLineShape]' started.
Test Case '-[StrandAnalyticsTests.DisplayTraceTests testMemoryHighWaterLineShape]' passed (0.000 seconds).
Test Case '-[StrandAnalyticsTests.DisplayTraceTests testReadoutNilWhenNoLine]' started.
Test Case '-[StrandAnalyticsTests.DisplayTraceTests testReadoutNilWhenNoLine]' passed (0.000 seconds).
Test Case '-[StrandAnalyticsTests.DisplayTraceTests testReadoutParsesLatestDeviceMetrics]' started.
Test Case '-[StrandAnalyticsTests.DisplayTraceTests testReadoutParsesLatestDeviceMetrics]' passed (0.000 seconds).
Test Case '-[StrandAnalyticsTests.DisplayTraceTests testScaleUnknownPrintsQuestionMark]' started.
Test Case '-[StrandAnalyticsTests.DisplayTraceTests testScaleUnknownPrintsQuestionMark]' passed (0.000 seconds).
Test Suite 'DisplayTraceTests' passed at 2026-09-21 23:12:10.296.
	 Executed 9 tests, with 0 failures (0 unexpected) in 0.001 (0.001) seconds
Test Suite 'DoseResponseEngineTests' started at 2026-09-21 23:12:10.296.
Test Case '-[StrandAnalyticsTests.DoseResponseEngineTests testBelowGateStaysPriorDominated]' started.
Test Case '-[StrandAnalyticsTests.DoseResponseEngineTests testBelowGateStaysPriorDominated]' passed (0.000 seconds).
Test Case '-[StrandAnalyticsTests.DoseResponseEngineTests testCaffeineDefaultsToHRV]' started.
Test Case '-[StrandAnalyticsTests.DoseResponseEngineTests testCaffeineDefaultsToHRV]' passed (0.000 seconds).
Test Case '-[StrandAnalyticsTests.DoseResponseEngineTests testCurvePoints]' started.
Test Case '-[StrandAnalyticsTests.DoseResponseEngineTests testCurvePoints]' passed (0.000 seconds).
Test Case '-[StrandAnalyticsTests.DoseResponseEngineTests testDeltaComposesUnits]' started.
Test Case '-[StrandAnalyticsTests.DoseResponseEngineTests testDeltaComposesUnits]' passed (0.000 seconds).
Test Case '-[StrandAnalyticsTests.DoseResponseEngineTests testLargeNRecoversPersonalSlope]' started.
Test Case '-[StrandAnalyticsTests.DoseResponseEngineTests testLargeNRecoversPersonalSlope]' passed (0.001 seconds).
Test Case '-[StrandAnalyticsTests.DoseResponseEngineTests testNoDataReturnsPrior]' started.
Test Case '-[StrandAnalyticsTests.DoseResponseEngineTests testNoDataReturnsPrior]' passed (0.000 seconds).
Test Case '-[StrandAnalyticsTests.DoseResponseEngineTests testNoPriorOutcomeReturnsNil]' started.
Test Case '-[StrandAnalyticsTests.DoseResponseEngineTests testNoPriorOutcomeReturnsNil]' passed (0.000 seconds).
Test Case '-[StrandAnalyticsTests.DoseResponseEngineTests testPersonalSlopeContradictsPriorOverGate]' started.
Test Case '-[StrandAnalyticsTests.DoseResponseEngineTests testPersonalSlopeContradictsPriorOverGate]' passed (0.001 seconds).
Test Case '-[StrandAnalyticsTests.DoseResponseEngineTests testPerUnitIsClampedToPriorRange]' started.
Test Case '-[StrandAnalyticsTests.DoseResponseEngineTests testPerUnitIsClampedToPriorRange]' passed (0.001 seconds).
Test Case '-[StrandAnalyticsTests.DoseResponseEngineTests testShrinkageWeightAtBoundary]' started.
Test Case '-[StrandAnalyticsTests.DoseResponseEngineTests testShrinkageWeightAtBoundary]' passed (0.000 seconds).
Test Suite 'DoseResponseEngineTests' passed at 2026-09-21 23:12:10.301.
	 Executed 10 tests, with 0 failures (0 unexpected) in 0.004 (0.005) seconds
Test Suite 'EffectRankerTests' started at 2026-09-21 23:12:10.301.
Test Case '-[StrandAnalyticsTests.EffectRankerTests testConfidenceTiers]' started.
Test Case '-[StrandAnalyticsTests.EffectRankerTests testConfidenceTiers]' passed (0.000 seconds).
Test Case '-[StrandAnalyticsTests.EffectRankerTests testPlantedLag1IsFoundAndWins]' started.
Test Case '-[StrandAnalyticsTests.EffectRankerTests testPlantedLag1IsFoundAndWins]' passed (0.002 seconds).
Test Case '-[StrandAnalyticsTests.EffectRankerTests testRankingOrder]' started.
Test Case '-[StrandAnalyticsTests.EffectRankerTests testRankingOrder]' passed (0.002 seconds).
Test Case '-[StrandAnalyticsTests.EffectRankerTests testSentenceAppendsLeadLag]' started.
Test Case '-[StrandAnalyticsTests.EffectRankerTests testSentenceAppendsLeadLag]' passed (0.000 seconds).
Test Case '-[StrandAnalyticsTests.EffectRankerTests testShiftedOutcomeAlignment]' started.
Test Case '-[StrandAnalyticsTests.EffectRankerTests testShiftedOutcomeAlignment]' passed (0.000 seconds).
Test Case '-[StrandAnalyticsTests.EffectRankerTests testThinBehaviourIsDropped]' started.
Test Case '-[StrandAnalyticsTests.EffectRankerTests testThinBehaviourIsDropped]' passed (0.001 seconds).
Test Suite 'EffectRankerTests' passed at 2026-09-21 23:12:10.307.
	 Executed 6 tests, with 0 failures (0 unexpected) in 0.006 (0.006) seconds
Test Suite 'EffectiveEffortTests' started at 2026-09-21 23:12:10.307.
Test Case '-[StrandAnalyticsTests.EffectiveEffortTests testAGenuineZeroIsKept]' started.
Test Case '-[StrandAnalyticsTests.EffectiveEffortTests testAGenuineZeroIsKept]' passed (0.000 seconds).
Test Case '-[StrandAnalyticsTests.EffectiveEffortTests testAStoredValueFloorsALiveUnderRead]' started.
Test Case '-[StrandAnalyticsTests.EffectiveEffortTests testAStoredValueFloorsALiveUnderRead]' passed (0.000 seconds).
Test Case '-[StrandAnalyticsTests.EffectiveEffortTests testBothPresentNonzeroAndNaNBehaviorIsUnchanged]' started.
Test Case '-[StrandAnalyticsTests.EffectiveEffortTests testBothPresentNonzeroAndNaNBehaviorIsUnchanged]' passed (0.000 seconds).
Test Case '-[StrandAnalyticsTests.EffectiveEffortTests testBothPresentZerosCanonicalizePositiveZero]' started.
Test Case '-[StrandAnalyticsTests.EffectiveEffortTests testBothPresentZerosCanonicalizePositiveZero]' passed (0.000 seconds).
Test Case '-[StrandAnalyticsTests.EffectiveEffortTests testEqualSourcesResolveToThatValue]' started.
Test Case '-[StrandAnalyticsTests.EffectiveEffortTests testEqualSourcesResolveToThatValue]' passed (0.000 seconds).
Test Case '-[StrandAnalyticsTests.EffectiveEffortTests testLiveAheadOfAStaleRowWins]' started.
Test Case '-[StrandAnalyticsTests.EffectiveEffortTests testLiveAheadOfAStaleRowWins]' passed (0.000 seconds).
Test Case '-[StrandAnalyticsTests.EffectiveEffortTests testNeitherSourceIsNil]' started.
Test Case '-[StrandAnalyticsTests.EffectiveEffortTests testNeitherSourceIsNil]' passed (0.000 seconds).
Test Case '-[StrandAnalyticsTests.EffectiveEffortTests testNoLiveValueUsesTheStoredRow]' started.
Test Case '-[StrandAnalyticsTests.EffectiveEffortTests testNoLiveValueUsesTheStoredRow]' passed (0.000 seconds).
Test Case '-[StrandAnalyticsTests.EffectiveEffortTests testNoStoredRowUsesTheLiveValue]' started.
Test Case '-[StrandAnalyticsTests.EffectiveEffortTests testNoStoredRowUsesTheLiveValue]' passed (0.000 seconds).
Test Case '-[StrandAnalyticsTests.EffectiveEffortTests testSingleSourcePassesThroughBitForBit]' started.
Test Case '-[StrandAnalyticsTests.EffectiveEffortTests testSingleSourcePassesThroughBitForBit]' passed (0.000 seconds).
Test Suite 'EffectiveEffortTests' passed at 2026-09-21 23:12:10.308.
	 Executed 10 tests, with 0 failures (0 unexpected) in 0.000 (0.001) seconds
Test Suite 'EffortMethodThreadingTests' started at 2026-09-21 23:12:10.308.
Test Case '-[StrandAnalyticsTests.EffortMethodThreadingTests testBanisterReachesTheDayScore]' started.
Test Case '-[StrandAnalyticsTests.EffortMethodThreadingTests testBanisterReachesTheDayScore]' passed (0.259 seconds).
Test Case '-[StrandAnalyticsTests.EffortMethodThreadingTests testBanisterReachesTheWorkoutsDetectedInsideTheDay]' started.
Test Case '-[StrandAnalyticsTests.EffortMethodThreadingTests testBanisterReachesTheWorkoutsDetectedInsideTheDay]' passed (0.001 seconds).
Test Case '-[StrandAnalyticsTests.EffortMethodThreadingTests testOnlyEffortMoves]' started.
Test Case '-[StrandAnalyticsTests.EffortMethodThreadingTests testOnlyEffortMoves]' passed (0.393 seconds).
Test Case '-[StrandAnalyticsTests.EffortMethodThreadingTests testTheDefaultIsStillEdwardsAndStillScoresTheFlooredHourAtZero]' started.
Test Case '-[StrandAnalyticsTests.EffortMethodThreadingTests testTheDefaultIsStillEdwardsAndStillScoresTheFlooredHourAtZero]' passed (0.270 seconds).
Test Suite 'EffortMethodThreadingTests' passed at 2026-09-21 23:12:11.230.
	 Executed 4 tests, with 0 failures (0 unexpected) in 0.922 (0.922) seconds
Test Suite 'EffortScoreFunnelTests' started at 2026-09-21 23:12:11.230.
Test Case '-[StrandAnalyticsTests.EffortScoreFunnelTests testACalmDayReportsTheZeroItMeasured]' started.
Test Case '-[StrandAnalyticsTests.EffortScoreFunnelTests testACalmDayReportsTheZeroItMeasured]' passed (0.000 seconds).
Test Case '-[StrandAnalyticsTests.EffortScoreFunnelTests testARefusalIsNotAZero]' started.
Test Case '-[StrandAnalyticsTests.EffortScoreFunnelTests testARefusalIsNotAZero]' passed (0.000 seconds).
Test Case '-[StrandAnalyticsTests.EffortScoreFunnelTests testNoDiagSinkMeansNoLine]' started.
Test Case '-[StrandAnalyticsTests.EffortScoreFunnelTests testNoDiagSinkMeansNoLine]' passed (0.000 seconds).
Test Suite 'EffortScoreFunnelTests' passed at 2026-09-21 23:12:11.231.
	 Executed 3 tests, with 0 failures (0 unexpected) in 0.001 (0.001) seconds
Test Suite 'FitnessAgeEngineTests' started at 2026-09-21 23:12:11.231.
Test Case '-[StrandAnalyticsTests.FitnessAgeEngineTests testBMIHelper]' started.
Test Case '-[StrandAnalyticsTests.FitnessAgeEngineTests testBMIHelper]' passed (0.000 seconds).
Test Case '-[StrandAnalyticsTests.FitnessAgeEngineTests testComputeNilWhenNoRHR]' started.
Test Case '-[StrandAnalyticsTests.FitnessAgeEngineTests testComputeNilWhenNoRHR]' passed (0.000 seconds).
Test Case '-[StrandAnalyticsTests.FitnessAgeEngineTests testComputeNonBinaryFlagsLowerConfidence]' started.
Test Case '-[StrandAnalyticsTests.FitnessAgeEngineTests testComputeNonBinaryFlagsLowerConfidence]' passed (0.000 seconds).
Test Case '-[StrandAnalyticsTests.FitnessAgeEngineTests testComputeReferencePersonExactAge]' started.
Test Case '-[StrandAnalyticsTests.FitnessAgeEngineTests testComputeReferencePersonExactAge]' passed (0.000 seconds).
Test Case '-[StrandAnalyticsTests.FitnessAgeEngineTests testComputeWithWaistFillsVO2max]' started.
Test Case '-[StrandAnalyticsTests.FitnessAgeEngineTests testComputeWithWaistFillsVO2max]' passed (0.000 seconds).
Test Case '-[StrandAnalyticsTests.FitnessAgeEngineTests testFitnessAgeClampsToRange]' started.
Test Case '-[StrandAnalyticsTests.FitnessAgeEngineTests testFitnessAgeClampsToRange]' passed (0.000 seconds).
Test Case '-[StrandAnalyticsTests.FitnessAgeEngineTests testFitnessAgeFitterIsYounger]' started.
Test Case '-[StrandAnalyticsTests.FitnessAgeEngineTests testFitnessAgeFitterIsYounger]' passed (0.000 seconds).
Test Case '-[StrandAnalyticsTests.FitnessAgeEngineTests testFitnessAgeReferenceFitPersonEqualsChronoAge]' started.
Test Case '-[StrandAnalyticsTests.FitnessAgeEngineTests testFitnessAgeReferenceFitPersonEqualsChronoAge]' passed (0.000 seconds).
Test Case '-[StrandAnalyticsTests.FitnessAgeEngineTests testFitnessAgeUnfitterIsOlder]' started.
Test Case '-[StrandAnalyticsTests.FitnessAgeEngineTests testFitnessAgeUnfitterIsOlder]' passed (0.000 seconds).
Test Case '-[StrandAnalyticsTests.FitnessAgeEngineTests testNightsUntilReadyCountsDownToTheFloor]' started.
Test Case '-[StrandAnalyticsTests.FitnessAgeEngineTests testNightsUntilReadyCountsDownToTheFloor]' passed (0.000 seconds).
Test Case '-[StrandAnalyticsTests.FitnessAgeEngineTests testNightsUntilReadyZeroAtOrAboveFloor]' started.
Test Case '-[StrandAnalyticsTests.FitnessAgeEngineTests testNightsUntilReadyZeroAtOrAboveFloor]' passed (0.000 seconds).
Test Case '-[StrandAnalyticsTests.FitnessAgeEngineTests testPAIndexFromStrain]' started.
Test Case '-[StrandAnalyticsTests.FitnessAgeEngineTests testPAIndexFromStrain]' passed (0.000 seconds).
Test Case '-[StrandAnalyticsTests.FitnessAgeEngineTests testPAIndexHighlyActive]' started.
Test Case '-[StrandAnalyticsTests.FitnessAgeEngineTests testPAIndexHighlyActive]' passed (0.000 seconds).
Test Case '-[StrandAnalyticsTests.FitnessAgeEngineTests testPAIndexModerate]' started.
Test Case '-[StrandAnalyticsTests.FitnessAgeEngineTests testPAIndexModerate]' passed (0.000 seconds).
Test Case '-[StrandAnalyticsTests.FitnessAgeEngineTests testPAIndexSedentary]' started.
Test Case '-[StrandAnalyticsTests.FitnessAgeEngineTests testPAIndexSedentary]' passed (0.000 seconds).
Test Case '-[StrandAnalyticsTests.FitnessAgeEngineTests testReadinessAllPresentIsReady]' started.
Test Case '-[StrandAnalyticsTests.FitnessAgeEngineTests testReadinessAllPresentIsReady]' passed (0.000 seconds).
Test Case '-[StrandAnalyticsTests.FitnessAgeEngineTests testReadinessGoodCoverageNoBodyMetricsStillReady]' started.
Test Case '-[StrandAnalyticsTests.FitnessAgeEngineTests testReadinessGoodCoverageNoBodyMetricsStillReady]' passed (0.000 seconds).
Test Case '-[StrandAnalyticsTests.FitnessAgeEngineTests testReadinessMissingAgeIsNotReady]' started.
Test Case '-[StrandAnalyticsTests.FitnessAgeEngineTests testReadinessMissingAgeIsNotReady]' passed (0.000 seconds).
Test Case '-[StrandAnalyticsTests.FitnessAgeEngineTests testReadinessMissingRHRIsNotReady]' started.
Test Case '-[StrandAnalyticsTests.FitnessAgeEngineTests testReadinessMissingRHRIsNotReady]' passed (0.000 seconds).
Test Case '-[StrandAnalyticsTests.FitnessAgeEngineTests testReadinessPartialCoverageIsEstimate]' started.
Test Case '-[StrandAnalyticsTests.FitnessAgeEngineTests testReadinessPartialCoverageIsEstimate]' passed (0.000 seconds).
Test Case '-[StrandAnalyticsTests.FitnessAgeEngineTests testVO2maxMenKnownValue]' started.
Test Case '-[StrandAnalyticsTests.FitnessAgeEngineTests testVO2maxMenKnownValue]' passed (0.000 seconds).
Test Case '-[StrandAnalyticsTests.FitnessAgeEngineTests testVO2maxWomenKnownValue]' started.
Test Case '-[StrandAnalyticsTests.FitnessAgeEngineTests testVO2maxWomenKnownValue]' passed (0.000 seconds).
Test Suite 'FitnessAgeEngineTests' passed at 2026-09-21 23:12:11.235.
	 Executed 22 tests, with 0 failures (0 unexpected) in 0.003 (0.004) seconds
Test Suite 'FusionResolverTests' started at 2026-09-21 23:12:11.235.
Test Case '-[StrandAnalyticsTests.FusionResolverTests testConflictKeepsBothContributorsWinnerHigherTrust]' started.
Test Case '-[StrandAnalyticsTests.FusionResolverTests testConflictKeepsBothContributorsWinnerHigherTrust]' passed (0.000 seconds).
Test Case '-[StrandAnalyticsTests.FusionResolverTests testEmptyInputsYieldNil]' started.
Test Case '-[StrandAnalyticsTests.FusionResolverTests testEmptyInputsYieldNil]' passed (0.000 seconds).
Test Case '-[StrandAnalyticsTests.FusionResolverTests testKeyMapping]' started.
Test Case '-[StrandAnalyticsTests.FusionResolverTests testKeyMapping]' passed (0.000 seconds).
Test Case '-[StrandAnalyticsTests.FusionResolverTests testRestingHRAgreeWithinTolerance]' started.
Test Case '-[StrandAnalyticsTests.FusionResolverTests testRestingHRAgreeWithinTolerance]' passed (0.000 seconds).
Test Case '-[StrandAnalyticsTests.FusionResolverTests testRestingHRConflictBeyondMinorEdge]' started.
Test Case '-[StrandAnalyticsTests.FusionResolverTests testRestingHRConflictBeyondMinorEdge]' passed (0.000 seconds).
Test Case '-[StrandAnalyticsTests.FusionResolverTests testRestingHRMinorDeltaJustOverAgreeEdge]' started.
Test Case '-[StrandAnalyticsTests.FusionResolverTests testRestingHRMinorDeltaJustOverAgreeEdge]' passed (0.000 seconds).
Test Case '-[StrandAnalyticsTests.FusionResolverTests testRestingHRStrapBeatsPhone]' started.
Test Case '-[StrandAnalyticsTests.FusionResolverTests testRestingHRStrapBeatsPhone]' passed (0.000 seconds).
Test Case '-[StrandAnalyticsTests.FusionResolverTests testSingleSourcePassesThroughNoAgreement]' started.
Test Case '-[StrandAnalyticsTests.FusionResolverTests testSingleSourcePassesThroughNoAgreement]' passed (0.000 seconds).
Test Case '-[StrandAnalyticsTests.FusionResolverTests testSleepConflictTwoHoursVsSeven]' started.
Test Case '-[StrandAnalyticsTests.FusionResolverTests testSleepConflictTwoHoursVsSeven]' passed (0.000 seconds).
Test Case '-[StrandAnalyticsTests.FusionResolverTests testSleepTierTable]' started.
Test Case '-[StrandAnalyticsTests.FusionResolverTests testSleepTierTable]' passed (0.000 seconds).
Test Case '-[StrandAnalyticsTests.FusionResolverTests testSleepWhoopBeatsPhoneBuckets]' started.
Test Case '-[StrandAnalyticsTests.FusionResolverTests testSleepWhoopBeatsPhoneBuckets]' passed (0.000 seconds).
Test Case '-[StrandAnalyticsTests.FusionResolverTests testStepsBandBeatsStrapEstimate]' started.
Test Case '-[StrandAnalyticsTests.FusionResolverTests testStepsBandBeatsStrapEstimate]' passed (0.000 seconds).
Test Case '-[StrandAnalyticsTests.FusionResolverTests testStepsPercentBandAgree]' started.
Test Case '-[StrandAnalyticsTests.FusionResolverTests testStepsPercentBandAgree]' passed (0.000 seconds).
Test Case '-[StrandAnalyticsTests.FusionResolverTests testStepsPercentBandConflict]' started.
Test Case '-[StrandAnalyticsTests.FusionResolverTests testStepsPercentBandConflict]' passed (0.000 seconds).
Test Case '-[StrandAnalyticsTests.FusionResolverTests testStepsTierTable]' started.
Test Case '-[StrandAnalyticsTests.FusionResolverTests testStepsTierTable]' passed (0.000 seconds).
Test Case '-[StrandAnalyticsTests.FusionResolverTests testTieBrokenStablyBySourcePriority]' started.
Test Case '-[StrandAnalyticsTests.FusionResolverTests testTieBrokenStablyBySourcePriority]' passed (0.000 seconds).
Test Case '-[StrandAnalyticsTests.FusionResolverTests testWinningSourceMatchesSuppliedValue]' started.
Test Case '-[StrandAnalyticsTests.FusionResolverTests testWinningSourceMatchesSuppliedValue]' passed (0.000 seconds).
Test Suite 'FusionResolverTests' passed at 2026-09-21 23:12:11.238.
	 Executed 17 tests, with 0 failures (0 unexpected) in 0.002 (0.003) seconds
Test Suite 'GuidedCaptureProgressTests' started at 2026-09-21 23:12:11.238.
Test Case '-[StrandAnalyticsTests.GuidedCaptureProgressTests testCapturingState]' started.
Test Case '-[StrandAnalyticsTests.GuidedCaptureProgressTests testCapturingState]' passed (0.000 seconds).
Test Case '-[StrandAnalyticsTests.GuidedCaptureProgressTests testComplete]' started.
Test Case '-[StrandAnalyticsTests.GuidedCaptureProgressTests testComplete]' passed (0.000 seconds).
Test Case '-[StrandAnalyticsTests.GuidedCaptureProgressTests testCompleteWhenOverTarget]' started.
Test Case '-[StrandAnalyticsTests.GuidedCaptureProgressTests testCompleteWhenOverTarget]' passed (0.000 seconds).
Test Case '-[StrandAnalyticsTests.GuidedCaptureProgressTests testGapNight]' started.
Test Case '-[StrandAnalyticsTests.GuidedCaptureProgressTests testGapNight]' passed (0.000 seconds).
Test Case '-[StrandAnalyticsTests.GuidedCaptureProgressTests testLabels]' started.
Test Case '-[StrandAnalyticsTests.GuidedCaptureProgressTests testLabels]' passed (0.000 seconds).
Test Case '-[StrandAnalyticsTests.GuidedCaptureProgressTests testNoEmDashInLabel]' started.
Test Case '-[StrandAnalyticsTests.GuidedCaptureProgressTests testNoEmDashInLabel]' passed (0.000 seconds).
Test Suite 'GuidedCaptureProgressTests' passed at 2026-09-21 23:12:11.239.
	 Executed 6 tests, with 0 failures (0 unexpected) in 0.000 (0.001) seconds
Test Suite 'HRDownPacerTests' started at 2026-09-21 23:12:11.239.
Test Case '-[StrandAnalyticsTests.HRDownPacerTests test_delta_ramp_is_linear]' started.
Test Case '-[StrandAnalyticsTests.HRDownPacerTests test_delta_ramp_is_linear]' passed (0.000 seconds).
Test Case '-[StrandAnalyticsTests.HRDownPacerTests test_descent_is_monotone_and_bounded]' started.
Test Case '-[StrandAnalyticsTests.HRDownPacerTests test_descent_is_monotone_and_bounded]' passed (0.001 seconds).
Test Case '-[StrandAnalyticsTests.HRDownPacerTests test_golden_ramped_step]' started.
Test Case '-[StrandAnalyticsTests.HRDownPacerTests test_golden_ramped_step]' passed (0.000 seconds).
Test Case '-[StrandAnalyticsTests.HRDownPacerTests test_golden_start_step]' started.
Test Case '-[StrandAnalyticsTests.HRDownPacerTests test_golden_start_step]' passed (0.000 seconds).
Test Case '-[StrandAnalyticsTests.HRDownPacerTests test_hr_floor_respected]' started.
Test Case '-[StrandAnalyticsTests.HRDownPacerTests test_hr_floor_respected]' passed (0.000 seconds).
Test Case '-[StrandAnalyticsTests.HRDownPacerTests test_invalid_hr_stops]' started.
Test Case '-[StrandAnalyticsTests.HRDownPacerTests test_invalid_hr_stops]' passed (0.000 seconds).
Test Case '-[StrandAnalyticsTests.HRDownPacerTests test_stops_on_settle]' started.
Test Case '-[StrandAnalyticsTests.HRDownPacerTests test_stops_on_settle]' passed (0.000 seconds).
Test Case '-[StrandAnalyticsTests.HRDownPacerTests test_stops_on_timeout]' started.
Test Case '-[StrandAnalyticsTests.HRDownPacerTests test_stops_on_timeout]' passed (0.000 seconds).
Test Suite 'HRDownPacerTests' passed at 2026-09-21 23:12:11.242.
	 Executed 8 tests, with 0 failures (0 unexpected) in 0.002 (0.003) seconds
Test Suite 'HRVAnalyzerDuplicatePairTests' started at 2026-09-21 23:12:11.242.
Test Case '-[StrandAnalyticsTests.HRVAnalyzerDuplicatePairTests testAnExactDuplicateIsCountedSeparately]' started.
Test Case '-[StrandAnalyticsTests.HRVAnalyzerDuplicatePairTests testAnExactDuplicateIsCountedSeparately]' passed (0.000 seconds).
Test Case '-[StrandAnalyticsTests.HRVAnalyzerDuplicatePairTests testAnOrdinaryBeatToBeatDifferenceIsNotATickSignature]' started.
Test Case '-[StrandAnalyticsTests.HRVAnalyzerDuplicatePairTests testAnOrdinaryBeatToBeatDifferenceIsNotATickSignature]' passed (0.000 seconds).
Test Case '-[StrandAnalyticsTests.HRVAnalyzerDuplicatePairTests testAPopulationOfRealBeatsDoesNotReadAsTicks]' started.
Test Case '-[StrandAnalyticsTests.HRVAnalyzerDuplicatePairTests testAPopulationOfRealBeatsDoesNotReadAsTicks]' passed (0.000 seconds).
Test Case '-[StrandAnalyticsTests.HRVAnalyzerDuplicatePairTests testAPopulationOfTickPairsReportsATightSpread]' started.
Test Case '-[StrandAnalyticsTests.HRVAnalyzerDuplicatePairTests testAPopulationOfTickPairsReportsATightSpread]' passed (0.000 seconds).
Test Case '-[StrandAnalyticsTests.HRVAnalyzerDuplicatePairTests testConsecutiveBeatsFromOneDeliveryAreExcluded]' started.
Test Case '-[StrandAnalyticsTests.HRVAnalyzerDuplicatePairTests testConsecutiveBeatsFromOneDeliveryAreExcluded]' passed (0.000 seconds).
Test Case '-[StrandAnalyticsTests.HRVAnalyzerDuplicatePairTests testOutputStringIsPinnedForParity]' started.
Test Case '-[StrandAnalyticsTests.HRVAnalyzerDuplicatePairTests testOutputStringIsPinnedForParity]' passed (0.000 seconds).
Test Case '-[StrandAnalyticsTests.HRVAnalyzerDuplicatePairTests testRowsWithoutAnOrdAreIgnored]' started.
Test Case '-[StrandAnalyticsTests.HRVAnalyzerDuplicatePairTests testRowsWithoutAnOrdAreIgnored]' passed (0.000 seconds).
Test Case '-[StrandAnalyticsTests.HRVAnalyzerDuplicatePairTests testSecondsWithMoreThanTwoRowsAreSkipped]' started.
Test Case '-[StrandAnalyticsTests.HRVAnalyzerDuplicatePairTests testSecondsWithMoreThanTwoRowsAreSkipped]' passed (0.000 seconds).
Test Case '-[StrandAnalyticsTests.HRVAnalyzerDuplicatePairTests testTheFieldPairIsCountedAsATickSignature]' started.
Test Case '-[StrandAnalyticsTests.HRVAnalyzerDuplicatePairTests testTheFieldPairIsCountedAsATickSignature]' passed (0.000 seconds).
Test Suite 'HRVAnalyzerDuplicatePairTests' passed at 2026-09-21 23:12:11.243.
	 Executed 9 tests, with 0 failures (0 unexpected) in 0.001 (0.001) seconds
Test Suite 'HRVAnalyzerSampleOrdTests' started at 2026-09-21 23:12:11.243.
Test Case '-[StrandAnalyticsTests.HRVAnalyzerSampleOrdTests testAbsentOrdsLeaveTheLineUnchanged]' started.
Test Case '-[StrandAnalyticsTests.HRVAnalyzerSampleOrdTests testAbsentOrdsLeaveTheLineUnchanged]' passed (0.000 seconds).
Test Case '-[StrandAnalyticsTests.HRVAnalyzerSampleOrdTests testASecondBuiltAcrossTwoDeliveriesRepeatsTheCounter]' started.
Test Case '-[StrandAnalyticsTests.HRVAnalyzerSampleOrdTests testASecondBuiltAcrossTwoDeliveriesRepeatsTheCounter]' passed (0.000 seconds).
Test Case '-[StrandAnalyticsTests.HRVAnalyzerSampleOrdTests testASecondDeliveredOnceReadsAsOneContiguousRun]' started.
Test Case '-[StrandAnalyticsTests.HRVAnalyzerSampleOrdTests testASecondDeliveredOnceReadsAsOneContiguousRun]' passed (0.000 seconds).
Test Case '-[StrandAnalyticsTests.HRVAnalyzerSampleOrdTests testMsRoundsHalfUpWithoutStdlibRounding]' started.
Test Case '-[StrandAnalyticsTests.HRVAnalyzerSampleOrdTests testMsRoundsHalfUpWithoutStdlibRounding]' passed (0.000 seconds).
Test Case '-[StrandAnalyticsTests.HRVAnalyzerSampleOrdTests testNilOrdsAreExcludedNotAssumedFirst]' started.
Test Case '-[StrandAnalyticsTests.HRVAnalyzerSampleOrdTests testNilOrdsAreExcludedNotAssumedFirst]' passed (0.000 seconds).
Test Case '-[StrandAnalyticsTests.HRVAnalyzerSampleOrdTests testPctSurvivesAWholeNightOfBeatTime]' started.
Test Case '-[StrandAnalyticsTests.HRVAnalyzerSampleOrdTests testPctSurvivesAWholeNightOfBeatTime]' passed (0.000 seconds).
Test Case '-[StrandAnalyticsTests.HRVAnalyzerSampleOrdTests testPctWrapWasNotAlwaysNegative]' started.
Test Case '-[StrandAnalyticsTests.HRVAnalyzerSampleOrdTests testPctWrapWasNotAlwaysNegative]' passed (0.000 seconds).
Test Case '-[StrandAnalyticsTests.HRVAnalyzerSampleOrdTests testPercentIsIntegerHalfUp]' started.
Test Case '-[StrandAnalyticsTests.HRVAnalyzerSampleOrdTests testPercentIsIntegerHalfUp]' passed (0.000 seconds).
Test Case '-[StrandAnalyticsTests.HRVAnalyzerSampleOrdTests testSingleDeliveryPerSecondReadsClean]' started.
Test Case '-[StrandAnalyticsTests.HRVAnalyzerSampleOrdTests testSingleDeliveryPerSecondReadsClean]' passed (0.000 seconds).
Test Case '-[StrandAnalyticsTests.HRVAnalyzerSampleOrdTests testTwoDeliveriesOnOneSecondAreCounted]' started.
Test Case '-[StrandAnalyticsTests.HRVAnalyzerSampleOrdTests testTwoDeliveriesOnOneSecondAreCounted]' passed (0.000 seconds).
Test Suite 'HRVAnalyzerSampleOrdTests' passed at 2026-09-21 23:12:11.244.
	 Executed 10 tests, with 0 failures (0 unexpected) in 0.000 (0.001) seconds
Test Suite 'HRVAnalyzerTests' started at 2026-09-21 23:12:11.244.
Test Case '-[StrandAnalyticsTests.HRVAnalyzerTests testAnalyzeGoldenSeries]' started.
Test Case '-[StrandAnalyticsTests.HRVAnalyzerTests testAnalyzeGoldenSeries]' passed (0.001 seconds).
Test Case '-[StrandAnalyticsTests.HRVAnalyzerTests testAnalyzeRequiresMinBeats]' started.
Test Case '-[StrandAnalyticsTests.HRVAnalyzerTests testAnalyzeRequiresMinBeats]' passed (0.001 seconds).
Test Case '-[StrandAnalyticsTests.HRVAnalyzerTests testAnalyzeWindowFiltersByTimestamp]' started.
Test Case '-[StrandAnalyticsTests.HRVAnalyzerTests testAnalyzeWindowFiltersByTimestamp]' passed (0.001 seconds).
Test Case '-[StrandAnalyticsTests.HRVAnalyzerTests testCollapsedCoverageCollapsesSameSecondNearDuplicates]' started.
Test Case '-[StrandAnalyticsTests.HRVAnalyzerTests testCollapsedCoverageCollapsesSameSecondNearDuplicates]' passed (0.000 seconds).
Test Case '-[StrandAnalyticsTests.HRVAnalyzerTests testCollapsedCoverageKeepsCrossSecondDuplicates]' started.
Test Case '-[StrandAnalyticsTests.HRVAnalyzerTests testCollapsedCoverageKeepsCrossSecondDuplicates]' passed (0.000 seconds).
Test Case '-[StrandAnalyticsTests.HRVAnalyzerTests testCollapsedCoverageNoOpOnCleanStream]' started.
Test Case '-[StrandAnalyticsTests.HRVAnalyzerTests testCollapsedCoverageNoOpOnCleanStream]' passed (0.000 seconds).
Test Case '-[StrandAnalyticsTests.HRVAnalyzerTests testCollapsedCoverageRespectsRrToleranceForGenuineTwoBeatsInOneSecond]' started.
Test Case '-[StrandAnalyticsTests.HRVAnalyzerTests testCollapsedCoverageRespectsRrToleranceForGenuineTwoBeatsInOneSecond]' passed (0.000 seconds).
Test Case '-[StrandAnalyticsTests.HRVAnalyzerTests testCoverageCleanStreamIsNearOne]' started.
Test Case '-[StrandAnalyticsTests.HRVAnalyzerTests testCoverageCleanStreamIsNearOne]' passed (0.000 seconds).
Test Case '-[StrandAnalyticsTests.HRVAnalyzerTests testCoverageDoubleCountedBeatsExceedsOne]' started.
Test Case '-[StrandAnalyticsTests.HRVAnalyzerTests testCoverageDoubleCountedBeatsExceedsOne]' passed (0.000 seconds).
Test Case '-[StrandAnalyticsTests.HRVAnalyzerTests testCoverageZeroForTooFewBeatsOrZeroSpan]' started.
Test Case '-[StrandAnalyticsTests.HRVAnalyzerTests testCoverageZeroForTooFewBeatsOrZeroSpan]' passed (0.000 seconds).
Test Case '-[StrandAnalyticsTests.HRVAnalyzerTests testDensestSampleEmptyForTooFewBeats]' started.
Test Case '-[StrandAnalyticsTests.HRVAnalyzerTests testDensestSampleEmptyForTooFewBeats]' passed (0.000 seconds).
Test Case '-[StrandAnalyticsTests.HRVAnalyzerTests testDensestSampleHalfValueBeatsPerSecRounding]' started.
Test Case '-[StrandAnalyticsTests.HRVAnalyzerTests testDensestSampleHalfValueBeatsPerSecRounding]' passed (0.000 seconds).
Test Case '-[StrandAnalyticsTests.HRVAnalyzerTests testDensestSampleShortSrcCodesAreIndexGuarded]' started.
Test Case '-[StrandAnalyticsTests.HRVAnalyzerTests testDensestSampleShortSrcCodesAreIndexGuarded]' passed (0.000 seconds).
Test Case '-[StrandAnalyticsTests.HRVAnalyzerTests testDensestSampleShowsDistinctTrains]' started.
Test Case '-[StrandAnalyticsTests.HRVAnalyzerTests testDensestSampleShowsDistinctTrains]' passed (0.000 seconds).
Test Case '-[StrandAnalyticsTests.HRVAnalyzerTests testDensestSampleShowsNearEqualCopies]' started.
Test Case '-[StrandAnalyticsTests.HRVAnalyzerTests testDensestSampleShowsNearEqualCopies]' passed (0.000 seconds).
Test Case '-[StrandAnalyticsTests.HRVAnalyzerTests testDensestSampleSurfacesSrcChannelTags]' started.
Test Case '-[StrandAnalyticsTests.HRVAnalyzerTests testDensestSampleSurfacesSrcChannelTags]' passed (0.000 seconds).
Test Case '-[StrandAnalyticsTests.HRVAnalyzerTests testDensestSampleTieResolvesToEarliestSecond]' started.
Test Case '-[StrandAnalyticsTests.HRVAnalyzerTests testDensestSampleTieResolvesToEarliestSecond]' passed (0.000 seconds).
Test Case '-[StrandAnalyticsTests.HRVAnalyzerTests testDensestSampleTruncatesRunawaySecond]' started.
Test Case '-[StrandAnalyticsTests.HRVAnalyzerTests testDensestSampleTruncatesRunawaySecond]' passed (0.000 seconds).
Test Case '-[StrandAnalyticsTests.HRVAnalyzerTests testDuplicateBeatsCountsExactRepeats]' started.
Test Case '-[StrandAnalyticsTests.HRVAnalyzerTests testDuplicateBeatsCountsExactRepeats]' passed (0.000 seconds).
Test Case '-[StrandAnalyticsTests.HRVAnalyzerTests testEctopicKeepsModerateVariation]' started.
Test Case '-[StrandAnalyticsTests.HRVAnalyzerTests testEctopicKeepsModerateVariation]' passed (0.000 seconds).
Test Case '-[StrandAnalyticsTests.HRVAnalyzerTests testEctopicRejectionDropsSpike]' started.
Test Case '-[StrandAnalyticsTests.HRVAnalyzerTests testEctopicRejectionDropsSpike]' passed (0.001 seconds).
Test Case '-[StrandAnalyticsTests.HRVAnalyzerTests testNightlyWindowedRMSSDUnchangedWithDefaultedGate]' started.
Test Case '-[StrandAnalyticsTests.HRVAnalyzerTests testNightlyWindowedRMSSDUnchangedWithDefaultedGate]' passed (0.002 seconds).
Test Case '-[StrandAnalyticsTests.HRVAnalyzerTests testRangeFilterDropsOutOfRange]' started.
Test Case '-[StrandAnalyticsTests.HRVAnalyzerTests testRangeFilterDropsOutOfRange]' passed (0.000 seconds).
Test Case '-[StrandAnalyticsTests.HRVAnalyzerTests testRMSSDRawHandComputed]' started.
Test Case '-[StrandAnalyticsTests.HRVAnalyzerTests testRMSSDRawHandComputed]' passed (0.000 seconds).
Test Case '-[StrandAnalyticsTests.HRVAnalyzerTests testRMSSDRawTooFewReturnsNil]' started.
Test Case '-[StrandAnalyticsTests.HRVAnalyzerTests testRMSSDRawTooFewReturnsNil]' passed (0.000 seconds).
Test Case '-[StrandAnalyticsTests.HRVAnalyzerTests testRollingRmssdCleansArtifactWindows]' started.
Test Case '-[StrandAnalyticsTests.HRVAnalyzerTests testRollingRmssdCleansArtifactWindows]' passed (0.025 seconds).
Test Case '-[StrandAnalyticsTests.HRVAnalyzerTests testRollingRmssdCleansEachRawWindowIndependently]' started.
Test Case '-[StrandAnalyticsTests.HRVAnalyzerTests testRollingRmssdCleansEachRawWindowIndependently]' passed (0.002 seconds).
Test Case '-[StrandAnalyticsTests.HRVAnalyzerTests testRollingRmssdEmitsWindowedTimelineWithKnownValue]' started.
Test Case '-[StrandAnalyticsTests.HRVAnalyzerTests testRollingRmssdEmitsWindowedTimelineWithKnownValue]' passed (0.055 seconds).
Test Case '-[StrandAnalyticsTests.HRVAnalyzerTests testRollingRmssdExcludesDifferencesStraddlingADroppedBeat]' started.
Test Case '-[StrandAnalyticsTests.HRVAnalyzerTests testRollingRmssdExcludesDifferencesStraddlingADroppedBeat]' passed (0.003 seconds).
Test Case '-[StrandAnalyticsTests.HRVAnalyzerTests testRollingRmssdGaplessWindowIsUnchanged]' started.
Test Case '-[StrandAnalyticsTests.HRVAnalyzerTests testRollingRmssdGaplessWindowIsUnchanged]' passed (0.003 seconds).
Test Case '-[StrandAnalyticsTests.HRVAnalyzerTests testRollingRmssdRepeatedValuesCannotReattachRejectedTimestamp]' started.
Test Case '-[StrandAnalyticsTests.HRVAnalyzerTests testRollingRmssdRepeatedValuesCannotReattachRejectedTimestamp]' passed (0.001 seconds).
Test Case '-[StrandAnalyticsTests.HRVAnalyzerTests testRollingRmssdSortsUnorderedInput]' started.
Test Case '-[StrandAnalyticsTests.HRVAnalyzerTests testRollingRmssdSortsUnorderedInput]' passed (0.030 seconds).
Test Case '-[StrandAnalyticsTests.HRVAnalyzerTests testRollingRmssdSparseSeriesEmitsNothing]' started.
Test Case '-[StrandAnalyticsTests.HRVAnalyzerTests testRollingRmssdSparseSeriesEmitsNothing]' passed (0.000 seconds).
Test Case '-[StrandAnalyticsTests.HRVAnalyzerTests testRollingRmssdStepThinsEmission]' started.
Test Case '-[StrandAnalyticsTests.HRVAnalyzerTests testRollingRmssdStepThinsEmission]' passed (0.061 seconds).
Test Case '-[StrandAnalyticsTests.HRVAnalyzerTests testRollingRmssdUsesExclusiveLeftWindowBoundary]' started.
Test Case '-[StrandAnalyticsTests.HRVAnalyzerTests testRollingRmssdUsesExclusiveLeftWindowBoundary]' passed (0.002 seconds).
Test Case '-[StrandAnalyticsTests.HRVAnalyzerTests testSdnnIndexExcludesInterSegmentDrift]' started.
Test Case '-[StrandAnalyticsTests.HRVAnalyzerTests testSdnnIndexExcludesInterSegmentDrift]' passed (0.012 seconds).
Test Case '-[StrandAnalyticsTests.HRVAnalyzerTests testSdnnIndexSingleSegmentEqualsWholeSdnn]' started.
Test Case '-[StrandAnalyticsTests.HRVAnalyzerTests testSdnnIndexSingleSegmentEqualsWholeSdnn]' passed (0.005 seconds).
Test Case '-[StrandAnalyticsTests.HRVAnalyzerTests testSdnnIndexSparseSeriesIsNil]' started.
Test Case '-[StrandAnalyticsTests.HRVAnalyzerTests testSdnnIndexSparseSeriesIsNil]' passed (0.001 seconds).
Test Case '-[StrandAnalyticsTests.HRVAnalyzerTests testSdnnIndexSteadySeriesIsSmallPositive]' started.
Test Case '-[StrandAnalyticsTests.HRVAnalyzerTests testSdnnIndexSteadySeriesIsSmallPositive]' passed (0.003 seconds).
Test Case '-[StrandAnalyticsTests.HRVAnalyzerTests testSDNNRawSampleStdDev]' started.
Test Case '-[StrandAnalyticsTests.HRVAnalyzerTests testSDNNRawSampleStdDev]' passed (0.000 seconds).
Test Case '-[StrandAnalyticsTests.HRVAnalyzerTests testSpotGateAllowsWhenRejectionUnderCeiling]' started.
Test Case '-[StrandAnalyticsTests.HRVAnalyzerTests testSpotGateAllowsWhenRejectionUnderCeiling]' passed (0.001 seconds).
Test Case '-[StrandAnalyticsTests.HRVAnalyzerTests testSpotGateRefusesWhenTooManyBeatsRejected]' started.
Test Case '-[StrandAnalyticsTests.HRVAnalyzerTests testSpotGateRefusesWhenTooManyBeatsRejected]' passed (0.002 seconds).
Test Suite 'HRVAnalyzerTests' passed at 2026-09-21 23:12:11.461.
	 Executed 42 tests, with 0 failures (0 unexpected) in 0.215 (0.217) seconds
Test Suite 'HRVAnalyzerTraceTests' started at 2026-09-21 23:12:11.461.
Test Case '-[StrandAnalyticsTests.HRVAnalyzerTraceTests testSpotGateLineOnlyWhenCeilingSupplied]' started.
Test Case '-[StrandAnalyticsTests.HRVAnalyzerTraceTests testSpotGateLineOnlyWhenCeilingSupplied]' passed (0.004 seconds).
Test Case '-[StrandAnalyticsTests.HRVAnalyzerTraceTests testTraceReportsMinBeatsFailureAndNilResult]' started.
Test Case '-[StrandAnalyticsTests.HRVAnalyzerTraceTests testTraceReportsMinBeatsFailureAndNilResult]' passed (0.002 seconds).
Test Case '-[StrandAnalyticsTests.HRVAnalyzerTraceTests testTraceReportsRangeAndEctopicRejection]' started.
Test Case '-[StrandAnalyticsTests.HRVAnalyzerTraceTests testTraceReportsRangeAndEctopicRejection]' passed (0.003 seconds).
Test Case '-[StrandAnalyticsTests.HRVAnalyzerTraceTests testTraceResultIsByteIdenticalToAnalyze]' started.
Test Case '-[StrandAnalyticsTests.HRVAnalyzerTraceTests testTraceResultIsByteIdenticalToAnalyze]' passed (0.003 seconds).
Test Suite 'HRVAnalyzerTraceTests' passed at 2026-09-21 23:12:11.474.
	 Executed 4 tests, with 0 failures (0 unexpected) in 0.013 (0.013) seconds
Test Suite 'HRVFreqDomainTests' started at 2026-09-21 23:12:11.474.
Test Case '-[StrandAnalyticsTests.HRVFreqDomainTests testAbstainsUnderSixtySecondSpan]' started.
Test Case '-[StrandAnalyticsTests.HRVFreqDomainTests testAbstainsUnderSixtySecondSpan]' passed (0.002 seconds).
Test Case '-[StrandAnalyticsTests.HRVFreqDomainTests testCleanRRSharedWithTimeDomainPath]' started.
Test Case '-[StrandAnalyticsTests.HRVFreqDomainTests testCleanRRSharedWithTimeDomainPath]' passed (0.016 seconds).
Test Case '-[StrandAnalyticsTests.HRVFreqDomainTests testHFModulationConcentratesPowerInHF]' started.
Test Case '-[StrandAnalyticsTests.HRVFreqDomainTests testHFModulationConcentratesPowerInHF]' passed (0.015 seconds).
Test Case '-[StrandAnalyticsTests.HRVFreqDomainTests testLFModulationConcentratesPowerInLF]' started.
Test Case '-[StrandAnalyticsTests.HRVFreqDomainTests testLFModulationConcentratesPowerInLF]' passed (0.016 seconds).
Test Case '-[StrandAnalyticsTests.HRVFreqDomainTests testLongSpanGivesLFAndRatio]' started.
Test Case '-[StrandAnalyticsTests.HRVFreqDomainTests testLongSpanGivesLFAndRatio]' passed (0.016 seconds).
Test Case '-[StrandAnalyticsTests.HRVFreqDomainTests testShortSpanGivesHFButNilLF]' started.
Test Case '-[StrandAnalyticsTests.HRVFreqDomainTests testShortSpanGivesHFButNilLF]' passed (0.007 seconds).
Test Case '-[StrandAnalyticsTests.HRVFreqDomainTests testTooFewBeatsAbstains]' started.
Test Case '-[StrandAnalyticsTests.HRVFreqDomainTests testTooFewBeatsAbstains]' passed (0.001 seconds).
Test Suite 'HRVFreqDomainTests' passed at 2026-09-21 23:12:11.546.
	 Executed 7 tests, with 0 failures (0 unexpected) in 0.072 (0.072) seconds
Test Suite 'HRVReadinessTests' started at 2026-09-21 23:12:11.546.
Test Case '-[StrandAnalyticsTests.HRVReadinessTests testBelowMinNightsIsNil]' started.
Test Case '-[StrandAnalyticsTests.HRVReadinessTests testBelowMinNightsIsNil]' passed (0.001 seconds).
Test Case '-[StrandAnalyticsTests.HRVReadinessTests testFlatHistoryIsNormalAndBandCollapsesToMean]' started.
Test Case '-[StrandAnalyticsTests.HRVReadinessTests testFlatHistoryIsNormalAndBandCollapsesToMean]' passed (0.003 seconds).
Test Case '-[StrandAnalyticsTests.HRVReadinessTests testOutOfRangeNightsAreDroppedBeforeGate]' started.
Test Case '-[StrandAnalyticsTests.HRVReadinessTests testOutOfRangeNightsAreDroppedBeforeGate]' passed (0.001 seconds).
Test Case '-[StrandAnalyticsTests.HRVReadinessTests testPrimedFixtureTier]' started.
Test Case '-[StrandAnalyticsTests.HRVReadinessTests testPrimedFixtureTier]' passed (0.003 seconds).
Test Case '-[StrandAnalyticsTests.HRVReadinessTests testSuppressedFixtureTier]' started.
Test Case '-[StrandAnalyticsTests.HRVReadinessTests testSuppressedFixtureTier]' passed (0.003 seconds).
Test Suite 'HRVReadinessTests' passed at 2026-09-21 23:12:11.559.
	 Executed 5 tests, with 0 failures (0 unexpected) in 0.012 (0.012) seconds
Test Suite 'HRZonesTests' started at 2026-09-21 23:12:11.559.
Test Case '-[StrandAnalyticsTests.HRZonesTests testCustomBPMBoundariesReplacePercentageEdges]' started.
Test Case '-[StrandAnalyticsTests.HRZonesTests testCustomBPMBoundariesReplacePercentageEdges]' passed (0.000 seconds).
Test Case '-[StrandAnalyticsTests.HRZonesTests testDefaultEditorBoundsPreserveIntegerClassification]' started.
Test Case '-[StrandAnalyticsTests.HRZonesTests testDefaultEditorBoundsPreserveIntegerClassification]' passed (0.000 seconds).
Test Case '-[StrandAnalyticsTests.HRZonesTests testInvalidCustomBoundariesFallBackToDefaults]' started.
Test Case '-[StrandAnalyticsTests.HRZonesTests testInvalidCustomBoundariesFallBackToDefaults]' passed (0.000 seconds).
Test Case '-[StrandAnalyticsTests.HRZonesTests testManualOverride]' started.
Test Case '-[StrandAnalyticsTests.HRZonesTests testManualOverride]' passed (0.000 seconds).
Test Case '-[StrandAnalyticsTests.HRZonesTests testTanakaMaxHR]' started.
Test Case '-[StrandAnalyticsTests.HRZonesTests testTanakaMaxHR]' passed (0.000 seconds).
Test Case '-[StrandAnalyticsTests.HRZonesTests testTimeInZoneAccountsForAllTime]' started.
Test Case '-[StrandAnalyticsTests.HRZonesTests testTimeInZoneAccountsForAllTime]' passed (0.000 seconds).
Test Case '-[StrandAnalyticsTests.HRZonesTests testTimeInZoneCapsHugePositiveGap]' started.
Test Case '-[StrandAnalyticsTests.HRZonesTests testTimeInZoneCapsHugePositiveGap]' passed (0.000 seconds).
Test Case '-[StrandAnalyticsTests.HRZonesTests testTimeInZoneEmpty]' started.
Test Case '-[StrandAnalyticsTests.HRZonesTests testTimeInZoneEmpty]' passed (0.000 seconds).
Test Case '-[StrandAnalyticsTests.HRZonesTests testTimeInZoneSortsDefensively]' started.
Test Case '-[StrandAnalyticsTests.HRZonesTests testTimeInZoneSortsDefensively]' passed (0.000 seconds).
Test Case '-[StrandAnalyticsTests.HRZonesTests testZoneNumberForBPM]' started.
Test Case '-[StrandAnalyticsTests.HRZonesTests testZoneNumberForBPM]' passed (0.000 seconds).
Test Case '-[StrandAnalyticsTests.HRZonesTests testZonesFromAge]' started.
Test Case '-[StrandAnalyticsTests.HRZonesTests testZonesFromAge]' passed (0.000 seconds).
Test Case '-[StrandAnalyticsTests.HRZonesTests testZonesPartitionContiguously]' started.
Test Case '-[StrandAnalyticsTests.HRZonesTests testZonesPartitionContiguously]' passed (0.000 seconds).
Test Suite 'HRZonesTests' passed at 2026-09-21 23:12:11.561.
	 Executed 12 tests, with 0 failures (0 unexpected) in 0.002 (0.003) seconds
Test Suite 'HeartRateRecoveryTests' started at 2026-09-21 23:12:11.561.
Test Case '-[StrandAnalyticsTests.HeartRateRecoveryTests testAHeartRateRiseRemainsSignedInsteadOfBeingClamped]' started.
Test Case '-[StrandAnalyticsTests.HeartRateRecoveryTests testAHeartRateRiseRemainsSignedInsteadOfBeingClamped]' passed (0.000 seconds).
Test Case '-[StrandAnalyticsTests.HeartRateRecoveryTests testBelowThresholdIntervalResetsTheQualifyingRun]' started.
Test Case '-[StrandAnalyticsTests.HeartRateRecoveryTests testBelowThresholdIntervalResetsTheQualifyingRun]' passed (0.000 seconds).
Test Case '-[StrandAnalyticsTests.HeartRateRecoveryTests testCalculatesOneTwoAndFiveMinuteDropsFromRobustReadings]' started.
Test Case '-[StrandAnalyticsTests.HeartRateRecoveryTests testCalculatesOneTwoAndFiveMinuteDropsFromRobustReadings]' passed (0.000 seconds).
Test Case '-[StrandAnalyticsTests.HeartRateRecoveryTests testDoesNotCreditPreWorkoutHeartRateTowardEligibility]' started.
Test Case '-[StrandAnalyticsTests.HeartRateRecoveryTests testDoesNotCreditPreWorkoutHeartRateTowardEligibility]' passed (0.000 seconds).
Test Case '-[StrandAnalyticsTests.HeartRateRecoveryTests testDuplicateTimestampDoesNotBreakAnOtherwiseContinuousRun]' started.
Test Case '-[StrandAnalyticsTests.HeartRateRecoveryTests testDuplicateTimestampDoesNotBreakAnOtherwiseContinuousRun]' passed (0.000 seconds).
Test Case '-[StrandAnalyticsTests.HeartRateRecoveryTests testGapExactlyAtCapUsesLeftSampleAndExactMinimumIsAccepted]' started.
Test Case '-[StrandAnalyticsTests.HeartRateRecoveryTests testGapExactlyAtCapUsesLeftSampleAndExactMinimumIsAccepted]' passed (0.000 seconds).
Test Case '-[StrandAnalyticsTests.HeartRateRecoveryTests testGapOverCapResetsTheQualifyingRun]' started.
Test Case '-[StrandAnalyticsTests.HeartRateRecoveryTests testGapOverCapResetsTheQualifyingRun]' passed (0.000 seconds).
Test Case '-[StrandAnalyticsTests.HeartRateRecoveryTests testNoPostWorkoutCoverageReturnsNil]' started.
Test Case '-[StrandAnalyticsTests.HeartRateRecoveryTests testNoPostWorkoutCoverageReturnsNil]' passed (0.000 seconds).
Test Case '-[StrandAnalyticsTests.HeartRateRecoveryTests testRejectsDisconnectedHighIntensityFragments]' started.
Test Case '-[StrandAnalyticsTests.HeartRateRecoveryTests testRejectsDisconnectedHighIntensityFragments]' passed (0.000 seconds).
Test Case '-[StrandAnalyticsTests.HeartRateRecoveryTests testRejectsThreeSeparatedFortySecondHighIntensityRuns]' started.
Test Case '-[StrandAnalyticsTests.HeartRateRecoveryTests testRejectsThreeSeparatedFortySecondHighIntensityRuns]' passed (0.000 seconds).
Test Case '-[StrandAnalyticsTests.HeartRateRecoveryTests testRequiresSustainedHighIntensityRatherThanOnePeak]' started.
Test Case '-[StrandAnalyticsTests.HeartRateRecoveryTests testRequiresSustainedHighIntensityRatherThanOnePeak]' passed (0.000 seconds).
Test Case '-[StrandAnalyticsTests.HeartRateRecoveryTests testReturnsOnlyMeasurementsWithRealCoverage]' started.
Test Case '-[StrandAnalyticsTests.HeartRateRecoveryTests testReturnsOnlyMeasurementsWithRealCoverage]' passed (0.000 seconds).
Test Suite 'HeartRateRecoveryTests' passed at 2026-09-21 23:12:11.564.
	 Executed 12 tests, with 0 failures (0 unexpected) in 0.002 (0.003) seconds
Test Suite 'HeartRateWindowsTests' started at 2026-09-21 23:12:11.564.
Test Case '-[StrandAnalyticsTests.HeartRateWindowsTests testCurrentHrvReadsTheExactCompletedWindowAtAnyRefreshTime]' started.
Test Case '-[StrandAnalyticsTests.HeartRateWindowsTests testCurrentHrvReadsTheExactCompletedWindowAtAnyRefreshTime]' passed (0.000 seconds).
Test Case '-[StrandAnalyticsTests.HeartRateWindowsTests testMovingSecondsAreExcludedWithoutInvalidatingAnOtherwiseCoveredWindow]' started.
Test Case '-[StrandAnalyticsTests.HeartRateWindowsTests testMovingSecondsAreExcludedWithoutInvalidatingAnOtherwiseCoveredWindow]' passed (0.000 seconds).
Test Case '-[StrandAnalyticsTests.HeartRateWindowsTests testSerializedParityAndAdversarialWindows]' started.
Test Case '-[StrandAnalyticsTests.HeartRateWindowsTests testSerializedParityAndAdversarialWindows]' passed (0.006 seconds).
Test Suite 'HeartRateWindowsTests' passed at 2026-09-21 23:12:11.571.
	 Executed 3 tests, with 0 failures (0 unexpected) in 0.006 (0.007) seconds
Test Suite 'HrOnlyPhysiologyIsolationTests' started at 2026-09-21 23:12:11.571.
Test Case '-[StrandAnalyticsTests.HrOnlyPhysiologyIsolationTests testNoPhysiologicalAggregateReadsTheUnfilteredSessions]' started.
Test Case '-[StrandAnalyticsTests.HrOnlyPhysiologyIsolationTests testNoPhysiologicalAggregateReadsTheUnfilteredSessions]' passed (0.001 seconds).
Test Case '-[StrandAnalyticsTests.HrOnlyPhysiologyIsolationTests testPhysiologySetPrefersMotionBackedNightsAndFallsBackRatherThanEmptying]' started.
Test Case '-[StrandAnalyticsTests.HrOnlyPhysiologyIsolationTests testPhysiologySetPrefersMotionBackedNightsAndFallsBackRatherThanEmptying]' passed (0.003 seconds).
Test Suite 'HrOnlyPhysiologyIsolationTests' passed at 2026-09-21 23:12:11.575.
	 Executed 2 tests, with 0 failures (0 unexpected) in 0.004 (0.004) seconds
Test Suite 'HrvCollapseOverCountTests' started at 2026-09-21 23:12:11.575.
Test Case '-[StrandAnalyticsTests.HrvCollapseOverCountTests testCollapseOverCountExactDupOnlyKeepsTheChannelTwin]' started.
Test Case '-[StrandAnalyticsTests.HrvCollapseOverCountTests testCollapseOverCountExactDupOnlyKeepsTheChannelTwin]' passed (0.000 seconds).
Test Case '-[StrandAnalyticsTests.HrvCollapseOverCountTests testCollapseOverCountLeavesACleanStreamUntouched]' started.
Test Case '-[StrandAnalyticsTests.HrvCollapseOverCountTests testCollapseOverCountLeavesACleanStreamUntouched]' passed (0.000 seconds).
Test Case '-[StrandAnalyticsTests.HrvCollapseOverCountTests testCollapseOverCountRecoversOneBeatPerInterval]' started.
Test Case '-[StrandAnalyticsTests.HrvCollapseOverCountTests testCollapseOverCountRecoversOneBeatPerInterval]' passed (0.000 seconds).
Test Case '-[StrandAnalyticsTests.HrvCollapseOverCountTests testWindowSecCrossSecondIsAnAggressiveUpperBoundThatOverMergesRealBeats]' started.
Test Case '-[StrandAnalyticsTests.HrvCollapseOverCountTests testWindowSecCrossSecondIsAnAggressiveUpperBoundThatOverMergesRealBeats]' passed (0.000 seconds).
Test Suite 'HrvCollapseOverCountTests' passed at 2026-09-21 23:12:11.576.
	 Executed 4 tests, with 0 failures (0 unexpected) in 0.000 (0.001) seconds
Test Suite 'HrvGapAwareTests' started at 2026-09-21 23:12:11.576.
Test Case '-[StrandAnalyticsTests.HrvGapAwareTests testBoundaryCases]' started.
Test Case '-[StrandAnalyticsTests.HrvGapAwareTests testBoundaryCases]' passed (0.001 seconds).
Test Case '-[StrandAnalyticsTests.HrvGapAwareTests testCleanSeriesIsUnchanged]' started.
Test Case '-[StrandAnalyticsTests.HrvGapAwareTests testCleanSeriesIsUnchanged]' passed (0.004 seconds).
Test Case '-[StrandAnalyticsTests.HrvGapAwareTests testContiguityFlagMarksTheSplice]' started.
Test Case '-[StrandAnalyticsTests.HrvGapAwareTests testContiguityFlagMarksTheSplice]' passed (0.001 seconds).
Test Case '-[StrandAnalyticsTests.HrvGapAwareTests testEndDropsKeepAllContiguous]' started.
Test Case '-[StrandAnalyticsTests.HrvGapAwareTests testEndDropsKeepAllContiguous]' passed (0.001 seconds).
Test Case '-[StrandAnalyticsTests.HrvGapAwareTests testMidSeriesDropDoesNotSplice]' started.
Test Case '-[StrandAnalyticsTests.HrvGapAwareTests testMidSeriesDropDoesNotSplice]' passed (0.002 seconds).
Test Case '-[StrandAnalyticsTests.HrvGapAwareTests testRmssdGapAwarePrimitiveSkipsSplice]' started.
Test Case '-[StrandAnalyticsTests.HrvGapAwareTests testRmssdGapAwarePrimitiveSkipsSplice]' passed (0.000 seconds).
Test Suite 'HrvGapAwareTests' passed at 2026-09-21 23:12:11.586.
	 Executed 6 tests, with 0 failures (0 unexpected) in 0.010 (0.010) seconds
Test Suite 'HrvIntegrationTests' started at 2026-09-21 23:12:11.586.
Test Case '-[StrandAnalyticsTests.HrvIntegrationTests testCausalEngineExcludesIncompleteWindowsAndFutureContext]' started.
Test Case '-[StrandAnalyticsTests.HrvIntegrationTests testCausalEngineExcludesIncompleteWindowsAndFutureContext]' passed (0.130 seconds).
Test Case '-[StrandAnalyticsTests.HrvIntegrationTests testEnginePublishesWindowArithmeticNotCachedVendorValueOrDeepOnlyPreference]' started.
Test Case '-[StrandAnalyticsTests.HrvIntegrationTests testEnginePublishesWindowArithmeticNotCachedVendorValueOrDeepOnlyPreference]' passed (0.192 seconds).
Test Case '-[StrandAnalyticsTests.HrvIntegrationTests testFinalBinarySleepContextIsUsedWithoutUserAnnotation]' started.
Test Case '-[StrandAnalyticsTests.HrvIntegrationTests testFinalBinarySleepContextIsUsedWithoutUserAnnotation]' passed (0.189 seconds).
Test Case '-[StrandAnalyticsTests.HrvIntegrationTests testRetrospectiveMeasurementCutoffPublishesOnlyClosedWindows]' started.
Test Case '-[StrandAnalyticsTests.HrvIntegrationTests testRetrospectiveMeasurementCutoffPublishesOnlyClosedWindows]' passed (0.562 seconds).
Test Case '-[StrandAnalyticsTests.HrvIntegrationTests testSessionLegacyRowsStayUnavailableWithReason]' started.
Test Case '-[StrandAnalyticsTests.HrvIntegrationTests testSessionLegacyRowsStayUnavailableWithReason]' passed (0.006 seconds).
Test Case '-[StrandAnalyticsTests.HrvIntegrationTests testStageFeaturesUseValidityWithoutSleepLabelAndCannotBypassQuality]' started.
Test Case '-[StrandAnalyticsTests.HrvIntegrationTests testStageFeaturesUseValidityWithoutSleepLabelAndCannotBypassQuality]' passed (0.051 seconds).
Test Suite 'HrvIntegrationTests' passed at 2026-09-21 23:12:12.716.
	 Executed 6 tests, with 0 failures (0 unexpected) in 1.130 (1.130) seconds
Test Suite 'HrvOverCountGateTests' started at 2026-09-21 23:12:12.716.
Test Case '-[StrandAnalyticsTests.HrvOverCountGateTests testAnUnderCoveredNightIsUnavailable]' started.
Test Case '-[StrandAnalyticsTests.HrvOverCountGateTests testAnUnderCoveredNightIsUnavailable]' passed (0.002 seconds).
Test Case '-[StrandAnalyticsTests.HrvOverCountGateTests testAPlausibleNightStillReportsItsHRV]' started.
Test Case '-[StrandAnalyticsTests.HrvOverCountGateTests testAPlausibleNightStillReportsItsHRV]' passed (0.193 seconds).
Test Case '-[StrandAnalyticsTests.HrvOverCountGateTests testCrossSecondOverCountIsWithheld]' started.
Test Case '-[StrandAnalyticsTests.HrvOverCountGateTests testCrossSecondOverCountIsWithheld]' passed (0.008 seconds).
Test Case '-[StrandAnalyticsTests.HrvOverCountGateTests testItRefusesTheSameVerdictsAsTheSdnnGate]' started.
Test Case '-[StrandAnalyticsTests.HrvOverCountGateTests testItRefusesTheSameVerdictsAsTheSdnnGate]' passed (0.000 seconds).
Test Case '-[StrandAnalyticsTests.HrvOverCountGateTests testOnlyTheTwoOverCountVerdictsRefuse]' started.
Test Case '-[StrandAnalyticsTests.HrvOverCountGateTests testOnlyTheTwoOverCountVerdictsRefuse]' passed (0.000 seconds).
Test Case '-[StrandAnalyticsTests.HrvOverCountGateTests testSameSecondOverCountIsWithheld]' started.
Test Case '-[StrandAnalyticsTests.HrvOverCountGateTests testSameSecondOverCountIsWithheld]' passed (0.008 seconds).
Test Suite 'HrvOverCountGateTests' passed at 2026-09-21 23:12:12.926.
	 Executed 6 tests, with 0 failures (0 unexpected) in 0.210 (0.211) seconds
Test Suite 'HrvPacketAdapterTests' started at 2026-09-21 23:12:12.926.
Test Case '-[StrandAnalyticsTests.HrvPacketAdapterTests testNativePacketAdapterRetainsZeroAndDoesNotBorrowOtherTransport]' started.
Test Case '-[StrandAnalyticsTests.HrvPacketAdapterTests testNativePacketAdapterRetainsZeroAndDoesNotBorrowOtherTransport]' passed (0.000 seconds).
Test Suite 'HrvPacketAdapterTests' passed at 2026-09-21 23:12:12.927.
	 Executed 1 test, with 0 failures (0 unexpected) in 0.000 (0.000) seconds
Test Suite 'HrvSeriesTests' started at 2026-09-21 23:12:12.927.
Test Case '-[StrandAnalyticsTests.HrvSeriesTests testBaselineUsesOnlyPastComparablePositiveMeasurements]' started.
Test Case '-[StrandAnalyticsTests.HrvSeriesTests testBaselineUsesOnlyPastComparablePositiveMeasurements]' passed (0.403 seconds).
Test Case '-[StrandAnalyticsTests.HrvSeriesTests testDenseEarlyIslandCannotRepresentNight]' started.
Test Case '-[StrandAnalyticsTests.HrvSeriesTests testDenseEarlyIslandCannotRepresentNight]' passed (0.185 seconds).
Test Case '-[StrandAnalyticsTests.HrvSeriesTests testDenseSingleNightAndSeriallyCorrelatedNightsCannotMatureBaseline]' started.
Test Case '-[StrandAnalyticsTests.HrvSeriesTests testDenseSingleNightAndSeriallyCorrelatedNightsCannotMatureBaseline]' passed (6.021 seconds).
Test Case '-[StrandAnalyticsTests.HrvSeriesTests testInvalidatedOrReclassifiedHistoryCannotRetainItsOldBaselineValue]' started.
Test Case '-[StrandAnalyticsTests.HrvSeriesTests testInvalidatedOrReclassifiedHistoryCannotRetainItsOldBaselineValue]' passed (0.691 seconds).
Test Case '-[StrandAnalyticsTests.HrvSeriesTests testNightlyArithmeticAndRestNapSeparation]' started.
Test Case '-[StrandAnalyticsTests.HrvSeriesTests testNightlyArithmeticAndRestNapSeparation]' passed (0.356 seconds).
Test Case '-[StrandAnalyticsTests.HrvSeriesTests testRecomputedOvernightOverlapIgnoresOnlyPublicationRevision]' started.
Test Case '-[StrandAnalyticsTests.HrvSeriesTests testRecomputedOvernightOverlapIgnoresOnlyPublicationRevision]' passed (0.512 seconds).
Test Case '-[StrandAnalyticsTests.HrvSeriesTests testSourcesAreQualifiedSeparatelyInEachWindowAndNeverSpliced]' started.
Test Case '-[StrandAnalyticsTests.HrvSeriesTests testSourcesAreQualifiedSeparatelyInEachWindowAndNeverSpliced]' passed (0.278 seconds).
Test Case '-[StrandAnalyticsTests.HrvSeriesTests testSummaryExclusionsCountOnlyUniqueOverlappingBuckets]' started.
Test Case '-[StrandAnalyticsTests.HrvSeriesTests testSummaryExclusionsCountOnlyUniqueOverlappingBuckets]' passed (0.511 seconds).
Test Case '-[StrandAnalyticsTests.HrvSeriesTests testZerosAndColdStartAreExplicit]' started.
Test Case '-[StrandAnalyticsTests.HrvSeriesTests testZerosAndColdStartAreExplicit]' passed (0.439 seconds).
Test Suite 'HrvSeriesTests' passed at 2026-09-21 23:12:22.326.
	 Executed 9 tests, with 0 failures (0 unexpected) in 9.398 (9.399) seconds
Test Suite 'HrvWindowTests' started at 2026-09-21 23:12:22.326.
Test Case '-[StrandAnalyticsTests.HrvWindowTests testActualPacketAdapterDoesNotInventCoverageOrBridgeRemovedWords]' started.
Test Case '-[StrandAnalyticsTests.HrvWindowTests testActualPacketAdapterDoesNotInventCoverageOrBridgeRemovedWords]' passed (0.002 seconds).
Test Case '-[StrandAnalyticsTests.HrvWindowTests testAvailableSignalFailuresAbstainAndMissingSignalsStayUnavailable]' started.
Test Case '-[StrandAnalyticsTests.HrvWindowTests testAvailableSignalFailuresAbstainAndMissingSignalsStayUnavailable]' passed (0.324 seconds).
Test Case '-[StrandAnalyticsTests.HrvWindowTests testConflictingReplayNeverChoosesArrivalOrder]' started.
Test Case '-[StrandAnalyticsTests.HrvWindowTests testConflictingReplayNeverChoosesArrivalOrder]' passed (0.085 seconds).
Test Case '-[StrandAnalyticsTests.HrvWindowTests testCorrectionsCannotBridgeRejectedEndpointsOrDeletedOriginals]' started.
Test Case '-[StrandAnalyticsTests.HrvWindowTests testCorrectionsCannotBridgeRejectedEndpointsOrDeletedOriginals]' passed (0.195 seconds).
Test Case '-[StrandAnalyticsTests.HrvWindowTests testExtremeAlternationRetainsEvidenceWithoutCleanHighHrvClaim]' started.
Test Case '-[StrandAnalyticsTests.HrvWindowTests testExtremeAlternationRetainsEvidenceWithoutCleanHighHrvClaim]' passed (0.103 seconds).
Test Case '-[StrandAnalyticsTests.HrvWindowTests testFirmwareSwitchAndMissingProvenanceFailClosed]' started.
Test Case '-[StrandAnalyticsTests.HrvWindowTests testFirmwareSwitchAndMissingProvenanceFailClosed]' passed (0.149 seconds).
Test Case '-[StrandAnalyticsTests.HrvWindowTests testManyShortIntervalsCannotHideOneUninterpretableLongSpan]' started.
Test Case '-[StrandAnalyticsTests.HrvWindowTests testManyShortIntervalsCannotHideOneUninterpretableLongSpan]' passed (0.018 seconds).
Test Case '-[StrandAnalyticsTests.HrvWindowTests testMixedTimingAbstainsAndCorrectionCannotRecoverMissingAcquisition]' started.
Test Case '-[StrandAnalyticsTests.HrvWindowTests testMixedTimingAbstainsAndCorrectionCannotRecoverMissingAcquisition]' passed (0.043 seconds).
Test Case '-[StrandAnalyticsTests.HrvWindowTests testRejectedBeatOutsideWindowStillRejectsItsSharedInsideEndpoint]' started.
Test Case '-[StrandAnalyticsTests.HrvWindowTests testRejectedBeatOutsideWindowStillRejectsItsSharedInsideEndpoint]' passed (0.169 seconds).
Test Case '-[StrandAnalyticsTests.HrvWindowTests testSharedGoldenWindows]' started.
Test Case '-[StrandAnalyticsTests.HrvWindowTests testSharedGoldenWindows]' passed (1.701 seconds).
Test Case '-[StrandAnalyticsTests.HrvWindowTests testThreeAcceptedBeatsAndGapAreRequired]' started.
Test Case '-[StrandAnalyticsTests.HrvWindowTests testThreeAcceptedBeatsAndGapAreRequired]' passed (0.112 seconds).
Test Case '-[StrandAnalyticsTests.HrvWindowTests testVerifiedTimingCannotInflateCoverageUsingCoarsePrecision]' started.
Test Case '-[StrandAnalyticsTests.HrvWindowTests testVerifiedTimingCannotInflateCoverageUsingCoarsePrecision]' passed (0.125 seconds).
Test Suite 'HrvWindowTests' passed at 2026-09-21 23:12:25.352.
	 Executed 12 tests, with 0 failures (0 unexpected) in 3.026 (3.027) seconds
Test Suite 'HydrationGoalTests' started at 2026-09-21 23:12:25.352.
Test Case '-[StrandAnalyticsTests.HydrationGoalTests testCardValueString]' started.
Test Case '-[StrandAnalyticsTests.HydrationGoalTests testCardValueString]' passed (0.000 seconds).
Test Case '-[StrandAnalyticsTests.HydrationGoalTests testDailyGoalIsAlwaysMultipleOf50]' started.
Test Case '-[StrandAnalyticsTests.HydrationGoalTests testDailyGoalIsAlwaysMultipleOf50]' passed (0.031 seconds).
Test Case '-[StrandAnalyticsTests.HydrationGoalTests testDailyGoalNoEffort]' started.
Test Case '-[StrandAnalyticsTests.HydrationGoalTests testDailyGoalNoEffort]' passed (0.000 seconds).
Test Case '-[StrandAnalyticsTests.HydrationGoalTests testDailyGoalWithEffortRoundsTo50]' started.
Test Case '-[StrandAnalyticsTests.HydrationGoalTests testDailyGoalWithEffortRoundsTo50]' passed (0.000 seconds).
Test Case '-[StrandAnalyticsTests.HydrationGoalTests testEffortBumpClampsOutputOfRange]' started.
Test Case '-[StrandAnalyticsTests.HydrationGoalTests testEffortBumpClampsOutputOfRange]' passed (0.000 seconds).
Test Case '-[StrandAnalyticsTests.HydrationGoalTests testEffortBumpNilIsZero]' started.
Test Case '-[StrandAnalyticsTests.HydrationGoalTests testEffortBumpNilIsZero]' passed (0.000 seconds).
Test Case '-[StrandAnalyticsTests.HydrationGoalTests testEffortBumpScalesAndRounds]' started.
Test Case '-[StrandAnalyticsTests.HydrationGoalTests testEffortBumpScalesAndRounds]' passed (0.000 seconds).
Test Case '-[StrandAnalyticsTests.HydrationGoalTests testFractionClamps]' started.
Test Case '-[StrandAnalyticsTests.HydrationGoalTests testFractionClamps]' passed (0.000 seconds).
Test Case '-[StrandAnalyticsTests.HydrationGoalTests testQuickAmounts]' started.
Test Case '-[StrandAnalyticsTests.HydrationGoalTests testQuickAmounts]' passed (0.000 seconds).
Test Case '-[StrandAnalyticsTests.HydrationGoalTests testRoundToNearest50]' started.
Test Case '-[StrandAnalyticsTests.HydrationGoalTests testRoundToNearest50]' passed (0.000 seconds).
Test Case '-[StrandAnalyticsTests.HydrationGoalTests testSexBaseline]' started.
Test Case '-[StrandAnalyticsTests.HydrationGoalTests testSexBaseline]' passed (0.000 seconds).
Test Case '-[StrandAnalyticsTests.HydrationGoalTests testSexBaselineNormalisation]' started.
Test Case '-[StrandAnalyticsTests.HydrationGoalTests testSexBaselineNormalisation]' passed (0.000 seconds).
Test Suite 'HydrationGoalTests' passed at 2026-09-21 23:12:25.386.
	 Executed 12 tests, with 0 failures (0 unexpected) in 0.033 (0.034) seconds
Test Suite 'IllnessDistanceTests' started at 2026-09-21 23:12:25.386.
Test Case '-[StrandAnalyticsTests.IllnessDistanceTests testCorrelationDiscountsSharedVariance]' started.
Test Case '-[StrandAnalyticsTests.IllnessDistanceTests testCorrelationDiscountsSharedVariance]' passed (0.000 seconds).
Test Case '-[StrandAnalyticsTests.IllnessDistanceTests testDiagonalFallbackOnDegenerateMatrix]' started.
Test Case '-[StrandAnalyticsTests.IllnessDistanceTests testDiagonalFallbackOnDegenerateMatrix]' passed (0.000 seconds).
Test Case '-[StrandAnalyticsTests.IllnessDistanceTests testEmptyVectorDoesNotFire]' started.
Test Case '-[StrandAnalyticsTests.IllnessDistanceTests testEmptyVectorDoesNotFire]' passed (0.000 seconds).
Test Case '-[StrandAnalyticsTests.IllnessDistanceTests testIdentityDistanceIsEuclideanNorm]' started.
Test Case '-[StrandAnalyticsTests.IllnessDistanceTests testIdentityDistanceIsEuclideanNorm]' passed (0.000 seconds).
Test Case '-[StrandAnalyticsTests.IllnessDistanceTests testMahalanobisFireRateDoesNotBalloonOrSilence]' started.
Test Case '-[StrandAnalyticsTests.IllnessDistanceTests testMahalanobisFireRateDoesNotBalloonOrSilence]' passed (0.008 seconds).
Test Case '-[StrandAnalyticsTests.IllnessDistanceTests testSingularCorrelationIsRegularizedToFinite]' started.
Test Case '-[StrandAnalyticsTests.IllnessDistanceTests testSingularCorrelationIsRegularizedToFinite]' passed (0.000 seconds).
Test Case '-[StrandAnalyticsTests.IllnessDistanceTests testWellnessWardSignalDoesNotCountAsDeviating]' started.
Test Case '-[StrandAnalyticsTests.IllnessDistanceTests testWellnessWardSignalDoesNotCountAsDeviating]' passed (0.000 seconds).
Test Suite 'IllnessDistanceTests' passed at 2026-09-21 23:12:25.395.
	 Executed 7 tests, with 0 failures (0 unexpected) in 0.009 (0.010) seconds
Test Suite 'IllnessSignalEngineTests' started at 2026-09-21 23:12:25.395.
Test Case '-[StrandAnalyticsTests.IllnessSignalEngineTests testAbsentSignalsDoNotCount]' started.
Test Case '-[StrandAnalyticsTests.IllnessSignalEngineTests testAbsentSignalsDoNotCount]' passed (0.000 seconds).
Test Case '-[StrandAnalyticsTests.IllnessSignalEngineTests testAlcoholTagSuppresses]' started.
Test Case '-[StrandAnalyticsTests.IllnessSignalEngineTests testAlcoholTagSuppresses]' passed (0.000 seconds).
Test Case '-[StrandAnalyticsTests.IllnessSignalEngineTests testAlreadyUnwellSwitchesCopy]' started.
Test Case '-[StrandAnalyticsTests.IllnessSignalEngineTests testAlreadyUnwellSwitchesCopy]' passed (0.000 seconds).
Test Case '-[StrandAnalyticsTests.IllnessSignalEngineTests testBelowThresholdSignalsAreMildNotRaised]' started.
Test Case '-[StrandAnalyticsTests.IllnessSignalEngineTests testBelowThresholdSignalsAreMildNotRaised]' passed (0.000 seconds).
Test Case '-[StrandAnalyticsTests.IllnessSignalEngineTests testClassicThreeSignalPatternRaises]' started.
Test Case '-[StrandAnalyticsTests.IllnessSignalEngineTests testClassicThreeSignalPatternRaises]' passed (0.000 seconds).
Test Case '-[StrandAnalyticsTests.IllnessSignalEngineTests testCopyNeverNamesACondition]' started.
Test Case '-[StrandAnalyticsTests.IllnessSignalEngineTests testCopyNeverNamesACondition]' passed (0.000 seconds).
Test Case '-[StrandAnalyticsTests.IllnessSignalEngineTests testMultipleConfoundersJoinNaturally]' started.
Test Case '-[StrandAnalyticsTests.IllnessSignalEngineTests testMultipleConfoundersJoinNaturally]' passed (0.000 seconds).
Test Case '-[StrandAnalyticsTests.IllnessSignalEngineTests testScorePerSignalCapping]' started.
Test Case '-[StrandAnalyticsTests.IllnessSignalEngineTests testScorePerSignalCapping]' passed (0.000 seconds).
Test Case '-[StrandAnalyticsTests.IllnessSignalEngineTests testSingleSignalDoesNotRaise]' started.
Test Case '-[StrandAnalyticsTests.IllnessSignalEngineTests testSingleSignalDoesNotRaise]' passed (0.000 seconds).
Test Case '-[StrandAnalyticsTests.IllnessSignalEngineTests testStressSaunaTravelEachDowngradeWithReason]' started.
Test Case '-[StrandAnalyticsTests.IllnessSignalEngineTests testStressSaunaTravelEachDowngradeWithReason]' passed (0.000 seconds).
Test Case '-[StrandAnalyticsTests.IllnessSignalEngineTests testUntrustedBaselineStaysSilent]' started.
Test Case '-[StrandAnalyticsTests.IllnessSignalEngineTests testUntrustedBaselineStaysSilent]' passed (0.000 seconds).
Test Suite 'IllnessSignalEngineTests' passed at 2026-09-21 23:12:25.398.
	 Executed 11 tests, with 0 failures (0 unexpected) in 0.002 (0.002) seconds
Test Suite 'ImuFeatureExtractorTests' started at 2026-09-21 23:12:25.398.
Test Case '-[StrandAnalyticsTests.ImuFeatureExtractorTests testEnergyAndJerkRiseWithMotion]' started.
Test Case '-[StrandAnalyticsTests.ImuFeatureExtractorTests testEnergyAndJerkRiseWithMotion]' passed (0.000 seconds).
Test Case '-[StrandAnalyticsTests.ImuFeatureExtractorTests testExtractFromDecodedFrames]' started.
Test Case '-[StrandAnalyticsTests.ImuFeatureExtractorTests testExtractFromDecodedFrames]' passed (0.000 seconds).
Test Case '-[StrandAnalyticsTests.ImuFeatureExtractorTests testGyroEnergyReflectsRotation]' started.
Test Case '-[StrandAnalyticsTests.ImuFeatureExtractorTests testGyroEnergyReflectsRotation]' passed (0.000 seconds).
Test Case '-[StrandAnalyticsTests.ImuFeatureExtractorTests testRecoversMultipleDistinctCadences]' started.
Test Case '-[StrandAnalyticsTests.ImuFeatureExtractorTests testRecoversMultipleDistinctCadences]' passed (0.000 seconds).
Test Case '-[StrandAnalyticsTests.ImuFeatureExtractorTests testStillHasNoCadenceAndLowEnergy]' started.
Test Case '-[StrandAnalyticsTests.ImuFeatureExtractorTests testStillHasNoCadenceAndLowEnergy]' passed (0.000 seconds).
Test Suite 'ImuFeatureExtractorTests' passed at 2026-09-21 23:12:25.399.
	 Executed 5 tests, with 0 failures (0 unexpected) in 0.001 (0.001) seconds
Test Suite 'LabBookProjectionTests' started at 2026-09-21 23:12:25.399.
Test Case '-[StrandAnalyticsTests.LabBookProjectionTests testBpPairProjectsTwoKeys]' started.
Test Case '-[StrandAnalyticsTests.LabBookProjectionTests testBpPairProjectsTwoKeys]' passed (0.000 seconds).
Test Case '-[StrandAnalyticsTests.LabBookProjectionTests testCorrelationInputFeedsPearson]' started.
Test Case '-[StrandAnalyticsTests.LabBookProjectionTests testCorrelationInputFeedsPearson]' passed (0.000 seconds).
Test Case '-[StrandAnalyticsTests.LabBookProjectionTests testProjectLatestPerDay]' started.
Test Case '-[StrandAnalyticsTests.LabBookProjectionTests testProjectLatestPerDay]' passed (0.000 seconds).
Test Case '-[StrandAnalyticsTests.LabBookProjectionTests testProjectMeanPerDay]' started.
Test Case '-[StrandAnalyticsTests.LabBookProjectionTests testProjectMeanPerDay]' passed (0.000 seconds).
Test Case '-[StrandAnalyticsTests.LabBookProjectionTests testProjectSortsByMarkerThenDay]' started.
Test Case '-[StrandAnalyticsTests.LabBookProjectionTests testProjectSortsByMarkerThenDay]' passed (0.000 seconds).
Test Case '-[StrandAnalyticsTests.LabBookProjectionTests testWindowedPairDropsNoCoverageDay]' started.
Test Case '-[StrandAnalyticsTests.LabBookProjectionTests testWindowedPairDropsNoCoverageDay]' passed (0.000 seconds).
Test Case '-[StrandAnalyticsTests.LabBookProjectionTests testWindowedPairTrailingMean]' started.
Test Case '-[StrandAnalyticsTests.LabBookProjectionTests testWindowedPairTrailingMean]' passed (0.000 seconds).
Test Case '-[StrandAnalyticsTests.LabBookProjectionTests testWindowedPairWindowWidths]' started.
Test Case '-[StrandAnalyticsTests.LabBookProjectionTests testWindowedPairWindowWidths]' passed (0.000 seconds).
Test Suite 'LabBookProjectionTests' passed at 2026-09-21 23:12:25.401.
	 Executed 8 tests, with 0 failures (0 unexpected) in 0.002 (0.002) seconds
Test Suite 'LinkBankedSummaryTests' started at 2026-09-21 23:12:25.401.
Test Case '-[StrandAnalyticsTests.LinkBankedSummaryTests testAHealthySyncReadsCompletelyDifferently]' started.
Test Case '-[StrandAnalyticsTests.LinkBankedSummaryTests testAHealthySyncReadsCompletelyDifferently]' passed (0.000 seconds).
Test Case '-[StrandAnalyticsTests.LinkBankedSummaryTests testAnOffloadThatRanWithNothingNewIsADifferentFinding]' started.
Test Case '-[StrandAnalyticsTests.LinkBankedSummaryTests testAnOffloadThatRanWithNothingNewIsADifferentFinding]' passed (0.000 seconds).
Test Case '-[StrandAnalyticsTests.LinkBankedSummaryTests testAnUnbondedStrapReadsLiveTrafficWithAnOffloadThatNeverRan]' started.
Test Case '-[StrandAnalyticsTests.LinkBankedSummaryTests testAnUnbondedStrapReadsLiveTrafficWithAnOffloadThatNeverRan]' passed (0.000 seconds).
Test Case '-[StrandAnalyticsTests.LinkBankedSummaryTests testAPartialOffloadNamesOnlyTheStreamsThatStayedEmpty]' started.
Test Case '-[StrandAnalyticsTests.LinkBankedSummaryTests testAPartialOffloadNamesOnlyTheStreamsThatStayedEmpty]' passed (0.000 seconds).
Test Case '-[StrandAnalyticsTests.LinkBankedSummaryTests testAStreamThisPlatformCannotMeasureIsOmittedNotZero]' started.
Test Case '-[StrandAnalyticsTests.LinkBankedSummaryTests testAStreamThisPlatformCannotMeasureIsOmittedNotZero]' passed (0.000 seconds).
Test Case '-[StrandAnalyticsTests.LinkBankedSummaryTests testBatteryNeverAppearsOnEitherPath]' started.
Test Case '-[StrandAnalyticsTests.LinkBankedSummaryTests testBatteryNeverAppearsOnEitherPath]' passed (0.000 seconds).
Test Case '-[StrandAnalyticsTests.LinkBankedSummaryTests testNegativeCountsCannotLeakIntoADiagnostic]' started.
Test Case '-[StrandAnalyticsTests.LinkBankedSummaryTests testNegativeCountsCannotLeakIntoADiagnostic]' passed (0.000 seconds).
Test Suite 'LinkBankedSummaryTests' passed at 2026-09-21 23:12:25.402.
	 Executed 7 tests, with 0 failures (0 unexpected) in 0.000 (0.001) seconds
Test Suite 'Live5NoGravityRestChainTests' started at 2026-09-21 23:12:25.402.
Test Case '-[StrandAnalyticsTests.Live5NoGravityRestChainTests testUnsleptDailyProducesNilRestComposite]' started.
Test Case '-[StrandAnalyticsTests.Live5NoGravityRestChainTests testUnsleptDailyProducesNilRestComposite]' passed (0.000 seconds).
Test Case '-[StrandAnalyticsTests.Live5NoGravityRestChainTests testV1WithNoGravityDetectsNoSleep]' started.
Test Case '-[StrandAnalyticsTests.Live5NoGravityRestChainTests testV1WithNoGravityDetectsNoSleep]' passed (0.002 seconds).
Test Case '-[StrandAnalyticsTests.Live5NoGravityRestChainTests testV2WithNoGravityAlsoDetectsNoSleep]' started.
Test Case '-[StrandAnalyticsTests.Live5NoGravityRestChainTests testV2WithNoGravityAlsoDetectsNoSleep]' passed (0.002 seconds).
Test Suite 'Live5NoGravityRestChainTests' passed at 2026-09-21 23:12:25.406.
	 Executed 3 tests, with 0 failures (0 unexpected) in 0.004 (0.004) seconds
Test Suite 'LivePersistTraceTests' started at 2026-09-21 23:12:25.406.
Test Case '-[StrandAnalyticsTests.LivePersistTraceTests testBackwardsClockEmitsRatherThanLatchingOff]' started.
Test Case '-[StrandAnalyticsTests.LivePersistTraceTests testBackwardsClockEmitsRatherThanLatchingOff]' passed (0.000 seconds).
Test Case '-[StrandAnalyticsTests.LivePersistTraceTests testBlankOrAbsentMessageLeavesNoDanglingSeparator]' started.
Test Case '-[StrandAnalyticsTests.LivePersistTraceTests testBlankOrAbsentMessageLeavesNoDanglingSeparator]' passed (0.000 seconds).
Test Case '-[StrandAnalyticsTests.LivePersistTraceTests testFirstFailureAlwaysEmits]' started.
Test Case '-[StrandAnalyticsTests.LivePersistTraceTests testFirstFailureAlwaysEmits]' passed (0.000 seconds).
Test Case '-[StrandAnalyticsTests.LivePersistTraceTests testGapIsHonouredAtItsBoundary]' started.
Test Case '-[StrandAnalyticsTests.LivePersistTraceTests testGapIsHonouredAtItsBoundary]' passed (0.000 seconds).
Test Case '-[StrandAnalyticsTests.LivePersistTraceTests testMessageSurvivesAndIsBounded]' started.
Test Case '-[StrandAnalyticsTests.LivePersistTraceTests testMessageSurvivesAndIsBounded]' passed (0.000 seconds).
Test Case '-[StrandAnalyticsTests.LivePersistTraceTests testNamesTheFailingTransport]' started.
Test Case '-[StrandAnalyticsTests.LivePersistTraceTests testNamesTheFailingTransport]' passed (0.000 seconds).
Test Case '-[StrandAnalyticsTests.LivePersistTraceTests testOneFailureReadsTransientAndARunReadsAsNotRecovering]' started.
Test Case '-[StrandAnalyticsTests.LivePersistTraceTests testOneFailureReadsTransientAndARunReadsAsNotRecovering]' passed (0.000 seconds).
Test Case '-[StrandAnalyticsTests.LivePersistTraceTests testStandardHRFlushSuccessSeparatesOfferedFromActuallyInsertedRows]' started.
Test Case '-[StrandAnalyticsTests.LivePersistTraceTests testStandardHRFlushSuccessSeparatesOfferedFromActuallyInsertedRows]' passed (0.000 seconds).
Test Case '-[StrandAnalyticsTests.LivePersistTraceTests testStandardHRHostReceiptSeparatesAcceptedAndRejectedRows]' started.
Test Case '-[StrandAnalyticsTests.LivePersistTraceTests testStandardHRHostReceiptSeparatesAcceptedAndRejectedRows]' passed (0.000 seconds).
Test Case '-[StrandAnalyticsTests.LivePersistTraceTests testStandardHRLifecycleRouteFlushesBackgroundAndTermination]' started.
Test Case '-[StrandAnalyticsTests.LivePersistTraceTests testStandardHRLifecycleRouteFlushesBackgroundAndTermination]' passed (0.000 seconds).
Test Case '-[StrandAnalyticsTests.LivePersistTraceTests testStandardHRRetryNamesLifecycleReasonAndTotalPendingRows]' started.
Test Case '-[StrandAnalyticsTests.LivePersistTraceTests testStandardHRRetryNamesLifecycleReasonAndTotalPendingRows]' passed (0.000 seconds).
Test Case '-[StrandAnalyticsTests.LivePersistTraceTests testWholeLineMatchesTheKotlinRendering]' started.
Test Case '-[StrandAnalyticsTests.LivePersistTraceTests testWholeLineMatchesTheKotlinRendering]' passed (0.000 seconds).
Test Suite 'LivePersistTraceTests' passed at 2026-09-21 23:12:25.408.
	 Executed 12 tests, with 0 failures (0 unexpected) in 0.001 (0.002) seconds
Test Suite 'LiveSessionEngineTests' started at 2026-09-21 23:12:25.408.
Test Case '-[StrandAnalyticsTests.LiveSessionEngineTests test_band_scales_ceiling_with_charge]' started.
Test Case '-[StrandAnalyticsTests.LiveSessionEngineTests test_band_scales_ceiling_with_charge]' passed (0.000 seconds).
Test Case '-[StrandAnalyticsTests.LiveSessionEngineTests test_band_unknown_charge_is_conservative_midpoint]' started.
Test Case '-[StrandAnalyticsTests.LiveSessionEngineTests test_band_unknown_charge_is_conservative_midpoint]' passed (0.000 seconds).
Test Case '-[StrandAnalyticsTests.LiveSessionEngineTests test_impossible_sample_is_rejected]' started.
Test Case '-[StrandAnalyticsTests.LiveSessionEngineTests test_impossible_sample_is_rejected]' passed (0.002 seconds).
Test Case '-[StrandAnalyticsTests.LiveSessionEngineTests test_low_charge_floor_stays_at_or_above_minimum]' started.
Test Case '-[StrandAnalyticsTests.LiveSessionEngineTests test_low_charge_floor_stays_at_or_above_minimum]' passed (0.000 seconds).
Test Case '-[StrandAnalyticsTests.LiveSessionEngineTests test_reentry_into_band_is_silent]' started.
Test Case '-[StrandAnalyticsTests.LiveSessionEngineTests test_reentry_into_band_is_silent]' passed (0.015 seconds).
Test Case '-[StrandAnalyticsTests.LiveSessionEngineTests test_sharp_climb_over_ceiling_eases_off]' started.
Test Case '-[StrandAnalyticsTests.LiveSessionEngineTests test_sharp_climb_over_ceiling_eases_off]' passed (0.009 seconds).
Test Case '-[StrandAnalyticsTests.LiveSessionEngineTests test_slow_drift_over_ceiling_does_not_ease_off]' started.
Test Case '-[StrandAnalyticsTests.LiveSessionEngineTests test_slow_drift_over_ceiling_does_not_ease_off]' passed (0.013 seconds).
Test Case '-[StrandAnalyticsTests.LiveSessionEngineTests test_steady_in_band_is_pure_silence_and_accrues_time]' started.
Test Case '-[StrandAnalyticsTests.LiveSessionEngineTests test_steady_in_band_is_pure_silence_and_accrues_time]' passed (0.008 seconds).
Test Case '-[StrandAnalyticsTests.LiveSessionEngineTests test_stream_dropout_goes_stale_and_pauses_coaching]' started.
Test Case '-[StrandAnalyticsTests.LiveSessionEngineTests test_stream_dropout_goes_stale_and_pauses_coaching]' passed (0.001 seconds).
Test Case '-[StrandAnalyticsTests.LiveSessionEngineTests test_sustained_too_easy_pushes_once_then_cools_down]' started.
Test Case '-[StrandAnalyticsTests.LiveSessionEngineTests test_sustained_too_easy_pushes_once_then_cools_down]' passed (0.006 seconds).
Test Case '-[StrandAnalyticsTests.LiveSessionEngineTests test_warmup_never_buzzes_even_when_out_of_band]' started.
Test Case '-[StrandAnalyticsTests.LiveSessionEngineTests test_warmup_never_buzzes_even_when_out_of_band]' passed (0.004 seconds).
Test Suite 'LiveSessionEngineTests' passed at 2026-09-21 23:12:25.468.
	 Executed 11 tests, with 0 failures (0 unexpected) in 0.059 (0.060) seconds
Test Suite 'LocalDayWindowsTests' started at 2026-09-21 23:12:25.468.
Test Case '-[StrandAnalyticsTests.LocalDayWindowsTests testConsecutiveWindowsMeetExactly]' started.
Test Case '-[StrandAnalyticsTests.LocalDayWindowsTests testConsecutiveWindowsMeetExactly]' passed (0.000 seconds).
Test Case '-[StrandAnalyticsTests.LocalDayWindowsTests testContainingDayStartOfAStartInstantIsItself]' started.
Test Case '-[StrandAnalyticsTests.LocalDayWindowsTests testContainingDayStartOfAStartInstantIsItself]' passed (0.000 seconds).
Test Case '-[StrandAnalyticsTests.LocalDayWindowsTests testCurrentDatesWindowStopsAtTheReferenceInstant]' started.
Test Case '-[StrandAnalyticsTests.LocalDayWindowsTests testCurrentDatesWindowStopsAtTheReferenceInstant]' passed (0.000 seconds).
Test Case '-[StrandAnalyticsTests.LocalDayWindowsTests testDayInZoneWithoutDaylightSavingIsTwentyFourHours]' started.
Test Case '-[StrandAnalyticsTests.LocalDayWindowsTests testDayInZoneWithoutDaylightSavingIsTwentyFourHours]' passed (0.000 seconds).
Test Case '-[StrandAnalyticsTests.LocalDayWindowsTests testDayKeyChangesExactlyAtTheWindowBoundary]' started.
Test Case '-[StrandAnalyticsTests.LocalDayWindowsTests testDayKeyChangesExactlyAtTheWindowBoundary]' passed (0.000 seconds).
Test Case '-[StrandAnalyticsTests.LocalDayWindowsTests testDayKeyHoldsAcrossTheWholeOfATwentyFiveHourDay]' started.
Test Case '-[StrandAnalyticsTests.LocalDayWindowsTests testDayKeyHoldsAcrossTheWholeOfATwentyFiveHourDay]' passed (0.000 seconds).
Test Case '-[StrandAnalyticsTests.LocalDayWindowsTests testDayWithFortyFiveMinuteOffsetStartsAtItsOwnLocalMidnight]' started.
Test Case '-[StrandAnalyticsTests.LocalDayWindowsTests testDayWithFortyFiveMinuteOffsetStartsAtItsOwnLocalMidnight]' passed (0.000 seconds).
Test Case '-[StrandAnalyticsTests.LocalDayWindowsTests testDefaultReferenceInstantIsThePlatformsCurrentInstant]' started.
Test Case '-[StrandAnalyticsTests.LocalDayWindowsTests testDefaultReferenceInstantIsThePlatformsCurrentInstant]' passed (0.000 seconds).
Test Case '-[StrandAnalyticsTests.LocalDayWindowsTests testDefaultZoneIsThePlatformsTrackingDeviceZone]' started.
Test Case '-[StrandAnalyticsTests.LocalDayWindowsTests testDefaultZoneIsThePlatformsTrackingDeviceZone]' passed (0.000 seconds).
Test Case '-[StrandAnalyticsTests.LocalDayWindowsTests testFallBackDayIsTwentyFiveHours]' started.
Test Case '-[StrandAnalyticsTests.LocalDayWindowsTests testFallBackDayIsTwentyFiveHours]' passed (0.000 seconds).
Test Case '-[StrandAnalyticsTests.LocalDayWindowsTests testInstantInsideTwentyFiveHourDayResolvesToThatDaysStart]' started.
Test Case '-[StrandAnalyticsTests.LocalDayWindowsTests testInstantInsideTwentyFiveHourDayResolvesToThatDaysStart]' passed (0.000 seconds).
Test Case '-[StrandAnalyticsTests.LocalDayWindowsTests testLongRunReachesTheRightCalendarDate]' started.
Test Case '-[StrandAnalyticsTests.LocalDayWindowsTests testLongRunReachesTheRightCalendarDate]' passed (0.001 seconds).
Test Case '-[StrandAnalyticsTests.LocalDayWindowsTests testMismatchNoteNamesBothDatabaseVersions]' started.
Test Case '-[StrandAnalyticsTests.LocalDayWindowsTests testMismatchNoteNamesBothDatabaseVersions]' passed (0.000 seconds).
Test Case '-[StrandAnalyticsTests.LocalDayWindowsTests testPastTwentyFiveHourDayReachesItsOwnNextStart]' started.
Test Case '-[StrandAnalyticsTests.LocalDayWindowsTests testPastTwentyFiveHourDayReachesItsOwnNextStart]' passed (0.000 seconds).
Test Case '-[StrandAnalyticsTests.LocalDayWindowsTests testPrecedingDatesWindowReachesTheNextExistingDate]' started.
Test Case '-[StrandAnalyticsTests.LocalDayWindowsTests testPrecedingDatesWindowReachesTheNextExistingDate]' passed (0.000 seconds).
Test Case '-[StrandAnalyticsTests.LocalDayWindowsTests testResolvedStartDiffersFromFixedOffsetArithmeticAcrossATransition]' started.
Test Case '-[StrandAnalyticsTests.LocalDayWindowsTests testResolvedStartDiffersFromFixedOffsetArithmeticAcrossATransition]' passed (0.000 seconds).
Test Case '-[StrandAnalyticsTests.LocalDayWindowsTests testResultDoesNotDependOnTheReferenceInstant]' started.
Test Case '-[StrandAnalyticsTests.LocalDayWindowsTests testResultDoesNotDependOnTheReferenceInstant]' passed (0.000 seconds).
Test Case '-[StrandAnalyticsTests.LocalDayWindowsTests testRunAcrossATransitionIsConsecutiveAndCorrectlyAnchored]' started.
Test Case '-[StrandAnalyticsTests.LocalDayWindowsTests testRunAcrossATransitionIsConsecutiveAndCorrectlyAnchored]' passed (0.000 seconds).
Test Case '-[StrandAnalyticsTests.LocalDayWindowsTests testRunContainingASkippedDateIsShorterThanRequested]' started.
Test Case '-[StrandAnalyticsTests.LocalDayWindowsTests testRunContainingASkippedDateIsShorterThanRequested]' passed (0.000 seconds).
Test Case '-[StrandAnalyticsTests.LocalDayWindowsTests testSkippedCalendarDateProducesNoStart]' started.
Test Case '-[StrandAnalyticsTests.LocalDayWindowsTests testSkippedCalendarDateProducesNoStart]' passed (0.000 seconds).
Test Case '-[StrandAnalyticsTests.LocalDayWindowsTests testSpringForwardDayIsTwentyThreeHours]' started.
Test Case '-[StrandAnalyticsTests.LocalDayWindowsTests testSpringForwardDayIsTwentyThreeHours]' passed (0.000 seconds).
Test Case '-[StrandAnalyticsTests.LocalDayWindowsTests testSwiftTestReadsTheSameCommittedFile]' started.
Test Case '-[StrandAnalyticsTests.LocalDayWindowsTests testSwiftTestReadsTheSameCommittedFile]' passed (0.002 seconds).
Test Case '-[StrandAnalyticsTests.LocalDayWindowsTests testTransitionThatRepeatsLocalMidnight]' started.
Test Case '-[StrandAnalyticsTests.LocalDayWindowsTests testTransitionThatRepeatsLocalMidnight]' passed (0.000 seconds).
Test Case '-[StrandAnalyticsTests.LocalDayWindowsTests testTransitionThatSkipsLocalMidnight]' started.
Test Case '-[StrandAnalyticsTests.LocalDayWindowsTests testTransitionThatSkipsLocalMidnight]' passed (0.000 seconds).
Test Case '-[StrandAnalyticsTests.LocalDayWindowsTests testWindowReportsOffsetInEffectAtItsStart]' started.
Test Case '-[StrandAnalyticsTests.LocalDayWindowsTests testWindowReportsOffsetInEffectAtItsStart]' passed (0.000 seconds).
Test Suite 'LocalDayWindowsTests' passed at 2026-09-21 23:12:25.473.
	 Executed 25 tests, with 0 failures (0 unexpected) in 0.004 (0.005) seconds
Test Suite 'ManualWorkoutRescoreRestingHrTests' started at 2026-09-21 23:12:25.473.
Test Case '-[StrandAnalyticsTests.ManualWorkoutRescoreRestingHrTests testCaloriesSeeTheMeasuredRestingThroughTheActiveThreshold]' started.
Test Case '-[StrandAnalyticsTests.ManualWorkoutRescoreRestingHrTests testCaloriesSeeTheMeasuredRestingThroughTheActiveThreshold]' passed (0.023 seconds).
Test Case '-[StrandAnalyticsTests.ManualWorkoutRescoreRestingHrTests testMeasuredRestingScoresHigherThanTheDefaultForAFitWearer]' started.
Test Case '-[StrandAnalyticsTests.ManualWorkoutRescoreRestingHrTests testMeasuredRestingScoresHigherThanTheDefaultForAFitWearer]' passed (0.018 seconds).
Test Case '-[StrandAnalyticsTests.ManualWorkoutRescoreRestingHrTests testNilRestingIsByteIdenticalToTheOldCall]' started.
Test Case '-[StrandAnalyticsTests.ManualWorkoutRescoreRestingHrTests testNilRestingIsByteIdenticalToTheOldCall]' passed (0.009 seconds).
Test Suite 'ManualWorkoutRescoreRestingHrTests' passed at 2026-09-21 23:12:25.522.
	 Executed 3 tests, with 0 failures (0 unexpected) in 0.049 (0.049) seconds
Test Suite 'ManualWorkoutRescoreTests' started at 2026-09-21 23:12:25.522.
Test Case '-[StrandAnalyticsTests.ManualWorkoutRescoreTests testAvgHrIsTrueMeanOfVariedTrace]' started.
Test Case '-[StrandAnalyticsTests.ManualWorkoutRescoreTests testAvgHrIsTrueMeanOfVariedTrace]' passed (0.005 seconds).
Test Case '-[StrandAnalyticsTests.ManualWorkoutRescoreTests testImprovesIsStrictAndMonotonic]' started.
Test Case '-[StrandAnalyticsTests.ManualWorkoutRescoreTests testImprovesIsStrictAndMonotonic]' passed (0.000 seconds).
Test Case '-[StrandAnalyticsTests.ManualWorkoutRescoreTests testLooksUnderScoredGate]' started.
Test Case '-[StrandAnalyticsTests.ManualWorkoutRescoreTests testLooksUnderScoredGate]' passed (0.000 seconds).
Test Case '-[StrandAnalyticsTests.ManualWorkoutRescoreTests testScoresDenseWindow]' started.
Test Case '-[StrandAnalyticsTests.ManualWorkoutRescoreTests testScoresDenseWindow]' passed (0.084 seconds).
Test Case '-[StrandAnalyticsTests.ManualWorkoutRescoreTests testStrainOnlyImprovementFillsMergedRow]' started.
Test Case '-[StrandAnalyticsTests.ManualWorkoutRescoreTests testStrainOnlyImprovementFillsMergedRow]' passed (0.000 seconds).
Test Case '-[StrandAnalyticsTests.ManualWorkoutRescoreTests testTooFewSamplesReturnsNil]' started.
Test Case '-[StrandAnalyticsTests.ManualWorkoutRescoreTests testTooFewSamplesReturnsNil]' passed (0.000 seconds).
Test Case '-[StrandAnalyticsTests.ManualWorkoutRescoreTests testUnderScoredWorkoutGetsRescoredFromDenseWindow]' started.
Test Case '-[StrandAnalyticsTests.ManualWorkoutRescoreTests testUnderScoredWorkoutGetsRescoredFromDenseWindow]' passed (0.063 seconds).
Test Suite 'ManualWorkoutRescoreTests' passed at 2026-09-21 23:12:25.675.
	 Executed 7 tests, with 0 failures (0 unexpected) in 0.152 (0.153) seconds
Test Suite 'MotionCorroboratedWakeTests' started at 2026-09-21 23:12:25.675.
Test Case '-[StrandAnalyticsTests.MotionCorroboratedWakeTests testAdaptiveOvernightHRBaseline]' started.
Test Case '-[StrandAnalyticsTests.MotionCorroboratedWakeTests testAdaptiveOvernightHRBaseline]' passed (0.000 seconds).
Test Case '-[StrandAnalyticsTests.MotionCorroboratedWakeTests testGenuinelyHighHRStillRunStillRejected]' started.
Test Case '-[StrandAnalyticsTests.MotionCorroboratedWakeTests testGenuinelyHighHRStillRunStillRejected]' passed (0.007 seconds).
Test Case '-[StrandAnalyticsTests.MotionCorroboratedWakeTests testMotionlessElevatedRunConfirmedWithGravity]' started.
Test Case '-[StrandAnalyticsTests.MotionCorroboratedWakeTests testMotionlessElevatedRunConfirmedWithGravity]' passed (0.007 seconds).
Test Case '-[StrandAnalyticsTests.MotionCorroboratedWakeTests testMotionQuiescentPredicate]' started.
Test Case '-[StrandAnalyticsTests.MotionCorroboratedWakeTests testMotionQuiescentPredicate]' passed (0.000 seconds).
Test Case '-[StrandAnalyticsTests.MotionCorroboratedWakeTests testRunIsDeeplyQuiescent]' started.
Test Case '-[StrandAnalyticsTests.MotionCorroboratedWakeTests testRunIsDeeplyQuiescent]' passed (0.014 seconds).
Test Case '-[StrandAnalyticsTests.MotionCorroboratedWakeTests testStillLowHRNightUnchangedByCorrection_V2]' started.
Test Case '-[StrandAnalyticsTests.MotionCorroboratedWakeTests testStillLowHRNightUnchangedByCorrection_V2]' passed (0.059 seconds).
Test Case '-[StrandAnalyticsTests.MotionCorroboratedWakeTests testWalkingGapWithinStillNightScoresWake_V2]' started.
Test Case '-[StrandAnalyticsTests.MotionCorroboratedWakeTests testWalkingGapWithinStillNightScoresWake_V2]' passed (0.059 seconds).
Test Case '-[StrandAnalyticsTests.MotionCorroboratedWakeTests testWarmFlatHRStillNightScoresAsleepNotWake_V2]' started.
Test Case '-[StrandAnalyticsTests.MotionCorroboratedWakeTests testWarmFlatHRStillNightScoresAsleepNotWake_V2]' passed (0.115 seconds).
Test Suite 'MotionCorroboratedWakeTests' passed at 2026-09-21 23:12:25.937.
	 Executed 8 tests, with 0 failures (0 unexpected) in 0.261 (0.261) seconds
Test Suite 'OuraRespScoringExclusionTests' started at 2026-09-21 23:12:25.937.
Test Case '-[StrandAnalyticsTests.OuraRespScoringExclusionTests testAOneHertzStreamOfTheSameValuesWouldMoveStaging]' started.
Test Case '-[StrandAnalyticsTests.OuraRespScoringExclusionTests testAOneHertzStreamOfTheSameValuesWouldMoveStaging]' passed (0.400 seconds).
Test Case '-[StrandAnalyticsTests.OuraRespScoringExclusionTests testRingRespirationNeverReachesTheStager]' started.
Test Case '-[StrandAnalyticsTests.OuraRespScoringExclusionTests testRingRespirationNeverReachesTheStager]' passed (0.000 seconds).
Test Case '-[StrandAnalyticsTests.OuraRespScoringExclusionTests testTodaysCadenceWouldNotHaveMovedStagingEitherWay]' started.
Test Case '-[StrandAnalyticsTests.OuraRespScoringExclusionTests testTodaysCadenceWouldNotHaveMovedStagingEitherWay]' passed (0.114 seconds).
Test Suite 'OuraRespScoringExclusionTests' passed at 2026-09-21 23:12:26.451.
	 Executed 3 tests, with 0 failures (0 unexpected) in 0.514 (0.515) seconds
Test Suite 'PhoneInferenceRetirementTests' started at 2026-09-21 23:12:26.452.
Test Case '-[StrandAnalyticsTests.PhoneInferenceRetirementTests testFailLoudChild]' started.
Test Case '-[StrandAnalyticsTests.PhoneInferenceRetirementTests testFailLoudChild]' passed (0.000 seconds).
Test Case '-[StrandAnalyticsTests.PhoneInferenceRetirementTests testFinalHostedLeavesUserTimersFormattingAndRawProvenanceOperational]' started.
Test Case '-[StrandAnalyticsTests.PhoneInferenceRetirementTests testFinalHostedLeavesUserTimersFormattingAndRawProvenanceOperational]' passed (0.000 seconds).
Test Case '-[StrandAnalyticsTests.PhoneInferenceRetirementTests testFinalHostedOptionalProducersRefuseBeforeNumericalWork]' started.
Test Case '-[StrandAnalyticsTests.PhoneInferenceRetirementTests testFinalHostedOptionalProducersRefuseBeforeNumericalWork]' passed (0.000 seconds).
Test Case '-[StrandAnalyticsTests.PhoneInferenceRetirementTests testNonoptionalEntrypointsFailLoudlyInFinalHostedMode]' started.
Test Case '-[StrandAnalyticsTests.PhoneInferenceRetirementTests testNonoptionalEntrypointsFailLoudlyInFinalHostedMode]' passed (2.940 seconds).
Test Case '-[StrandAnalyticsTests.PhoneInferenceRetirementTests testReferenceModeStillExecutesRealNumericalProducer]' started.
Test Case '-[StrandAnalyticsTests.PhoneInferenceRetirementTests testReferenceModeStillExecutesRealNumericalProducer]' passed (0.000 seconds).
Test Suite 'PhoneInferenceRetirementTests' passed at 2026-09-21 23:12:29.392.
	 Executed 5 tests, with 0 failures (0 unexpected) in 2.941 (2.941) seconds
Test Suite 'PreSleepHeartRateFeedbackTests' started at 2026-09-21 23:12:29.392.
Test Case '-[StrandAnalyticsTests.PreSleepHeartRateFeedbackTests testBaselineAtExactStaleDaysBoundaryRemainsTrustedAcrossYearBoundary]' started.
Test Case '-[StrandAnalyticsTests.PreSleepHeartRateFeedbackTests testBaselineAtExactStaleDaysBoundaryRemainsTrustedAcrossYearBoundary]' passed (0.000 seconds).
Test Case '-[StrandAnalyticsTests.PreSleepHeartRateFeedbackTests testBaselineOneDayPastStaleBoundaryIsExplicitlyStaleAcrossLeapDay]' started.
Test Case '-[StrandAnalyticsTests.PreSleepHeartRateFeedbackTests testBaselineOneDayPastStaleBoundaryIsExplicitlyStaleAcrossLeapDay]' passed (0.000 seconds).
Test Case '-[StrandAnalyticsTests.PreSleepHeartRateFeedbackTests testBaselineUsesOnlySortedPriorNights]' started.
Test Case '-[StrandAnalyticsTests.PreSleepHeartRateFeedbackTests testBaselineUsesOnlySortedPriorNights]' passed (0.000 seconds).
Test Case '-[StrandAnalyticsTests.PreSleepHeartRateFeedbackTests testEligibleFeedbackSeparatesObservationComparisonUncertaintyAndUnsupportedRecommendation]' started.
Test Case '-[StrandAnalyticsTests.PreSleepHeartRateFeedbackTests testEligibleFeedbackSeparatesObservationComparisonUncertaintyAndUnsupportedRecommendation]' passed (0.000 seconds).
Test Case '-[StrandAnalyticsTests.PreSleepHeartRateFeedbackTests testExtremePreSleepWindowFailsClosedWithoutTrapping]' started.
Test Case '-[StrandAnalyticsTests.PreSleepHeartRateFeedbackTests testExtremePreSleepWindowFailsClosedWithoutTrapping]' passed (0.000 seconds).
Test Case '-[StrandAnalyticsTests.PreSleepHeartRateFeedbackTests testExtremeSleepSessionDurationFailsClosedWithoutTrapping]' started.
Test Case '-[StrandAnalyticsTests.PreSleepHeartRateFeedbackTests testExtremeSleepSessionDurationFailsClosedWithoutTrapping]' passed (0.000 seconds).
Test Case '-[StrandAnalyticsTests.PreSleepHeartRateFeedbackTests testInvalidEvaluationDaysCannotProduceFeedback]' started.
Test Case '-[StrandAnalyticsTests.PreSleepHeartRateFeedbackTests testInvalidEvaluationDaysCannotProduceFeedback]' passed (0.000 seconds).
Test Case '-[StrandAnalyticsTests.PreSleepHeartRateFeedbackTests testNoncanonicalAndImpossibleDaysCannotSatisfyMinimumBaselineNights]' started.
Test Case '-[StrandAnalyticsTests.PreSleepHeartRateFeedbackTests testNoncanonicalAndImpossibleDaysCannotSatisfyMinimumBaselineNights]' passed (0.000 seconds).
Test Case '-[StrandAnalyticsTests.PreSleepHeartRateFeedbackTests testOptOutAndLapseFailClosedWithoutCreatingFeedbackOrPunishment]' started.
Test Case '-[StrandAnalyticsTests.PreSleepHeartRateFeedbackTests testOptOutAndLapseFailClosedWithoutCreatingFeedbackOrPunishment]' passed (0.000 seconds).
Test Case '-[StrandAnalyticsTests.PreSleepHeartRateFeedbackTests testRecentImplausibleHistoryDoesNotRefreshMatureStaleBaseline]' started.
Test Case '-[StrandAnalyticsTests.PreSleepHeartRateFeedbackTests testRecentImplausibleHistoryDoesNotRefreshMatureStaleBaseline]' passed (0.000 seconds).
Test Case '-[StrandAnalyticsTests.PreSleepHeartRateFeedbackTests testRepeatedPriorDayCannotSatisfyMinimumBaselineNights]' started.
Test Case '-[StrandAnalyticsTests.PreSleepHeartRateFeedbackTests testRepeatedPriorDayCannotSatisfyMinimumBaselineNights]' passed (0.000 seconds).
Test Suite 'PreSleepHeartRateFeedbackTests' passed at 2026-09-21 23:12:29.395.
	 Executed 11 tests, with 0 failures (0 unexpected) in 0.002 (0.003) seconds
Test Suite 'PrimarySessionRestingHRTests' started at 2026-09-21 23:12:29.395.
Test Case '-[StrandAnalyticsTests.PrimarySessionRestingHRTests testConstantHRExact]' started.
Test Case '-[StrandAnalyticsTests.PrimarySessionRestingHRTests testConstantHRExact]' passed (0.000 seconds).
Test Case '-[StrandAnalyticsTests.PrimarySessionRestingHRTests testCoverageIsNilInLockstepWithMean]' started.
Test Case '-[StrandAnalyticsTests.PrimarySessionRestingHRTests testCoverageIsNilInLockstepWithMean]' passed (0.000 seconds).
Test Case '-[StrandAnalyticsTests.PrimarySessionRestingHRTests testCoverageReportsValidCountAndDurationOfLongestSession]' started.
Test Case '-[StrandAnalyticsTests.PrimarySessionRestingHRTests testCoverageReportsValidCountAndDurationOfLongestSession]' passed (0.000 seconds).
Test Case '-[StrandAnalyticsTests.PrimarySessionRestingHRTests testCoverageThresholdIsParameterised]' started.
Test Case '-[StrandAnalyticsTests.PrimarySessionRestingHRTests testCoverageThresholdIsParameterised]' passed (0.000 seconds).
Test Case '-[StrandAnalyticsTests.PrimarySessionRestingHRTests testEqualDurationTieSelectsFirst]' started.
Test Case '-[StrandAnalyticsTests.PrimarySessionRestingHRTests testEqualDurationTieSelectsFirst]' passed (0.000 seconds).
Test Case '-[StrandAnalyticsTests.PrimarySessionRestingHRTests testInsufficientCoverageReturnsNil]' started.
Test Case '-[StrandAnalyticsTests.PrimarySessionRestingHRTests testInsufficientCoverageReturnsNil]' passed (0.000 seconds).
Test Case '-[StrandAnalyticsTests.PrimarySessionRestingHRTests testInvalidSamplesAreExcluded]' started.
Test Case '-[StrandAnalyticsTests.PrimarySessionRestingHRTests testInvalidSamplesAreExcluded]' passed (0.000 seconds).
Test Case '-[StrandAnalyticsTests.PrimarySessionRestingHRTests testNapDoesNotReplaceTheLongerMainNight]' started.
Test Case '-[StrandAnalyticsTests.PrimarySessionRestingHRTests testNapDoesNotReplaceTheLongerMainNight]' passed (0.000 seconds).
Test Case '-[StrandAnalyticsTests.PrimarySessionRestingHRTests testNoSessionsReturnsNil]' started.
Test Case '-[StrandAnalyticsTests.PrimarySessionRestingHRTests testNoSessionsReturnsNil]' passed (0.000 seconds).
Test Case '-[StrandAnalyticsTests.PrimarySessionRestingHRTests testPrimarySessionRestingHRCoverageWindowsToLongest]' started.
Test Case '-[StrandAnalyticsTests.PrimarySessionRestingHRTests testPrimarySessionRestingHRCoverageWindowsToLongest]' passed (0.000 seconds).
Test Case '-[StrandAnalyticsTests.PrimarySessionRestingHRTests testPrimarySessionRestingHRExcludesEndBoundarySample]' started.
Test Case '-[StrandAnalyticsTests.PrimarySessionRestingHRTests testPrimarySessionRestingHRExcludesEndBoundarySample]' passed (0.000 seconds).
Test Case '-[StrandAnalyticsTests.PrimarySessionRestingHRTests testPrimarySessionRestingHRWindowsAndSelectsLongest]' started.
Test Case '-[StrandAnalyticsTests.PrimarySessionRestingHRTests testPrimarySessionRestingHRWindowsAndSelectsLongest]' passed (0.000 seconds).
Test Case '-[StrandAnalyticsTests.PrimarySessionRestingHRTests testSampleMeanIsUnweightedByCadence]' started.
Test Case '-[StrandAnalyticsTests.PrimarySessionRestingHRTests testSampleMeanIsUnweightedByCadence]' passed (0.000 seconds).
Test Case '-[StrandAnalyticsTests.PrimarySessionRestingHRTests testWithCoverageMatchesSeparateCalls]' started.
Test Case '-[StrandAnalyticsTests.PrimarySessionRestingHRTests testWithCoverageMatchesSeparateCalls]' passed (0.000 seconds).
Test Suite 'PrimarySessionRestingHRTests' passed at 2026-09-21 23:12:29.398.
	 Executed 14 tests, with 0 failures (0 unexpected) in 0.002 (0.003) seconds
Test Suite 'RD1LogDomainTests' started at 2026-09-21 23:12:29.398.
Test Case '-[StrandAnalyticsTests.RD1LogDomainTests testHrvBaselineIsGeometricNotArithmetic]' started.
Test Case '-[StrandAnalyticsTests.RD1LogDomainTests testHrvBaselineIsGeometricNotArithmetic]' passed (0.009 seconds).
Test Suite 'RD1LogDomainTests' passed at 2026-09-21 23:12:29.407.
	 Executed 1 test, with 0 failures (0 unexpected) in 0.009 (0.009) seconds
Test Suite 'RD2SpineTests' started at 2026-09-21 23:12:29.407.
Test Case '-[StrandAnalyticsTests.RD2SpineTests testGenuineLowStillFlagsAfterSpineAdoption]' started.
Test Case '-[StrandAnalyticsTests.RD2SpineTests testGenuineLowStillFlagsAfterSpineAdoption]' passed (0.010 seconds).
Test Case '-[StrandAnalyticsTests.RD2SpineTests testReadinessAdaptsToRecentSustainedHRVShift]' started.
Test Case '-[StrandAnalyticsTests.RD2SpineTests testReadinessAdaptsToRecentSustainedHRVShift]' passed (0.010 seconds).
Test Case '-[StrandAnalyticsTests.RD2SpineTests testSingleFreakNightIsDampedNotRejectedInWindowFold]' started.
Test Case '-[StrandAnalyticsTests.RD2SpineTests testSingleFreakNightIsDampedNotRejectedInWindowFold]' passed (0.009 seconds).
Test Case '-[StrandAnalyticsTests.RD2SpineTests testWindowFoldAdaptsToSustainedShiftThatIncrementalRejects]' started.
Test Case '-[StrandAnalyticsTests.RD2SpineTests testWindowFoldAdaptsToSustainedShiftThatIncrementalRejects]' passed (0.009 seconds).
Test Suite 'RD2SpineTests' passed at 2026-09-21 23:12:29.445.
	 Executed 4 tests, with 0 failures (0 unexpected) in 0.037 (0.038) seconds
Test Suite 'RDConfidenceTests' started at 2026-09-21 23:12:29.445.
Test Case '-[StrandAnalyticsTests.RDConfidenceTests testEmptyHistoryReadsCalibrating]' started.
Test Case '-[StrandAnalyticsTests.RDConfidenceTests testEmptyHistoryReadsCalibrating]' passed (0.000 seconds).
Test Case '-[StrandAnalyticsTests.RDConfidenceTests testFullBaselineReadsSolid]' started.
Test Case '-[StrandAnalyticsTests.RDConfidenceTests testFullBaselineReadsSolid]' passed (0.009 seconds).
Test Case '-[StrandAnalyticsTests.RDConfidenceTests testReadinessConfidenceTiers]' started.
Test Case '-[StrandAnalyticsTests.RDConfidenceTests testReadinessConfidenceTiers]' passed (0.000 seconds).
Test Case '-[StrandAnalyticsTests.RDConfidenceTests testThinBaselineReadsBuilding]' started.
Test Case '-[StrandAnalyticsTests.RDConfidenceTests testThinBaselineReadsBuilding]' passed (0.003 seconds).
Test Suite 'RDConfidenceTests' passed at 2026-09-21 23:12:29.458.
	 Executed 4 tests, with 0 failures (0 unexpected) in 0.013 (0.013) seconds
Test Suite 'RangeReportDisplayUnitsTests' started at 2026-09-21 23:12:29.458.
Test Case '-[StrandAnalyticsTests.RangeReportDisplayUnitsTests testBuildLeavesStatsInStoredUnitsAndKeepsTheSameTrend]' started.
Test Case '-[StrandAnalyticsTests.RangeReportDisplayUnitsTests testBuildLeavesStatsInStoredUnitsAndKeepsTheSameTrend]' passed (0.001 seconds).
Test Case '-[StrandAnalyticsTests.RangeReportDisplayUnitsTests testDefaultBuildIsUnchangedByThisFeature]' started.
Test Case '-[StrandAnalyticsTests.RangeReportDisplayUnitsTests testDefaultBuildIsUnchangedByThisFeature]' passed (0.001 seconds).
Test Case '-[StrandAnalyticsTests.RangeReportDisplayUnitsTests testEffortRescalesAndNamesItsDenominator]' started.
Test Case '-[StrandAnalyticsTests.RangeReportDisplayUnitsTests testEffortRescalesAndNamesItsDenominator]' passed (0.000 seconds).
Test Case '-[StrandAnalyticsTests.RangeReportDisplayUnitsTests testHeadlineForAnUnconfigurableMetricIsIdenticalUnderEverySetting]' started.
Test Case '-[StrandAnalyticsTests.RangeReportDisplayUnitsTests testHeadlineForAnUnconfigurableMetricIsIdenticalUnderEverySetting]' passed (0.000 seconds).
Test Case '-[StrandAnalyticsTests.RangeReportDisplayUnitsTests testHeadlineRendersEffortOnTheChosenAxis]' started.
Test Case '-[StrandAnalyticsTests.RangeReportDisplayUnitsTests testHeadlineRendersEffortOnTheChosenAxis]' passed (0.000 seconds).
Test Case '-[StrandAnalyticsTests.RangeReportDisplayUnitsTests testHeadlineRendersSkinTempInTheChosenUnit]' started.
Test Case '-[StrandAnalyticsTests.RangeReportDisplayUnitsTests testHeadlineRendersSkinTempInTheChosenUnit]' passed (0.000 seconds).
Test Case '-[StrandAnalyticsTests.RangeReportDisplayUnitsTests testMetricsWithNoDisplayPreferenceNeverMove]' started.
Test Case '-[StrandAnalyticsTests.RangeReportDisplayUnitsTests testMetricsWithNoDisplayPreferenceNeverMove]' passed (0.000 seconds).
Test Case '-[StrandAnalyticsTests.RangeReportDisplayUnitsTests testSkinTempCarriesTheDeltaSymbolTheAppShows]' started.
Test Case '-[StrandAnalyticsTests.RangeReportDisplayUnitsTests testSkinTempCarriesTheDeltaSymbolTheAppShows]' passed (0.000 seconds).
Test Case '-[StrandAnalyticsTests.RangeReportDisplayUnitsTests testSkinTempDeviationScalesWithoutTheOffset]' started.
Test Case '-[StrandAnalyticsTests.RangeReportDisplayUnitsTests testSkinTempDeviationScalesWithoutTheOffset]' passed (0.000 seconds).
Test Case '-[StrandAnalyticsTests.RangeReportDisplayUnitsTests testStoredIsTheIdentity]' started.
Test Case '-[StrandAnalyticsTests.RangeReportDisplayUnitsTests testStoredIsTheIdentity]' passed (0.000 seconds).
Test Suite 'RangeReportDisplayUnitsTests' passed at 2026-09-21 23:12:29.460.
	 Executed 10 tests, with 0 failures (0 unexpected) in 0.002 (0.002) seconds
Test Suite 'RangeReportTests' started at 2026-09-21 23:12:29.460.
Test Case '-[StrandAnalyticsTests.RangeReportTests testAllSeriesOutOfRangeGivesEmptyReport]' started.
Test Case '-[StrandAnalyticsTests.RangeReportTests testAllSeriesOutOfRangeGivesEmptyReport]' passed (0.000 seconds).
Test Case '-[StrandAnalyticsTests.RangeReportTests testDeterministic]' started.
Test Case '-[StrandAnalyticsTests.RangeReportTests testDeterministic]' passed (0.001 seconds).
Test Case '-[StrandAnalyticsTests.RangeReportTests testEmptyMetricsGivesEmptyReport]' started.
Test Case '-[StrandAnalyticsTests.RangeReportTests testEmptyMetricsGivesEmptyReport]' passed (0.000 seconds).
Test Case '-[StrandAnalyticsTests.RangeReportTests testInvertedRangeIsEmpty]' started.
Test Case '-[StrandAnalyticsTests.RangeReportTests testInvertedRangeIsEmpty]' passed (0.000 seconds).
Test Case '-[StrandAnalyticsTests.RangeReportTests testKnownSeriesStats]' started.
Test Case '-[StrandAnalyticsTests.RangeReportTests testKnownSeriesStats]' passed (0.000 seconds).
Test Case '-[StrandAnalyticsTests.RangeReportTests testMinMaxCarryRightDay]' started.
Test Case '-[StrandAnalyticsTests.RangeReportTests testMinMaxCarryRightDay]' passed (0.000 seconds).
Test Case '-[StrandAnalyticsTests.RangeReportTests testMissingMetricOmitted]' started.
Test Case '-[StrandAnalyticsTests.RangeReportTests testMissingMetricOmitted]' passed (0.001 seconds).
Test Case '-[StrandAnalyticsTests.RangeReportTests testMultipleMetricsAndHeadlines]' started.
Test Case '-[StrandAnalyticsTests.RangeReportTests testMultipleMetricsAndHeadlines]' passed (0.001 seconds).
Test Case '-[StrandAnalyticsTests.RangeReportTests testOddCountSplitsToSecondHalf]' started.
Test Case '-[StrandAnalyticsTests.RangeReportTests testOddCountSplitsToSecondHalf]' passed (0.000 seconds).
Test Case '-[StrandAnalyticsTests.RangeReportTests testOutOfRangeDaysExcluded]' started.
Test Case '-[StrandAnalyticsTests.RangeReportTests testOutOfRangeDaysExcluded]' passed (0.000 seconds).
Test Case '-[StrandAnalyticsTests.RangeReportTests testRespiratoryRateRisingIsWorthALook]' started.
Test Case '-[StrandAnalyticsTests.RangeReportTests testRespiratoryRateRisingIsWorthALook]' passed (0.000 seconds).
Test Case '-[StrandAnalyticsTests.RangeReportTests testSingleDayRange]' started.
Test Case '-[StrandAnalyticsTests.RangeReportTests testSingleDayRange]' passed (0.000 seconds).
Test Case '-[StrandAnalyticsTests.RangeReportTests testSkinTempDeviationHasNoGoodBadFrame]' started.
Test Case '-[StrandAnalyticsTests.RangeReportTests testSkinTempDeviationHasNoGoodBadFrame]' passed (0.000 seconds).
Test Case '-[StrandAnalyticsTests.RangeReportTests testStressRisingIsWorthALook]' started.
Test Case '-[StrandAnalyticsTests.RangeReportTests testStressRisingIsWorthALook]' passed (0.000 seconds).
Test Case '-[StrandAnalyticsTests.RangeReportTests testTrendFalling]' started.
Test Case '-[StrandAnalyticsTests.RangeReportTests testTrendFalling]' passed (0.000 seconds).
Test Case '-[StrandAnalyticsTests.RangeReportTests testTrendFlatWhenLevel]' started.
Test Case '-[StrandAnalyticsTests.RangeReportTests testTrendFlatWhenLevel]' passed (0.000 seconds).
Test Case '-[StrandAnalyticsTests.RangeReportTests testTrendFlatWhenSlopeBelowThreshold]' started.
Test Case '-[StrandAnalyticsTests.RangeReportTests testTrendFlatWhenSlopeBelowThreshold]' passed (0.000 seconds).
Test Case '-[StrandAnalyticsTests.RangeReportTests testTrendRising]' started.
Test Case '-[StrandAnalyticsTests.RangeReportTests testTrendRising]' passed (0.000 seconds).
Test Case '-[StrandAnalyticsTests.RangeReportTests testTrendThresholdIsPerMetric]' started.
Test Case '-[StrandAnalyticsTests.RangeReportTests testTrendThresholdIsPerMetric]' passed (0.001 seconds).
Test Case '-[StrandAnalyticsTests.RangeReportTests testWorkoutsAndStressRowsLeadInOrder]' started.
Test Case '-[StrandAnalyticsTests.RangeReportTests testWorkoutsAndStressRowsLeadInOrder]' passed (0.001 seconds).
Test Case '-[StrandAnalyticsTests.RangeReportTests testWorkoutsRowHasNoGoodBadFrame]' started.
Test Case '-[StrandAnalyticsTests.RangeReportTests testWorkoutsRowHasNoGoodBadFrame]' passed (0.000 seconds).
Test Suite 'RangeReportTests' passed at 2026-09-21 23:12:29.470.
	 Executed 21 tests, with 0 failures (0 unexpected) in 0.009 (0.010) seconds
Test Suite 'ReadinessEngineTests' started at 2026-09-21 23:12:29.470.
Test Case '-[StrandAnalyticsTests.ReadinessEngineTests testAcwrSpikeStrains]' started.
Test Case '-[StrandAnalyticsTests.ReadinessEngineTests testAcwrSpikeStrains]' passed (0.009 seconds).
Test Case '-[StrandAnalyticsTests.ReadinessEngineTests testExplicitTodayWithoutMatchingRowIsInsufficient]' started.
Test Case '-[StrandAnalyticsTests.ReadinessEngineTests testExplicitTodayWithoutMatchingRowIsInsufficient]' passed (0.017 seconds).
Test Case '-[StrandAnalyticsTests.ReadinessEngineTests testInsufficientWhenEmpty]' started.
Test Case '-[StrandAnalyticsTests.ReadinessEngineTests testInsufficientWhenEmpty]' passed (0.000 seconds).
Test Case '-[StrandAnalyticsTests.ReadinessEngineTests testPrimedWhenSignalsAligned]' started.
Test Case '-[StrandAnalyticsTests.ReadinessEngineTests testPrimedWhenSignalsAligned]' passed (0.000 seconds).
Test Case '-[StrandAnalyticsTests.ReadinessEngineTests testRespRateRiseFlags]' started.
Test Case '-[StrandAnalyticsTests.ReadinessEngineTests testRespRateRiseFlags]' passed (0.009 seconds).
Test Case '-[StrandAnalyticsTests.ReadinessEngineTests testRundownWhenTwoRecoverySignalsDown]' started.
Test Case '-[StrandAnalyticsTests.ReadinessEngineTests testRundownWhenTwoRecoverySignalsDown]' passed (0.009 seconds).
Test Case '-[StrandAnalyticsTests.ReadinessEngineTests testStatsHelpers]' started.
Test Case '-[StrandAnalyticsTests.ReadinessEngineTests testStatsHelpers]' passed (0.000 seconds).
Test Suite 'ReadinessEngineTests' passed at 2026-09-21 23:12:29.515.
	 Executed 7 tests, with 0 failures (0 unexpected) in 0.044 (0.045) seconds
Test Suite 'ReadinessTrainingLoadTests' started at 2026-09-21 23:12:29.515.
Test Case '-[StrandAnalyticsTests.ReadinessTrainingLoadTests testExistingAcwrAndMonotonyRemainOwnedByReadiness]' started.
Test Case '-[StrandAnalyticsTests.ReadinessTrainingLoadTests testExistingAcwrAndMonotonyRemainOwnedByReadiness]' passed (0.009 seconds).
Test Case '-[StrandAnalyticsTests.ReadinessTrainingLoadTests testExplicitMissingTodayFailsClosedForBothAnalyses]' started.
Test Case '-[StrandAnalyticsTests.ReadinessTrainingLoadTests testExplicitMissingTodayFailsClosedForBothAnalyses]' passed (0.000 seconds).
Test Case '-[StrandAnalyticsTests.ReadinessTrainingLoadTests testExplicitTodayIgnoresFutureTrainingRows]' started.
Test Case '-[StrandAnalyticsTests.ReadinessTrainingLoadTests testExplicitTodayIgnoresFutureTrainingRows]' passed (0.007 seconds).
Test Case '-[StrandAnalyticsTests.ReadinessTrainingLoadTests testMissingLoadBreaksTrainingModelWithoutSuppressingReadiness]' started.
Test Case '-[StrandAnalyticsTests.ReadinessTrainingLoadTests testMissingLoadBreaksTrainingModelWithoutSuppressingReadiness]' passed (0.009 seconds).
Test Case '-[StrandAnalyticsTests.ReadinessTrainingLoadTests testPairedAPILeavesExistingReadinessExactlyUnchanged]' started.
Test Case '-[StrandAnalyticsTests.ReadinessTrainingLoadTests testPairedAPILeavesExistingReadinessExactlyUnchanged]' passed (0.009 seconds).
Test Suite 'ReadinessTrainingLoadTests' passed at 2026-09-21 23:12:29.549.
	 Executed 5 tests, with 0 failures (0 unexpected) in 0.033 (0.034) seconds
Test Suite 'RecoveryCalibrationTests' started at 2026-09-21 23:12:29.549.
Test Case '-[StrandAnalyticsTests.RecoveryCalibrationTests testCountsNightsCarryingHrvBelowSeed]' started.
Test Case '-[StrandAnalyticsTests.RecoveryCalibrationTests testCountsNightsCarryingHrvBelowSeed]' passed (0.001 seconds).
Test Case '-[StrandAnalyticsTests.RecoveryCalibrationTests testIgnoresNilHrvNights]' started.
Test Case '-[StrandAnalyticsTests.RecoveryCalibrationTests testIgnoresNilHrvNights]' passed (0.001 seconds).
Test Case '-[StrandAnalyticsTests.RecoveryCalibrationTests testIgnoresOutOfRangeHrvNights]' started.
Test Case '-[StrandAnalyticsTests.RecoveryCalibrationTests testIgnoresOutOfRangeHrvNights]' passed (0.001 seconds).
Test Case '-[StrandAnalyticsTests.RecoveryCalibrationTests testNilAtOrAboveSeedDoesNotClaimCalibrating]' started.
Test Case '-[StrandAnalyticsTests.RecoveryCalibrationTests testNilAtOrAboveSeedDoesNotClaimCalibrating]' passed (0.001 seconds).
Test Case '-[StrandAnalyticsTests.RecoveryCalibrationTests testNilWhenRecoveryAlreadyExists]' started.
Test Case '-[StrandAnalyticsTests.RecoveryCalibrationTests testNilWhenRecoveryAlreadyExists]' passed (0.000 seconds).
Test Case '-[StrandAnalyticsTests.RecoveryCalibrationTests testOneNightReportsOne]' started.
Test Case '-[StrandAnalyticsTests.RecoveryCalibrationTests testOneNightReportsOne]' passed (0.000 seconds).
Test Case '-[StrandAnalyticsTests.RecoveryCalibrationTests testRecalibrationDropsPreEpochNightsSoNTracksTheRealBaseline]' started.
Test Case '-[StrandAnalyticsTests.RecoveryCalibrationTests testRecalibrationDropsPreEpochNightsSoNTracksTheRealBaseline]' passed (0.001 seconds).
Test Case '-[StrandAnalyticsTests.RecoveryCalibrationTests testRecalibrationThatLeavesSeededBaselineStillReturnsNil]' started.
Test Case '-[StrandAnalyticsTests.RecoveryCalibrationTests testRecalibrationThatLeavesSeededBaselineStillReturnsNil]' passed (0.001 seconds).
Test Case '-[StrandAnalyticsTests.RecoveryCalibrationTests testZeroWhenNoNightHasHrvYet]' started.
Test Case '-[StrandAnalyticsTests.RecoveryCalibrationTests testZeroWhenNoNightHasHrvYet]' passed (0.000 seconds).
Test Suite 'RecoveryCalibrationTests' passed at 2026-09-21 23:12:29.555.
	 Executed 9 tests, with 0 failures (0 unexpected) in 0.006 (0.006) seconds
Test Suite 'RecoveryForecastTests' started at 2026-09-21 23:12:29.555.
Test Case '-[StrandAnalyticsTests.RecoveryForecastTests testChargeAndBandStayInRange]' started.
Test Case '-[StrandAnalyticsTests.RecoveryForecastTests testChargeAndBandStayInRange]' passed (0.000 seconds).
Test Case '-[StrandAnalyticsTests.RecoveryForecastTests testClampPreservesInputSignedZeroAtInclusiveBounds]' started.
Test Case '-[StrandAnalyticsTests.RecoveryForecastTests testClampPreservesInputSignedZeroAtInclusiveBounds]' passed (0.000 seconds).
Test Case '-[StrandAnalyticsTests.RecoveryForecastTests testDownswingIsDamped]' started.
Test Case '-[StrandAnalyticsTests.RecoveryForecastTests testDownswingIsDamped]' passed (0.000 seconds).
Test Case '-[StrandAnalyticsTests.RecoveryForecastTests testEasierDayRaisesForecast]' started.
Test Case '-[StrandAnalyticsTests.RecoveryForecastTests testEasierDayRaisesForecast]' passed (0.000 seconds).
Test Case '-[StrandAnalyticsTests.RecoveryForecastTests testEmptyChargeIsNil]' started.
Test Case '-[StrandAnalyticsTests.RecoveryForecastTests testEmptyChargeIsNil]' passed (0.000 seconds).
Test Case '-[StrandAnalyticsTests.RecoveryForecastTests testFullBaselineButDefaultNeedIsBuilding]' started.
Test Case '-[StrandAnalyticsTests.RecoveryForecastTests testFullBaselineButDefaultNeedIsBuilding]' passed (0.000 seconds).
Test Case '-[StrandAnalyticsTests.RecoveryForecastTests testFullBaselineWithInformedNeedIsSolid]' started.
Test Case '-[StrandAnalyticsTests.RecoveryForecastTests testFullBaselineWithInformedNeedIsSolid]' passed (0.000 seconds).
Test Case '-[StrandAnalyticsTests.RecoveryForecastTests testHarderDayLowersForecast]' started.
Test Case '-[StrandAnalyticsTests.RecoveryForecastTests testHarderDayLowersForecast]' passed (0.000 seconds).
Test Case '-[StrandAnalyticsTests.RecoveryForecastTests testNegativeSleepTreatedAsZero]' started.
Test Case '-[StrandAnalyticsTests.RecoveryForecastTests testNegativeSleepTreatedAsZero]' passed (0.000 seconds).
Test Case '-[StrandAnalyticsTests.RecoveryForecastTests testNeutralDayLandsNearBaseline]' started.
Test Case '-[StrandAnalyticsTests.RecoveryForecastTests testNeutralDayLandsNearBaseline]' passed (0.000 seconds).
Test Case '-[StrandAnalyticsTests.RecoveryForecastTests testNilUntilEnoughBaseline]' started.
Test Case '-[StrandAnalyticsTests.RecoveryForecastTests testNilUntilEnoughBaseline]' passed (0.000 seconds).
Test Case '-[StrandAnalyticsTests.RecoveryForecastTests testOversleepHelpIsCapped]' started.
Test Case '-[StrandAnalyticsTests.RecoveryForecastTests testOversleepHelpIsCapped]' passed (0.001 seconds).
Test Case '-[StrandAnalyticsTests.RecoveryForecastTests testShortSleepLowersForecast]' started.
Test Case '-[StrandAnalyticsTests.RecoveryForecastTests testShortSleepLowersForecast]' passed (0.000 seconds).
Test Case '-[StrandAnalyticsTests.RecoveryForecastTests testStatHelpers]' started.
Test Case '-[StrandAnalyticsTests.RecoveryForecastTests testStatHelpers]' passed (0.000 seconds).
Test Case '-[StrandAnalyticsTests.RecoveryForecastTests testStrainAdjIsCapped]' started.
Test Case '-[StrandAnalyticsTests.RecoveryForecastTests testStrainAdjIsCapped]' passed (0.000 seconds).
Test Case '-[StrandAnalyticsTests.RecoveryForecastTests testStrainTermDropsWithoutEffortHistory]' started.
Test Case '-[StrandAnalyticsTests.RecoveryForecastTests testStrainTermDropsWithoutEffortHistory]' passed (0.000 seconds).
Test Case '-[StrandAnalyticsTests.RecoveryForecastTests testThinBaselineWidensBandAndIsBuilding]' started.
Test Case '-[StrandAnalyticsTests.RecoveryForecastTests testThinBaselineWidensBandAndIsBuilding]' passed (0.000 seconds).
Test Suite 'RecoveryForecastTests' passed at 2026-09-21 23:12:29.562.
	 Executed 17 tests, with 0 failures (0 unexpected) in 0.006 (0.007) seconds
Test Suite 'RecoverySaturationGuardTests' started at 2026-09-21 23:12:29.562.
Test Case '-[StrandAnalyticsTests.RecoverySaturationGuardTests testChargeDriversHRVPenaltyIsFullAndVerdictNamesSaturationWithoutClaimingEasing]' started.
Test Case '-[StrandAnalyticsTests.RecoverySaturationGuardTests testChargeDriversHRVPenaltyIsFullAndVerdictNamesSaturationWithoutClaimingEasing]' passed (0.002 seconds).
Test Case '-[StrandAnalyticsTests.RecoverySaturationGuardTests testDampingIsMonotonicInCorroborationAndCapped]' started.
Test Case '-[StrandAnalyticsTests.RecoverySaturationGuardTests testDampingIsMonotonicInCorroborationAndCapped]' passed (0.000 seconds).
Test Case '-[StrandAnalyticsTests.RecoverySaturationGuardTests testGuardFiresOnSaturationSignatureAndWouldEaseButNeverRemovePenalty]' started.
Test Case '-[StrandAnalyticsTests.RecoverySaturationGuardTests testGuardFiresOnSaturationSignatureAndWouldEaseButNeverRemovePenalty]' passed (0.000 seconds).
Test Case '-[StrandAnalyticsTests.RecoverySaturationGuardTests testGuardIsSilentOnMarginalDivergenceBelowTheGate]' started.
Test Case '-[StrandAnalyticsTests.RecoverySaturationGuardTests testGuardIsSilentOnMarginalDivergenceBelowTheGate]' passed (0.000 seconds).
Test Case '-[StrandAnalyticsTests.RecoverySaturationGuardTests testGuardIsSilentOnRealFatigue]' started.
Test Case '-[StrandAnalyticsTests.RecoverySaturationGuardTests testGuardIsSilentOnRealFatigue]' passed (0.000 seconds).
Test Case '-[StrandAnalyticsTests.RecoverySaturationGuardTests testGuardIsSilentWhenHRVIsNotLow]' started.
Test Case '-[StrandAnalyticsTests.RecoverySaturationGuardTests testGuardIsSilentWhenHRVIsNotLow]' passed (0.000 seconds).
Test Case '-[StrandAnalyticsTests.RecoverySaturationGuardTests testGuardIsSilentWithoutARestingHRSignal]' started.
Test Case '-[StrandAnalyticsTests.RecoverySaturationGuardTests testGuardIsSilentWithoutARestingHRSignal]' passed (0.000 seconds).
Test Case '-[StrandAnalyticsTests.RecoverySaturationGuardTests testHighHRVGoodNightIsUnchangedByGuard]' started.
Test Case '-[StrandAnalyticsTests.RecoverySaturationGuardTests testHighHRVGoodNightIsUnchangedByGuard]' passed (0.000 seconds).
Test Case '-[StrandAnalyticsTests.RecoverySaturationGuardTests testRealFatigueNightIsUnchangedToo]' started.
Test Case '-[StrandAnalyticsTests.RecoverySaturationGuardTests testRealFatigueNightIsUnchangedToo]' passed (0.000 seconds).
Test Case '-[StrandAnalyticsTests.RecoverySaturationGuardTests testSaturationNightScoresTheRawUndampedCompositeUnchanged]' started.
Test Case '-[StrandAnalyticsTests.RecoverySaturationGuardTests testSaturationNightScoresTheRawUndampedCompositeUnchanged]' passed (0.000 seconds).
Test Case '-[StrandAnalyticsTests.RecoverySaturationGuardTests testSaturationNightStaysRedExactlyLikeBeforeTheGuard]' started.
Test Case '-[StrandAnalyticsTests.RecoverySaturationGuardTests testSaturationNightStaysRedExactlyLikeBeforeTheGuard]' passed (0.000 seconds).
Test Case '-[StrandAnalyticsTests.RecoverySaturationGuardTests testTraceReportsWouldBeEasingWithoutChangingTheScore]' started.
Test Case '-[StrandAnalyticsTests.RecoverySaturationGuardTests testTraceReportsWouldBeEasingWithoutChangingTheScore]' passed (0.001 seconds).
Test Suite 'RecoverySaturationGuardTests' passed at 2026-09-21 23:12:29.568.
	 Executed 12 tests, with 0 failures (0 unexpected) in 0.006 (0.006) seconds
Test Suite 'RecoveryScorerTests' started at 2026-09-21 23:12:29.568.
Test Case '-[StrandAnalyticsTests.RecoveryScorerTests testActivityBalanceDropsTermUnlessBothValueAndBaselineArePresent]' started.
Test Case '-[StrandAnalyticsTests.RecoveryScorerTests testActivityBalanceDropsTermUnlessBothValueAndBaselineArePresent]' passed (0.001 seconds).
Test Case '-[StrandAnalyticsTests.RecoveryScorerTests testActivityBalanceHighEffortYesterdayLowersChargeVsRestDay]' started.
Test Case '-[StrandAnalyticsTests.RecoveryScorerTests testActivityBalanceHighEffortYesterdayLowersChargeVsRestDay]' passed (0.001 seconds).
Test Case '-[StrandAnalyticsTests.RecoveryScorerTests testBandThresholds]' started.
Test Case '-[StrandAnalyticsTests.RecoveryScorerTests testBandThresholds]' passed (0.000 seconds).
Test Case '-[StrandAnalyticsTests.RecoveryScorerTests testColdStartReturnsNil]' started.
Test Case '-[StrandAnalyticsTests.RecoveryScorerTests testColdStartReturnsNil]' passed (0.000 seconds).
Test Case '-[StrandAnalyticsTests.RecoveryScorerTests testRecoveryAtBaselineNearPopulationMean]' started.
Test Case '-[StrandAnalyticsTests.RecoveryScorerTests testRecoveryAtBaselineNearPopulationMean]' passed (0.000 seconds).
Test Case '-[StrandAnalyticsTests.RecoveryScorerTests testRecoveryClampedToRange]' started.
Test Case '-[StrandAnalyticsTests.RecoveryScorerTests testRecoveryClampedToRange]' passed (0.000 seconds).
Test Case '-[StrandAnalyticsTests.RecoveryScorerTests testRecoveryHigherWhenHRVAboveAndRHRBelow]' started.
Test Case '-[StrandAnalyticsTests.RecoveryScorerTests testRecoveryHigherWhenHRVAboveAndRHRBelow]' passed (0.001 seconds).
Test Case '-[StrandAnalyticsTests.RecoveryScorerTests testRecoveryIndexAndActivityBalanceDefaultNilByteIdenticalToBefore]' started.
Test Case '-[StrandAnalyticsTests.RecoveryScorerTests testRecoveryIndexAndActivityBalanceDefaultNilByteIdenticalToBefore]' passed (0.001 seconds).
Test Case '-[StrandAnalyticsTests.RecoveryScorerTests testRecoveryIndexSteeperDeclineRaisesChargeMoreThanFlatOrRising]' started.
Test Case '-[StrandAnalyticsTests.RecoveryScorerTests testRecoveryIndexSteeperDeclineRaisesChargeMoreThanFlatOrRising]' passed (0.001 seconds).
Test Case '-[StrandAnalyticsTests.RecoveryScorerTests testRespAboveBaselineLowersAndBelowRaisesRecovery]' started.
Test Case '-[StrandAnalyticsTests.RecoveryScorerTests testRespAboveBaselineLowersAndBelowRaisesRecovery]' passed (0.001 seconds).
Test Case '-[StrandAnalyticsTests.RecoveryScorerTests testRespTermDropAndRenormalize]' started.
Test Case '-[StrandAnalyticsTests.RecoveryScorerTests testRespTermDropAndRenormalize]' passed (0.001 seconds).
Test Case '-[StrandAnalyticsTests.RecoveryScorerTests testSkinTempDeviationLowersChargeSymmetrically]' started.
Test Case '-[StrandAnalyticsTests.RecoveryScorerTests testSkinTempDeviationLowersChargeSymmetrically]' passed (0.001 seconds).
Test Case '-[StrandAnalyticsTests.RecoveryScorerTests testSkinTempNilLeavesScoreIdenticalToBefore]' started.
Test Case '-[StrandAnalyticsTests.RecoveryScorerTests testSkinTempNilLeavesScoreIdenticalToBefore]' passed (0.001 seconds).
Test Suite 'RecoveryScorerTests' passed at 2026-09-21 23:12:29.578.
	 Executed 13 tests, with 0 failures (0 unexpected) in 0.009 (0.010) seconds
Test Suite 'RecoveryScorerTraceTests' started at 2026-09-21 23:12:29.578.
Test Case '-[StrandAnalyticsTests.RecoveryScorerTraceTests testBaselineLinesCarryStatusAndNValid]' started.
Test Case '-[StrandAnalyticsTests.RecoveryScorerTraceTests testBaselineLinesCarryStatusAndNValid]' passed (0.000 seconds).
Test Case '-[StrandAnalyticsTests.RecoveryScorerTraceTests testColdStartTraceReportsTheGateAndNilScore]' started.
Test Case '-[StrandAnalyticsTests.RecoveryScorerTraceTests testColdStartTraceReportsTheGateAndNilScore]' passed (0.000 seconds).
Test Case '-[StrandAnalyticsTests.RecoveryScorerTraceTests testTraceKeepsExactNegativeZeroTerm]' started.
Test Case '-[StrandAnalyticsTests.RecoveryScorerTraceTests testTraceKeepsExactNegativeZeroTerm]' passed (0.000 seconds).
Test Case '-[StrandAnalyticsTests.RecoveryScorerTraceTests testTraceKeepsNegativeZeroOnNearBaselineTerm]' started.
Test Case '-[StrandAnalyticsTests.RecoveryScorerTraceTests testTraceKeepsNegativeZeroOnNearBaselineTerm]' passed (0.000 seconds).
Test Case '-[StrandAnalyticsTests.RecoveryScorerTraceTests testTraceNamesTheNilTermThatForcedRenorm]' started.
Test Case '-[StrandAnalyticsTests.RecoveryScorerTraceTests testTraceNamesTheNilTermThatForcedRenorm]' passed (0.001 seconds).
Test Case '-[StrandAnalyticsTests.RecoveryScorerTraceTests testTracePreservesNonTieRounding]' started.
Test Case '-[StrandAnalyticsTests.RecoveryScorerTraceTests testTracePreservesNonTieRounding]' passed (0.001 seconds).
Test Case '-[StrandAnalyticsTests.RecoveryScorerTraceTests testTraceRoundsHalfTiesAwayFromZeroWithoutChangingScore]' started.
Test Case '-[StrandAnalyticsTests.RecoveryScorerTraceTests testTraceRoundsHalfTiesAwayFromZeroWithoutChangingScore]' passed (0.001 seconds).
Test Case '-[StrandAnalyticsTests.RecoveryScorerTraceTests testTraceScoreIsByteIdenticalToRecovery]' started.
Test Case '-[StrandAnalyticsTests.RecoveryScorerTraceTests testTraceScoreIsByteIdenticalToRecovery]' passed (0.001 seconds).
Test Suite 'RecoveryScorerTraceTests' passed at 2026-09-21 23:12:29.582.
	 Executed 8 tests, with 0 failures (0 unexpected) in 0.004 (0.004) seconds
Test Suite 'RegistryUnavailableLineTests' started at 2026-09-21 23:12:29.583.
Test Case '-[StrandAnalyticsTests.RegistryUnavailableLineTests testItNamesBothFallbacksTheReaderNeeds]' started.
Test Case '-[StrandAnalyticsTests.RegistryUnavailableLineTests testItNamesBothFallbacksTheReaderNeeds]' passed (0.000 seconds).
Test Case '-[StrandAnalyticsTests.RegistryUnavailableLineTests testTheFallbackScaleDropsAWhoop4NightEntirely]' started.
Test Case '-[StrandAnalyticsTests.RegistryUnavailableLineTests testTheFallbackScaleDropsAWhoop4NightEntirely]' passed (0.000 seconds).
Test Case '-[StrandAnalyticsTests.RegistryUnavailableLineTests testTheLineIsExactlyThis]' started.
Test Case '-[StrandAnalyticsTests.RegistryUnavailableLineTests testTheLineIsExactlyThis]' passed (0.000 seconds).
Test Case '-[StrandAnalyticsTests.RegistryUnavailableLineTests testTheOwnerIsWhicheverIdThePassFellBackTo]' started.
Test Case '-[StrandAnalyticsTests.RegistryUnavailableLineTests testTheOwnerIsWhicheverIdThePassFellBackTo]' passed (0.000 seconds).
Test Suite 'RegistryUnavailableLineTests' passed at 2026-09-21 23:12:29.583.
	 Executed 4 tests, with 0 failures (0 unexpected) in 0.000 (0.001) seconds
Test Suite 'ResonanceEngineTests' started at 2026-09-21 23:12:29.583.
Test Case '-[StrandAnalyticsTests.ResonanceEngineTests test_golden_selects_max_rsa_pace]' started.
Test Case '-[StrandAnalyticsTests.ResonanceEngineTests test_golden_selects_max_rsa_pace]' passed (0.014 seconds).
Test Case '-[StrandAnalyticsTests.ResonanceEngineTests test_no_lock_fallback_to_5p5]' started.
Test Case '-[StrandAnalyticsTests.ResonanceEngineTests test_no_lock_fallback_to_5p5]' passed (0.006 seconds).
Test Case '-[StrandAnalyticsTests.ResonanceEngineTests test_too_few_beats_pace_is_unscored]' started.
Test Case '-[StrandAnalyticsTests.ResonanceEngineTests test_too_few_beats_pace_is_unscored]' passed (0.001 seconds).
Test Case '-[StrandAnalyticsTests.ResonanceEngineTests test_transient_drop_excludes_early_beats]' started.
Test Case '-[StrandAnalyticsTests.ResonanceEngineTests test_transient_drop_excludes_early_beats]' passed (0.005 seconds).
Test Suite 'ResonanceEngineTests' passed at 2026-09-21 23:12:29.609.
	 Executed 4 tests, with 0 failures (0 unexpected) in 0.025 (0.026) seconds
Test Suite 'RespRateGapAwareTests' started at 2026-09-21 23:12:29.609.
Test Case '-[StrandAnalyticsTests.RespRateGapAwareTests testASplicedWindowIsNotMeasured]' started.
Test Case '-[StrandAnalyticsTests.RespRateGapAwareTests testASplicedWindowIsNotMeasured]' passed (0.000 seconds).
Test Case '-[StrandAnalyticsTests.RespRateGapAwareTests testContiguousNightStillProducesARate]' started.
Test Case '-[StrandAnalyticsTests.RespRateGapAwareTests testContiguousNightStillProducesARate]' passed (0.000 seconds).
Test Case '-[StrandAnalyticsTests.RespRateGapAwareTests testRowFilterMatchesRangeFilter]' started.
Test Case '-[StrandAnalyticsTests.RespRateGapAwareTests testRowFilterMatchesRangeFilter]' passed (0.000 seconds).
Test Case '-[StrandAnalyticsTests.RespRateGapAwareTests testSecondLevelJitterIsNotTreatedAsAGap]' started.
Test Case '-[StrandAnalyticsTests.RespRateGapAwareTests testSecondLevelJitterIsNotTreatedAsAGap]' passed (0.000 seconds).
Test Suite 'RespRateGapAwareTests' passed at 2026-09-21 23:12:29.610.
	 Executed 4 tests, with 0 failures (0 unexpected) in 0.001 (0.001) seconds
Test Suite 'RespRateRsaTests' started at 2026-09-21 23:12:29.610.
Test Case '-[StrandAnalyticsTests.RespRateRsaTests testBankedStreamWithoutBreathingStillLooksPlausibleUngated]' started.
Test Case '-[StrandAnalyticsTests.RespRateRsaTests testBankedStreamWithoutBreathingStillLooksPlausibleUngated]' passed (0.000 seconds).
Test Case '-[StrandAnalyticsTests.RespRateRsaTests testCompressedBankingProducesNoSplicesSoOnlyTheGateCatchesIt]' started.
Test Case '-[StrandAnalyticsTests.RespRateRsaTests testCompressedBankingProducesNoSplicesSoOnlyTheGateCatchesIt]' passed (0.000 seconds).
Test Case '-[StrandAnalyticsTests.RespRateRsaTests testRespRateFromRRBatchedTimestampsIsNaN]' started.
Test Case '-[StrandAnalyticsTests.RespRateRsaTests testRespRateFromRRBatchedTimestampsIsNaN]' passed (0.000 seconds).
Test Case '-[StrandAnalyticsTests.RespRateRsaTests testRespRateFromRRRecoversKnownBreathingFrequency]' started.
Test Case '-[StrandAnalyticsTests.RespRateRsaTests testRespRateFromRRRecoversKnownBreathingFrequency]' passed (0.000 seconds).
Test Case '-[StrandAnalyticsTests.RespRateRsaTests testRespRateFromRRSlowBreatherIsNotDoubled]' started.
Test Case '-[StrandAnalyticsTests.RespRateRsaTests testRespRateFromRRSlowBreatherIsNotDoubled]' passed (0.000 seconds).
Test Case '-[StrandAnalyticsTests.RespRateRsaTests testRespRateFromRRTooFewBeatsIsNaN]' started.
Test Case '-[StrandAnalyticsTests.RespRateRsaTests testRespRateFromRRTooFewBeatsIsNaN]' passed (0.000 seconds).
Test Case '-[StrandAnalyticsTests.RespRateRsaTests testRetimingABankedStreamDefeatsTheGate_knownLimitation]' started.
Test Case '-[StrandAnalyticsTests.RespRateRsaTests testRetimingABankedStreamDefeatsTheGate_knownLimitation]' passed (0.000 seconds).
Test Suite 'RespRateRsaTests' passed at 2026-09-21 23:12:29.612.
	 Executed 7 tests, with 0 failures (0 unexpected) in 0.002 (0.002) seconds
Test Suite 'RespirationEstimatorTests' started at 2026-09-21 23:12:29.612.
Test Case '-[StrandAnalyticsTests.RespirationEstimatorTests testCoarseIntervalsDoNotAcquireTiming]' started.
Test Case '-[StrandAnalyticsTests.RespirationEstimatorTests testCoarseIntervalsDoNotAcquireTiming]' passed (0.000 seconds).
Test Case '-[StrandAnalyticsTests.RespirationEstimatorTests testDominantSecondHarmonicWithWeakFundamentalCannotDoubleRate]' started.
Test Case '-[StrandAnalyticsTests.RespirationEstimatorTests testDominantSecondHarmonicWithWeakFundamentalCannotDoubleRate]' passed (0.002 seconds).
Test Case '-[StrandAnalyticsTests.RespirationEstimatorTests testImpossibleIbiNeverEntersInterpolationAndPlausibilityIsModalitySpecific]' started.
Test Case '-[StrandAnalyticsTests.RespirationEstimatorTests testImpossibleIbiNeverEntersInterpolationAndPlausibilityIsModalitySpecific]' passed (0.122 seconds).
Test Case '-[StrandAnalyticsTests.RespirationEstimatorTests testMalformedSpansAndCorrectionNeverAcquireTiming]' started.
Test Case '-[StrandAnalyticsTests.RespirationEstimatorTests testMalformedSpansAndCorrectionNeverAcquireTiming]' passed (0.012 seconds).
Test Case '-[StrandAnalyticsTests.RespirationEstimatorTests testMixedTimingAndKnownSignalRejectionsCannotBecomeCleanRespiration]' started.
Test Case '-[StrandAnalyticsTests.RespirationEstimatorTests testMixedTimingAndKnownSignalRejectionsCannotBecomeCleanRespiration]' passed (0.023 seconds).
Test Case '-[StrandAnalyticsTests.RespirationEstimatorTests testMotionEvidenceIsRequiredAndKnownContaminationRemainsAttributed]' started.
Test Case '-[StrandAnalyticsTests.RespirationEstimatorTests testMotionEvidenceIsRequiredAndKnownContaminationRemainsAttributed]' passed (0.000 seconds).
Test Case '-[StrandAnalyticsTests.RespirationEstimatorTests testNightRequiresDurationAndDistributedCoverageWhileRetainingDiagnostics]' started.
Test Case '-[StrandAnalyticsTests.RespirationEstimatorTests testNightRequiresDurationAndDistributedCoverageWhileRetainingDiagnostics]' passed (0.024 seconds).
Test Case '-[StrandAnalyticsTests.RespirationEstimatorTests testOverlappingWindowsCountDurationOnce]' started.
Test Case '-[StrandAnalyticsTests.RespirationEstimatorTests testOverlappingWindowsCountDurationOnce]' passed (0.002 seconds).
Test Case '-[StrandAnalyticsTests.RespirationEstimatorTests testRejectsUnknownTimingAndChannel]' started.
Test Case '-[StrandAnalyticsTests.RespirationEstimatorTests testRejectsUnknownTimingAndChannel]' passed (0.000 seconds).
Test Case '-[StrandAnalyticsTests.RespirationEstimatorTests testRsaClockUncertaintyCannotExpandOriginalRRDurationTolerance]' started.
Test Case '-[StrandAnalyticsTests.RespirationEstimatorTests testRsaClockUncertaintyCannotExpandOriginalRRDurationTolerance]' passed (0.069 seconds).
Test Case '-[StrandAnalyticsTests.RespirationEstimatorTests testRsaRejectedSharedEndpointCannotContributeObservedSamples]' started.
Test Case '-[StrandAnalyticsTests.RespirationEstimatorTests testRsaRejectedSharedEndpointCannotContributeObservedSamples]' passed (0.019 seconds).
Test Case '-[StrandAnalyticsTests.RespirationEstimatorTests testSharedSyntheticOracle]' started.
Test Case '-[StrandAnalyticsTests.RespirationEstimatorTests testSharedSyntheticOracle]' passed (0.007 seconds).
Test Case '-[StrandAnalyticsTests.RespirationEstimatorTests testSourceChangesAreScopedToEachWindowAndNeverInterpolatedAcross]' started.
Test Case '-[StrandAnalyticsTests.RespirationEstimatorTests testSourceChangesAreScopedToEachWindowAndNeverInterpolatedAcross]' passed (0.042 seconds).
Test Case '-[StrandAnalyticsTests.RespirationEstimatorTests testSummaryDistributionRetainsOnlyAcceptedInContextValuesInStableOrder]' started.
Test Case '-[StrandAnalyticsTests.RespirationEstimatorTests testSummaryDistributionRetainsOnlyAcceptedInContextValuesInStableOrder]' passed (0.003 seconds).
Test Case '-[StrandAnalyticsTests.RespirationEstimatorTests testTinyUnverifiedGapAndExtremeAlternationRemainMissing]' started.
Test Case '-[StrandAnalyticsTests.RespirationEstimatorTests testTinyUnverifiedGapAndExtremeAlternationRemainMissing]' passed (0.029 seconds).
Test Case '-[StrandAnalyticsTests.RespirationEstimatorTests testUpsamplingDoesNotInventBandwidthAndFusionDoesNotMultiplyConfidence]' started.
Test Case '-[StrandAnalyticsTests.RespirationEstimatorTests testUpsamplingDoesNotInventBandwidthAndFusionDoesNotMultiplyConfidence]' passed (0.003 seconds).
Test Suite 'RespirationEstimatorTests' passed at 2026-09-21 23:12:29.971.
	 Executed 16 tests, with 0 failures (0 unexpected) in 0.358 (0.359) seconds
Test Suite 'RestNeedTests' started at 2026-09-21 23:12:29.971.
Test Case '-[StrandAnalyticsTests.RestNeedTests testCapsLongSleeper]' started.
Test Case '-[StrandAnalyticsTests.RestNeedTests testCapsLongSleeper]' passed (0.000 seconds).
Test Case '-[StrandAnalyticsTests.RestNeedTests testChronicUnderSleeperStaysAtFloor]' started.
Test Case '-[StrandAnalyticsTests.RestNeedTests testChronicUnderSleeperStaysAtFloor]' passed (0.000 seconds).
Test Case '-[StrandAnalyticsTests.RestNeedTests testColdStartReturnsPopulationDefault]' started.
Test Case '-[StrandAnalyticsTests.RestNeedTests testColdStartReturnsPopulationDefault]' passed (0.000 seconds).
Test Case '-[StrandAnalyticsTests.RestNeedTests testMinorHasHigherFloor]' started.
Test Case '-[StrandAnalyticsTests.RestNeedTests testMinorHasHigherFloor]' passed (0.000 seconds).
Test Case '-[StrandAnalyticsTests.RestNeedTests testNilAgeUsesAdultFloor]' started.
Test Case '-[StrandAnalyticsTests.RestNeedTests testNilAgeUsesAdultFloor]' passed (0.000 seconds).
Test Case '-[StrandAnalyticsTests.RestNeedTests testNormalSleeperReflectsUnrestrictedNights]' started.
Test Case '-[StrandAnalyticsTests.RestNeedTests testNormalSleeperReflectsUnrestrictedNights]' passed (0.000 seconds).
Test Case '-[StrandAnalyticsTests.RestNeedTests testZeroAndNegativeNightsIgnored]' started.
Test Case '-[StrandAnalyticsTests.RestNeedTests testZeroAndNegativeNightsIgnored]' passed (0.000 seconds).
Test Suite 'RestNeedTests' passed at 2026-09-21 23:12:29.972.
	 Executed 7 tests, with 0 failures (0 unexpected) in 0.001 (0.001) seconds
Test Suite 'RestSubScoreTraceTests' started at 2026-09-21 23:12:29.972.
Test Case '-[StrandAnalyticsTests.RestSubScoreTraceTests testCompositeMatchesRestComposite]' started.
Test Case '-[StrandAnalyticsTests.RestSubScoreTraceTests testCompositeMatchesRestComposite]' passed (0.000 seconds).
Test Case '-[StrandAnalyticsTests.RestSubScoreTraceTests testMedianBpm]' started.
Test Case '-[StrandAnalyticsTests.RestSubScoreTraceTests testMedianBpm]' passed (0.000 seconds).
Test Case '-[StrandAnalyticsTests.RestSubScoreTraceTests testRestSubScoreLine]' started.
Test Case '-[StrandAnalyticsTests.RestSubScoreTraceTests testRestSubScoreLine]' passed (0.000 seconds).
Test Case '-[StrandAnalyticsTests.RestSubScoreTraceTests testSleepMotionLine]' started.
Test Case '-[StrandAnalyticsTests.RestSubScoreTraceTests testSleepMotionLine]' passed (0.000 seconds).
Test Case '-[StrandAnalyticsTests.RestSubScoreTraceTests testSleepOnsetLineHrDipped]' started.
Test Case '-[StrandAnalyticsTests.RestSubScoreTraceTests testSleepOnsetLineHrDipped]' passed (0.000 seconds).
Test Case '-[StrandAnalyticsTests.RestSubScoreTraceTests testSleepOnsetLineHrNotDipped]' started.
Test Case '-[StrandAnalyticsTests.RestSubScoreTraceTests testSleepOnsetLineHrNotDipped]' passed (0.000 seconds).
Test Case '-[StrandAnalyticsTests.RestSubScoreTraceTests testSleepOnsetLineZeroBaselineIsSafe]' started.
Test Case '-[StrandAnalyticsTests.RestSubScoreTraceTests testSleepOnsetLineZeroBaselineIsSafe]' passed (0.000 seconds).
Test Case '-[StrandAnalyticsTests.RestSubScoreTraceTests testSleepProvenanceLineImportedShowsSource]' started.
Test Case '-[StrandAnalyticsTests.RestSubScoreTraceTests testSleepProvenanceLineImportedShowsSource]' passed (0.000 seconds).
Test Case '-[StrandAnalyticsTests.RestSubScoreTraceTests testSleepProvenanceLineMeasured]' started.
Test Case '-[StrandAnalyticsTests.RestSubScoreTraceTests testSleepProvenanceLineMeasured]' passed (0.000 seconds).
Test Suite 'RestSubScoreTraceTests' passed at 2026-09-21 23:12:29.974.
	 Executed 9 tests, with 0 failures (0 unexpected) in 0.001 (0.001) seconds
Test Suite 'RestWiringImpactTests' started at 2026-09-21 23:12:29.974.
Test Case '-[StrandAnalyticsTests.RestWiringImpactTests testArchetypeImpactTable]' started.
Test Case '-[StrandAnalyticsTests.RestWiringImpactTests testArchetypeImpactTable]' passed (0.001 seconds).
Test Suite 'RestWiringImpactTests' passed at 2026-09-21 23:12:29.974.
	 Executed 1 test, with 0 failures (0 unexpected) in 0.001 (0.001) seconds
Test Suite 'RhrBinGateDiagnosticTests' started at 2026-09-21 23:12:29.974.
Test Case '-[StrandAnalyticsTests.RhrBinGateDiagnosticTests testAThinBinThatCannotWinTheFloorIsSilent]' started.
Test Case '-[StrandAnalyticsTests.RhrBinGateDiagnosticTests testAThinBinThatCannotWinTheFloorIsSilent]' passed (0.000 seconds).
Test Case '-[StrandAnalyticsTests.RhrBinGateDiagnosticTests testAThinWinningBinIsReportedWithWhatTheGateWouldDo]' started.
Test Case '-[StrandAnalyticsTests.RhrBinGateDiagnosticTests testAThinWinningBinIsReportedWithWhatTheGateWouldDo]' passed (0.000 seconds).
Test Case '-[StrandAnalyticsTests.RhrBinGateDiagnosticTests testAWellPopulatedNightSaysNothing]' started.
Test Case '-[StrandAnalyticsTests.RhrBinGateDiagnosticTests testAWellPopulatedNightSaysNothing]' passed (0.000 seconds).
Test Case '-[StrandAnalyticsTests.RhrBinGateDiagnosticTests testNothingToMeasureIsSilent]' started.
Test Case '-[StrandAnalyticsTests.RhrBinGateDiagnosticTests testNothingToMeasureIsSilent]' passed (0.000 seconds).
Test Case '-[StrandAnalyticsTests.RhrBinGateDiagnosticTests testTheDiagnosticJudgesTheSamePartitionSessionRestingHRShips]' started.
Test Case '-[StrandAnalyticsTests.RhrBinGateDiagnosticTests testTheDiagnosticJudgesTheSamePartitionSessionRestingHRShips]' passed (0.001 seconds).
Test Case '-[StrandAnalyticsTests.RhrBinGateDiagnosticTests testTheLineCarriesNoTimestamps]' started.
Test Case '-[StrandAnalyticsTests.RhrBinGateDiagnosticTests testTheLineCarriesNoTimestamps]' passed (0.000 seconds).
Test Suite 'RhrBinGateDiagnosticTests' passed at 2026-09-21 23:12:29.977.
	 Executed 6 tests, with 0 failures (0 unexpected) in 0.002 (0.002) seconds
Test Suite 'RhythmExportTests' started at 2026-09-21 23:12:29.977.
Test Case '-[StrandAnalyticsTests.RhythmExportTests testCsvCarriesDisclaimerSummaryAndPerWindowRows]' started.
Test Case '-[StrandAnalyticsTests.RhythmExportTests testCsvCarriesDisclaimerSummaryAndPerWindowRows]' passed (0.000 seconds).
Test Case '-[StrandAnalyticsTests.RhythmExportTests testExportNamesNoConditionAndCarriesNoVerdict]' started.
Test Case '-[StrandAnalyticsTests.RhythmExportTests testExportNamesNoConditionAndCarriesNoVerdict]' passed (0.000 seconds).
Test Case '-[StrandAnalyticsTests.RhythmExportTests testFormattingPreRoundsSoTheExportCannotDivergeByDevice]' started.
Test Case '-[StrandAnalyticsTests.RhythmExportTests testFormattingPreRoundsSoTheExportCannotDivergeByDevice]' passed (0.000 seconds).
Test Suite 'RhythmExportTests' passed at 2026-09-21 23:12:29.977.
	 Executed 3 tests, with 0 failures (0 unexpected) in 0.000 (0.001) seconds
Test Suite 'RhythmScreenerTests' started at 2026-09-21 23:12:29.977.
Test Case '-[StrandAnalyticsTests.RhythmScreenerTests testAfibLikeReadsVaried]' started.
Test Case '-[StrandAnalyticsTests.RhythmScreenerTests testAfibLikeReadsVaried]' passed (0.010 seconds).
Test Case '-[StrandAnalyticsTests.RhythmScreenerTests testBankedOverCountedWindowIsUnreadableRatherThanVaried]' started.
Test Case '-[StrandAnalyticsTests.RhythmScreenerTests testBankedOverCountedWindowIsUnreadableRatherThanVaried]' passed (0.000 seconds).
Test Case '-[StrandAnalyticsTests.RhythmScreenerTests testClassifyEmptyStateBankedBeatsWhenStructurallyIncapable]' started.
Test Case '-[StrandAnalyticsTests.RhythmScreenerTests testClassifyEmptyStateBankedBeatsWhenStructurallyIncapable]' passed (0.000 seconds).
Test Case '-[StrandAnalyticsTests.RhythmScreenerTests testClassifyEmptyStateGatheringWhenMotionPresentButNightRefused]' started.
Test Case '-[StrandAnalyticsTests.RhythmScreenerTests testClassifyEmptyStateGatheringWhenMotionPresentButNightRefused]' passed (0.000 seconds).
Test Case '-[StrandAnalyticsTests.RhythmScreenerTests testClassifyEmptyStateNoDataIsGatheringNotStructural]' started.
Test Case '-[StrandAnalyticsTests.RhythmScreenerTests testClassifyEmptyStateNoDataIsGatheringNotStructural]' passed (0.000 seconds).
Test Case '-[StrandAnalyticsTests.RhythmScreenerTests testClassifyEmptyStateNoMotionWhenDenseWindowsButNoStillnessSignal]' started.
Test Case '-[StrandAnalyticsTests.RhythmScreenerTests testClassifyEmptyStateNoMotionWhenDenseWindowsButNoStillnessSignal]' passed (0.000 seconds).
Test Case '-[StrandAnalyticsTests.RhythmScreenerTests testClassifyEmptyStateNoneWhenAnyWindowReadable]' started.
Test Case '-[StrandAnalyticsTests.RhythmScreenerTests testClassifyEmptyStateNoneWhenAnyWindowReadable]' passed (0.009 seconds).
Test Case '-[StrandAnalyticsTests.RhythmScreenerTests testClassifyEmptyStateWhoopBankedNightStaysGathering]' started.
Test Case '-[StrandAnalyticsTests.RhythmScreenerTests testClassifyEmptyStateWhoopBankedNightStaysGathering]' passed (0.000 seconds).
Test Case '-[StrandAnalyticsTests.RhythmScreenerTests testEctopicFractionReusesRejectEctopic]' started.
Test Case '-[StrandAnalyticsTests.RhythmScreenerTests testEctopicFractionReusesRejectEctopic]' passed (0.017 seconds).
Test Case '-[StrandAnalyticsTests.RhythmScreenerTests testEmptyNightIsUnreadable]' started.
Test Case '-[StrandAnalyticsTests.RhythmScreenerTests testEmptyNightIsUnreadable]' passed (0.000 seconds).
Test Case '-[StrandAnalyticsTests.RhythmScreenerTests testHonestlyStampedWindowStillReads]' started.
Test Case '-[StrandAnalyticsTests.RhythmScreenerTests testHonestlyStampedWindowStillReads]' passed (0.009 seconds).
Test Case '-[StrandAnalyticsTests.RhythmScreenerTests testIsolatedEctopyReadsOccasional]' started.
Test Case '-[StrandAnalyticsTests.RhythmScreenerTests testIsolatedEctopyReadsOccasional]' passed (0.009 seconds).
Test Case '-[StrandAnalyticsTests.RhythmScreenerTests testMotionContaminatedIsUnreadable]' started.
Test Case '-[StrandAnalyticsTests.RhythmScreenerTests testMotionContaminatedIsUnreadable]' passed (0.000 seconds).
Test Case '-[StrandAnalyticsTests.RhythmScreenerTests testNightBeatsAreBankedDetectsBankedButNotHonestOrAbsentTimestamps]' started.
Test Case '-[StrandAnalyticsTests.RhythmScreenerTests testNightBeatsAreBankedDetectsBankedButNotHonestOrAbsentTimestamps]' passed (0.000 seconds).
Test Case '-[StrandAnalyticsTests.RhythmScreenerTests testNightSummaryCountsAndRecurrence]' started.
Test Case '-[StrandAnalyticsTests.RhythmScreenerTests testNightSummaryCountsAndRecurrence]' passed (0.018 seconds).
Test Case '-[StrandAnalyticsTests.RhythmScreenerTests testNoLabelRawStringNamesACondition]' started.
Test Case '-[StrandAnalyticsTests.RhythmScreenerTests testNoLabelRawStringNamesACondition]' passed (0.000 seconds).
Test Case '-[StrandAnalyticsTests.RhythmScreenerTests testNoPpgChannelMeansNoAgreement]' started.
Test Case '-[StrandAnalyticsTests.RhythmScreenerTests testNoPpgChannelMeansNoAgreement]' passed (0.009 seconds).
Test Case '-[StrandAnalyticsTests.RhythmScreenerTests testOutOfRestingBandIsUnreadable]' started.
Test Case '-[StrandAnalyticsTests.RhythmScreenerTests testOutOfRestingBandIsUnreadable]' passed (0.000 seconds).
Test Case '-[StrandAnalyticsTests.RhythmScreenerTests testPpgAgreementWhenBothSteady]' started.
Test Case '-[StrandAnalyticsTests.RhythmScreenerTests testPpgAgreementWhenBothSteady]' passed (0.017 seconds).
Test Case '-[StrandAnalyticsTests.RhythmScreenerTests testPpgDisagreementSuppressesAgreement]' started.
Test Case '-[StrandAnalyticsTests.RhythmScreenerTests testPpgDisagreementSuppressesAgreement]' passed (0.018 seconds).
Test Case '-[StrandAnalyticsTests.RhythmScreenerTests testRegularSinusReadsSteady]' started.
Test Case '-[StrandAnalyticsTests.RhythmScreenerTests testRegularSinusReadsSteady]' passed (0.009 seconds).
Test Case '-[StrandAnalyticsTests.RhythmScreenerTests testRRIntervalConvenienceInitComputesMeanHR]' started.
Test Case '-[StrandAnalyticsTests.RhythmScreenerTests testRRIntervalConvenienceInitComputesMeanHR]' passed (0.000 seconds).
Test Case '-[StrandAnalyticsTests.RhythmScreenerTests testSD1IsRmssdOverRootTwo]' started.
Test Case '-[StrandAnalyticsTests.RhythmScreenerTests testSD1IsRmssdOverRootTwo]' passed (0.009 seconds).
Test Case '-[StrandAnalyticsTests.RhythmScreenerTests testSingleVariedBlipDoesNotRecur]' started.
Test Case '-[StrandAnalyticsTests.RhythmScreenerTests testSingleVariedBlipDoesNotRecur]' passed (0.018 seconds).
Test Case '-[StrandAnalyticsTests.RhythmScreenerTests testSparseWindowIsUnreadableCalibrating]' started.
Test Case '-[StrandAnalyticsTests.RhythmScreenerTests testSparseWindowIsUnreadableCalibrating]' passed (0.000 seconds).
Test Case '-[StrandAnalyticsTests.RhythmScreenerTests testTurningPointRateOfMonotonicIsZero]' started.
Test Case '-[StrandAnalyticsTests.RhythmScreenerTests testTurningPointRateOfMonotonicIsZero]' passed (0.000 seconds).
Test Case '-[StrandAnalyticsTests.RhythmScreenerTests testTurningPointRateOfZigzagIsMax]' started.
Test Case '-[StrandAnalyticsTests.RhythmScreenerTests testTurningPointRateOfZigzagIsMax]' passed (0.000 seconds).
Test Case '-[StrandAnalyticsTests.RhythmScreenerTests testWindowWithoutTimestampsIsUnaffected]' started.
Test Case '-[StrandAnalyticsTests.RhythmScreenerTests testWindowWithoutTimestampsIsUnaffected]' passed (0.017 seconds).
Test Suite 'RhythmScreenerTests' passed at 2026-09-21 23:12:30.147.
	 Executed 28 tests, with 0 failures (0 unexpected) in 0.168 (0.170) seconds
Test Suite 'RrCoverageVerdictTests' started at 2026-09-21 23:12:30.147.
Test Case '-[StrandAnalyticsTests.RrCoverageVerdictTests testACleanNightIsStillPlausible]' started.
Test Case '-[StrandAnalyticsTests.RrCoverageVerdictTests testACleanNightIsStillPlausible]' passed (0.000 seconds).
Test Case '-[StrandAnalyticsTests.RrCoverageVerdictTests testAnAlmostEmptyNightIsUnderCovered]' started.
Test Case '-[StrandAnalyticsTests.RrCoverageVerdictTests testAnAlmostEmptyNightIsUnderCovered]' passed (0.000 seconds).
Test Case '-[StrandAnalyticsTests.RrCoverageVerdictTests testAPerfectlyCoveredBankedNightStillRefusesBeatValues]' started.
Test Case '-[StrandAnalyticsTests.RrCoverageVerdictTests testAPerfectlyCoveredBankedNightStillRefusesBeatValues]' passed (0.000 seconds).
Test Case '-[StrandAnalyticsTests.RrCoverageVerdictTests testBankedBeatsRefuseSpreadWhileTheSameBeatsHonestlySpacedDoNot]' started.
Test Case '-[StrandAnalyticsTests.RrCoverageVerdictTests testBankedBeatsRefuseSpreadWhileTheSameBeatsHonestlySpacedDoNot]' passed (0.000 seconds).
Test Case '-[StrandAnalyticsTests.RrCoverageVerdictTests testBankedStreamIsNotBeatAccurateAndRefusesBeatValues]' started.
Test Case '-[StrandAnalyticsTests.RrCoverageVerdictTests testBankedStreamIsNotBeatAccurateAndRefusesBeatValues]' passed (0.000 seconds).
Test Case '-[StrandAnalyticsTests.RrCoverageVerdictTests testBeatAccurateStreamMeasuresFully]' started.
Test Case '-[StrandAnalyticsTests.RrCoverageVerdictTests testBeatAccurateStreamMeasuresFully]' passed (0.000 seconds).
Test Case '-[StrandAnalyticsTests.RrCoverageVerdictTests testBoundaryIsInclusive]' started.
Test Case '-[StrandAnalyticsTests.RrCoverageVerdictTests testBoundaryIsInclusive]' passed (0.000 seconds).
Test Case '-[StrandAnalyticsTests.RrCoverageVerdictTests testCeilingIsInclusive]' started.
Test Case '-[StrandAnalyticsTests.RrCoverageVerdictTests testCeilingIsInclusive]' passed (0.000 seconds).
Test Case '-[StrandAnalyticsTests.RrCoverageVerdictTests testCollapsedAboveCoverageStillClassifiesOnCoverageFirst]' started.
Test Case '-[StrandAnalyticsTests.RrCoverageVerdictTests testCollapsedAboveCoverageStillClassifiesOnCoverageFirst]' passed (0.000 seconds).
Test Case '-[StrandAnalyticsTests.RrCoverageVerdictTests testCollapseRecoveringRangeMeansSameSecond]' started.
Test Case '-[StrandAnalyticsTests.RrCoverageVerdictTests testCollapseRecoveringRangeMeansSameSecond]' passed (0.000 seconds).
Test Case '-[StrandAnalyticsTests.RrCoverageVerdictTests testFloorIsInclusive]' started.
Test Case '-[StrandAnalyticsTests.RrCoverageVerdictTests testFloorIsInclusive]' passed (0.000 seconds).
Test Case '-[StrandAnalyticsTests.RrCoverageVerdictTests testFloorMirrorsCeiling]' started.
Test Case '-[StrandAnalyticsTests.RrCoverageVerdictTests testFloorMirrorsCeiling]' passed (0.000 seconds).
Test Case '-[StrandAnalyticsTests.RrCoverageVerdictTests testGapsAndUnmeasurableWindowsStayTrusted]' started.
Test Case '-[StrandAnalyticsTests.RrCoverageVerdictTests testGapsAndUnmeasurableWindowsStayTrusted]' passed (0.000 seconds).
Test Case '-[StrandAnalyticsTests.RrCoverageVerdictTests testNaNAccuracyStaysTrusted]' started.
Test Case '-[StrandAnalyticsTests.RrCoverageVerdictTests testNaNAccuracyStaysTrusted]' passed (0.000 seconds).
Test Case '-[StrandAnalyticsTests.RrCoverageVerdictTests testNineTenthsOfANightIsNotAFitAnyMore]' started.
Test Case '-[StrandAnalyticsTests.RrCoverageVerdictTests testNineTenthsOfANightIsNotAFitAnyMore]' passed (0.000 seconds).
Test Case '-[StrandAnalyticsTests.RrCoverageVerdictTests testNonFiniteCoverageIsUnmeasurableOnBothPlatforms]' started.
Test Case '-[StrandAnalyticsTests.RrCoverageVerdictTests testNonFiniteCoverageIsUnmeasurableOnBothPlatforms]' passed (0.000 seconds).
Test Case '-[StrandAnalyticsTests.RrCoverageVerdictTests testOverCountedWindowsRefuseBeatSpreadStatistics]' started.
Test Case '-[StrandAnalyticsTests.RrCoverageVerdictTests testOverCountedWindowsRefuseBeatSpreadStatistics]' passed (0.000 seconds).
Test Case '-[StrandAnalyticsTests.RrCoverageVerdictTests testRealCrossSecondCaptureIsNotFixableBySameSecondDedup]' started.
Test Case '-[StrandAnalyticsTests.RrCoverageVerdictTests testRealCrossSecondCaptureIsNotFixableBySameSecondDedup]' passed (0.000 seconds).
Test Case '-[StrandAnalyticsTests.RrCoverageVerdictTests testSpotCaptureAcceptsAPlausibleWindow]' started.
Test Case '-[StrandAnalyticsTests.RrCoverageVerdictTests testSpotCaptureAcceptsAPlausibleWindow]' passed (0.000 seconds).
Test Case '-[StrandAnalyticsTests.RrCoverageVerdictTests testSpotCaptureRejectsMoreBeatTimeThanElapsedTime]' started.
Test Case '-[StrandAnalyticsTests.RrCoverageVerdictTests testSpotCaptureRejectsMoreBeatTimeThanElapsedTime]' passed (0.000 seconds).
Test Case '-[StrandAnalyticsTests.RrCoverageVerdictTests testSpotCaptureToleratesTheRoundingAllowance]' started.
Test Case '-[StrandAnalyticsTests.RrCoverageVerdictTests testSpotCaptureToleratesTheRoundingAllowance]' passed (0.000 seconds).
Test Case '-[StrandAnalyticsTests.RrCoverageVerdictTests testSpotCaptureWithZeroElapsedTimeIsNotJudged]' started.
Test Case '-[StrandAnalyticsTests.RrCoverageVerdictTests testSpotCaptureWithZeroElapsedTimeIsNotJudged]' passed (0.000 seconds).
Test Case '-[StrandAnalyticsTests.RrCoverageVerdictTests testTheReportedUnderCoveredNightIsNamed]' started.
Test Case '-[StrandAnalyticsTests.RrCoverageVerdictTests testTheReportedUnderCoveredNightIsNamed]' passed (0.000 seconds).
Test Case '-[StrandAnalyticsTests.RrCoverageVerdictTests testTooShortOrMismatchedInputStaysTrusted]' started.
Test Case '-[StrandAnalyticsTests.RrCoverageVerdictTests testTooShortOrMismatchedInputStaysTrusted]' passed (0.000 seconds).
Test Case '-[StrandAnalyticsTests.RrCoverageVerdictTests testUnmeasurableWindowIsNotReportedAsClean]' started.
Test Case '-[StrandAnalyticsTests.RrCoverageVerdictTests testUnmeasurableWindowIsNotReportedAsClean]' passed (0.000 seconds).
Test Suite 'RrCoverageVerdictTests' passed at 2026-09-21 23:12:30.150.
	 Executed 25 tests, with 0 failures (0 unexpected) in 0.001 (0.003) seconds
Test Suite 'RrEmissionStatsTests' started at 2026-09-21 23:12:30.150.
Test Case '-[StrandAnalyticsTests.RrEmissionStatsTests testCleanEndToEndStreamRatioIsAboutOne]' started.
Test Case '-[StrandAnalyticsTests.RrEmissionStatsTests testCleanEndToEndStreamRatioIsAboutOne]' passed (0.000 seconds).
Test Case '-[StrandAnalyticsTests.RrEmissionStatsTests testDegenerateBatches]' started.
Test Case '-[StrandAnalyticsTests.RrEmissionStatsTests testDegenerateBatches]' passed (0.000 seconds).
Test Case '-[StrandAnalyticsTests.RrEmissionStatsTests testDoubledEmissionShowsAsRatioAboveOne]' started.
Test Case '-[StrandAnalyticsTests.RrEmissionStatsTests testDoubledEmissionShowsAsRatioAboveOne]' passed (0.000 seconds).
Test Case '-[StrandAnalyticsTests.RrEmissionStatsTests testFillCatchesRecordsCarryingMoreBeatTimeThanTheirSlot]' started.
Test Case '-[StrandAnalyticsTests.RrEmissionStatsTests testFillCatchesRecordsCarryingMoreBeatTimeThanTheirSlot]' passed (0.000 seconds).
Test Case '-[StrandAnalyticsTests.RrEmissionStatsTests testFourOrMoreBucketsTogether]' started.
Test Case '-[StrandAnalyticsTests.RrEmissionStatsTests testFourOrMoreBucketsTogether]' passed (0.000 seconds).
Test Case '-[StrandAnalyticsTests.RrEmissionStatsTests testGapDilutesSpanRatioButNotReportingRatio]' started.
Test Case '-[StrandAnalyticsTests.RrEmissionStatsTests testGapDilutesSpanRatioButNotReportingRatio]' passed (0.000 seconds).
Test Case '-[StrandAnalyticsTests.RrEmissionStatsTests testLogLineShape]' started.
Test Case '-[StrandAnalyticsTests.RrEmissionStatsTests testLogLineShape]' passed (0.000 seconds).
Test Case '-[StrandAnalyticsTests.RrEmissionStatsTests testModalGapReportsRecordCadenceAndFillFitsOnAHealthyMultiSecondStrap]' started.
Test Case '-[StrandAnalyticsTests.RrEmissionStatsTests testModalGapReportsRecordCadenceAndFillFitsOnAHealthyMultiSecondStrap]' passed (0.000 seconds).
Test Case '-[StrandAnalyticsTests.RrEmissionStatsTests testSameSecondChannelTwinsInflateTheRatio]' started.
Test Case '-[StrandAnalyticsTests.RrEmissionStatsTests testSameSecondChannelTwinsInflateTheRatio]' passed (0.000 seconds).
Test Case '-[StrandAnalyticsTests.RrEmissionStatsTests testShouldEmitLiveCensus]' started.
Test Case '-[StrandAnalyticsTests.RrEmissionStatsTests testShouldEmitLiveCensus]' passed (0.000 seconds).
Test Suite 'RrEmissionStatsTests' passed at 2026-09-21 23:12:30.151.
	 Executed 10 tests, with 0 failures (0 unexpected) in 0.001 (0.001) seconds
Test Suite 'ScoreConfidenceCacheSigTests' started at 2026-09-21 23:12:30.151.
Test Case '-[StrandAnalyticsTests.ScoreConfidenceCacheSigTests testChargeTierChangesOnStatusTransition]' started.
Test Case '-[StrandAnalyticsTests.ScoreConfidenceCacheSigTests testChargeTierChangesOnStatusTransition]' passed (0.000 seconds).
Test Case '-[StrandAnalyticsTests.ScoreConfidenceCacheSigTests testChargeTierInvariantToBaselineValueDrift]' started.
Test Case '-[StrandAnalyticsTests.ScoreConfidenceCacheSigTests testChargeTierInvariantToBaselineValueDrift]' passed (0.000 seconds).
Test Suite 'ScoreConfidenceCacheSigTests' passed at 2026-09-21 23:12:30.151.
	 Executed 2 tests, with 0 failures (0 unexpected) in 0.000 (0.000) seconds
Test Suite 'SedentaryDetectorTests' started at 2026-09-21 23:12:30.151.
Test Case '-[StrandAnalyticsTests.SedentaryDetectorTests testContinuousWalking_yieldsNothing]' started.
Test Case '-[StrandAnalyticsTests.SedentaryDetectorTests testContinuousWalking_yieldsNothing]' passed (0.000 seconds).
Test Case '-[StrandAnalyticsTests.SedentaryDetectorTests testDoesNotFireInsideCooldown]' started.
Test Case '-[StrandAnalyticsTests.SedentaryDetectorTests testDoesNotFireInsideCooldown]' passed (0.001 seconds).
Test Case '-[StrandAnalyticsTests.SedentaryDetectorTests testDoesNotFireOutsideActiveHours]' started.
Test Case '-[StrandAnalyticsTests.SedentaryDetectorTests testDoesNotFireOutsideActiveHours]' passed (0.001 seconds).
Test Case '-[StrandAnalyticsTests.SedentaryDetectorTests testDoesNotFireUnderThreshold]' started.
Test Case '-[StrandAnalyticsTests.SedentaryDetectorTests testDoesNotFireUnderThreshold]' passed (0.000 seconds).
Test Case '-[StrandAnalyticsTests.SedentaryDetectorTests testEmptyOrSingle_yieldsNothing]' started.
Test Case '-[StrandAnalyticsTests.SedentaryDetectorTests testEmptyOrSingle_yieldsNothing]' passed (0.000 seconds).
Test Case '-[StrandAnalyticsTests.SedentaryDetectorTests testFiresAfterIdleThreshold]' started.
Test Case '-[StrandAnalyticsTests.SedentaryDetectorTests testFiresAfterIdleThreshold]' passed (0.000 seconds).
Test Case '-[StrandAnalyticsTests.SedentaryDetectorTests testIsolatedReachesDoNotFragmentIt]' started.
Test Case '-[StrandAnalyticsTests.SedentaryDetectorTests testIsolatedReachesDoNotFragmentIt]' passed (0.000 seconds).
Test Case '-[StrandAnalyticsTests.SedentaryDetectorTests testLocalMinuteOfDay_mapsInstantToLocalMinute]' started.
Test Case '-[StrandAnalyticsTests.SedentaryDetectorTests testLocalMinuteOfDay_mapsInstantToLocalMinute]' passed (0.000 seconds).
Test Case '-[StrandAnalyticsTests.SedentaryDetectorTests testNewBoutAfterMovementAlertsImmediately]' started.
Test Case '-[StrandAnalyticsTests.SedentaryDetectorTests testNewBoutAfterMovementAlertsImmediately]' passed (0.000 seconds).
Test Case '-[StrandAnalyticsTests.SedentaryDetectorTests testReplayedOffloadDoesNotReBuzz]' started.
Test Case '-[StrandAnalyticsTests.SedentaryDetectorTests testReplayedOffloadDoesNotReBuzz]' passed (0.000 seconds).
Test Case '-[StrandAnalyticsTests.SedentaryDetectorTests testResetsOnDetectedMovement]' started.
Test Case '-[StrandAnalyticsTests.SedentaryDetectorTests testResetsOnDetectedMovement]' passed (0.000 seconds).
Test Case '-[StrandAnalyticsTests.SedentaryDetectorTests testRespectsDisabledFlag]' started.
Test Case '-[StrandAnalyticsTests.SedentaryDetectorTests testRespectsDisabledFlag]' passed (0.000 seconds).
Test Case '-[StrandAnalyticsTests.SedentaryDetectorTests testRespectsNotificationMasterOff]' started.
Test Case '-[StrandAnalyticsTests.SedentaryDetectorTests testRespectsNotificationMasterOff]' passed (0.000 seconds).
Test Case '-[StrandAnalyticsTests.SedentaryDetectorTests testRespectsOnlyWhenWorn]' started.
Test Case '-[StrandAnalyticsTests.SedentaryDetectorTests testRespectsOnlyWhenWorn]' passed (0.000 seconds).
Test Case '-[StrandAnalyticsTests.SedentaryDetectorTests testShortStretchUnderMinMinutes_dropped]' started.
Test Case '-[StrandAnalyticsTests.SedentaryDetectorTests testShortStretchUnderMinMinutes_dropped]' passed (0.000 seconds).
Test Case '-[StrandAnalyticsTests.SedentaryDetectorTests testSittingThenWalking_yieldsOneBoutEndingAtTheWalk]' started.
Test Case '-[StrandAnalyticsTests.SedentaryDetectorTests testSittingThenWalking_yieldsOneBoutEndingAtTheWalk]' passed (0.000 seconds).
Test Case '-[StrandAnalyticsTests.SedentaryDetectorTests testWindowContains_handlesWrapAround]' started.
Test Case '-[StrandAnalyticsTests.SedentaryDetectorTests testWindowContains_handlesWrapAround]' passed (0.000 seconds).
Test Suite 'SedentaryDetectorTests' passed at 2026-09-21 23:12:30.157.
	 Executed 17 tests, with 0 failures (0 unexpected) in 0.005 (0.005) seconds
Test Suite 'ServerDaySwiftAPISupportTests' started at 2026-09-21 23:12:30.157.
Test Case '-[StrandAnalyticsTests.ServerDaySwiftAPISupportTests testActualHistoryHelpersSupportReplayResetEraNeedAndDebt]' started.
Test Case '-[StrandAnalyticsTests.ServerDaySwiftAPISupportTests testActualHistoryHelpersSupportReplayResetEraNeedAndDebt]' passed (0.096 seconds).
Test Case '-[StrandAnalyticsTests.ServerDaySwiftAPISupportTests testExportAPIEvidenceWithoutChangingFrozenKernelCorpus]' started.
Test Case '-[StrandAnalyticsTests.ServerDaySwiftAPISupportTests testExportAPIEvidenceWithoutChangingFrozenKernelCorpus]' passed (3.962 seconds).
Test Case '-[StrandAnalyticsTests.ServerDaySwiftAPISupportTests testFixedOffsetEngineCannotAdmitBothEdgesOfTwentyFiveHourDay]' started.
Test Case '-[StrandAnalyticsTests.ServerDaySwiftAPISupportTests testFixedOffsetEngineCannotAdmitBothEdgesOfTwentyFiveHourDay]' passed (0.280 seconds).
Test Case '-[StrandAnalyticsTests.ServerDaySwiftAPISupportTests testProvidedSleepIsNotAnAuthoritativeEmptyOrMovedSessionSet]' started.
Test Case '-[StrandAnalyticsTests.ServerDaySwiftAPISupportTests testProvidedSleepIsNotAnAuthoritativeEmptyOrMovedSessionSet]' passed (0.304 seconds).
Test Case '-[StrandAnalyticsTests.ServerDaySwiftAPISupportTests testTrueZoneBoundsDriveActualStoreBoundarySelection]' started.
Test Case '-[StrandAnalyticsTests.ServerDaySwiftAPISupportTests testTrueZoneBoundsDriveActualStoreBoundarySelection]' passed (0.067 seconds).
Test Suite 'ServerDaySwiftAPISupportTests' passed at 2026-09-21 23:12:34.866.
	 Executed 5 tests, with 0 failures (0 unexpected) in 4.709 (4.709) seconds
Test Suite 'ServerDaySwiftHistoryTests' started at 2026-09-21 23:12:34.866.
Test Case '-[StrandAnalyticsTests.ServerDaySwiftHistoryTests test131DaysMatchActualSwiftFoldAndRestartSerialization]' started.
Test Case '-[StrandAnalyticsTests.ServerDaySwiftHistoryTests test131DaysMatchActualSwiftFoldAndRestartSerialization]' passed (7.117 seconds).
Test Case '-[StrandAnalyticsTests.ServerDaySwiftHistoryTests testAsOfProfileNeedOverrideAndConfigTombstoneDoNotUseFutureHead]' started.
Test Case '-[StrandAnalyticsTests.ServerDaySwiftHistoryTests testAsOfProfileNeedOverrideAndConfigTombstoneDoNotUseFutureHead]' passed (0.229 seconds).
Test Case '-[StrandAnalyticsTests.ServerDaySwiftHistoryTests testCalendarHolesAgeStatesAndWarmEqualsFullReplay]' started.
Test Case '-[StrandAnalyticsTests.ServerDaySwiftHistoryTests testCalendarHolesAgeStatesAndWarmEqualsFullReplay]' passed (0.261 seconds).
Test Case '-[StrandAnalyticsTests.ServerDaySwiftHistoryTests testColdStartBeforeAndAfterUseActualSwiftHelperWithoutCurrentLeak]' started.
Test Case '-[StrandAnalyticsTests.ServerDaySwiftHistoryTests testColdStartBeforeAndAfterUseActualSwiftHelperWithoutCurrentLeak]' passed (0.004 seconds).
Test Case '-[StrandAnalyticsTests.ServerDaySwiftHistoryTests testCorrectionRequiresReplayAndSuffixEqualsCleanRecomputation]' started.
Test Case '-[StrandAnalyticsTests.ServerDaySwiftHistoryTests testCorrectionRequiresReplayAndSuffixEqualsCleanRecomputation]' passed (1.600 seconds).
Test Case '-[StrandAnalyticsTests.ServerDaySwiftHistoryTests testDebtCountsFourteenUsableNightsAndNapCreditNotMissingDays]' started.
Test Case '-[StrandAnalyticsTests.ServerDaySwiftHistoryTests testDebtCountsFourteenUsableNightsAndNapCreditNotMissingDays]' passed (0.467 seconds).
Test Case '-[StrandAnalyticsTests.ServerDaySwiftHistoryTests testFractionalResetSeparatesHRVFromRecoveryAndIncludesExactEpochDay]' started.
Test Case '-[StrandAnalyticsTests.ServerDaySwiftHistoryTests testFractionalResetSeparatesHRVFromRecoveryAndIncludesExactEpochDay]' passed (0.428 seconds).
Test Case '-[StrandAnalyticsTests.ServerDaySwiftHistoryTests testFutureRawAndJournalDoNotChangeDayResolutionOrHistory]' started.
Test Case '-[StrandAnalyticsTests.ServerDaySwiftHistoryTests testFutureRawAndJournalDoNotChangeDayResolutionOrHistory]' passed (0.190 seconds).
Test Case '-[StrandAnalyticsTests.ServerDaySwiftHistoryTests testFutureSleepInsideHistoricalObservationIsRejectedOnColdReplay]' started.
Test Case '-[StrandAnalyticsTests.ServerDaySwiftHistoryTests testFutureSleepInsideHistoricalObservationIsRejectedOnColdReplay]' passed (0.002 seconds).
Test Case '-[StrandAnalyticsTests.ServerDaySwiftHistoryTests testHistoryRejectsFutureUnorderedDuplicateForeignAndWrongAlgorithmRows]' started.
Test Case '-[StrandAnalyticsTests.ServerDaySwiftHistoryTests testHistoryRejectsFutureUnorderedDuplicateForeignAndWrongAlgorithmRows]' passed (0.014 seconds).
Test Case '-[StrandAnalyticsTests.ServerDaySwiftHistoryTests testInvalidDateZoneEnvelopeRevisionAndDuplicateIdentityFailClosed]' started.
Test Case '-[StrandAnalyticsTests.ServerDaySwiftHistoryTests testInvalidDateZoneEnvelopeRevisionAndDuplicateIdentityFailClosed]' passed (0.000 seconds).
Test Case '-[StrandAnalyticsTests.ServerDaySwiftHistoryTests testJournalAsOfOrdersOrdinaryEntitiesByEffectiveDayThenRevision]' started.
Test Case '-[StrandAnalyticsTests.ServerDaySwiftHistoryTests testJournalAsOfOrdersOrdinaryEntitiesByEffectiveDayThenRevision]' passed (0.000 seconds).
Test Case '-[StrandAnalyticsTests.ServerDaySwiftHistoryTests testLongestSleepBlockAndStableTieUseAsleepMinutesNotBedTime]' started.
Test Case '-[StrandAnalyticsTests.ServerDaySwiftHistoryTests testLongestSleepBlockAndStableTieUseAsleepMinutesNotBedTime]' passed (0.236 seconds).
Test Case '-[StrandAnalyticsTests.ServerDaySwiftHistoryTests testMalformedMeasurementsAndCheckpointVersionCannotEnterReplay]' started.
Test Case '-[StrandAnalyticsTests.ServerDaySwiftHistoryTests testMalformedMeasurementsAndCheckpointVersionCannotEnterReplay]' passed (0.003 seconds).
Test Case '-[StrandAnalyticsTests.ServerDaySwiftHistoryTests testMovedSleepAndWorkoutEntitiesUseLatestEligibleRevisionIncludingTombstone]' started.
Test Case '-[StrandAnalyticsTests.ServerDaySwiftHistoryTests testMovedSleepAndWorkoutEntitiesUseLatestEligibleRevisionIncludingTombstone]' passed (0.000 seconds).
Test Case '-[StrandAnalyticsTests.ServerDaySwiftHistoryTests testOwnerDeviceIsolationAndIndependentEntities]' started.
Test Case '-[StrandAnalyticsTests.ServerDaySwiftHistoryTests testOwnerDeviceIsolationAndIndependentEntities]' passed (0.000 seconds).
Test Case '-[StrandAnalyticsTests.ServerDaySwiftHistoryTests testReadinessLogBaselineUsesActualSwiftRejectDisabledPath]' started.
Test Case '-[StrandAnalyticsTests.ServerDaySwiftHistoryTests testReadinessLogBaselineUsesActualSwiftRejectDisabledPath]' passed (0.316 seconds).
Test Case '-[StrandAnalyticsTests.ServerDaySwiftHistoryTests testRecipeChangeExcludesOldStrainWithoutResettingUnrelatedMetrics]' started.
Test Case '-[StrandAnalyticsTests.ServerDaySwiftHistoryTests testRecipeChangeExcludesOldStrainWithoutResettingUnrelatedMetrics]' passed (0.192 seconds).
Test Case '-[StrandAnalyticsTests.ServerDaySwiftHistoryTests testReservedContractRoundTripsNullBooleanAndRawMetadataWithoutExport]' started.
Test Case '-[StrandAnalyticsTests.ServerDaySwiftHistoryTests testReservedContractRoundTripsNullBooleanAndRawMetadataWithoutExport]' passed (0.000 seconds).
Test Case '-[StrandAnalyticsTests.ServerDaySwiftHistoryTests testSerializedCheckpointAfterStateCannotDisagreeWithItsObservation]' started.
Test Case '-[StrandAnalyticsTests.ServerDaySwiftHistoryTests testSerializedCheckpointAfterStateCannotDisagreeWithItsObservation]' passed (0.325 seconds).
Test Case '-[StrandAnalyticsTests.ServerDaySwiftHistoryTests testSerializedWarmGapCanResumeBeforeOrOnResetWithoutAgingExcludedDays]' started.
Test Case '-[StrandAnalyticsTests.ServerDaySwiftHistoryTests testSerializedWarmGapCanResumeBeforeOrOnResetWithoutAgingExcludedDays]' passed (0.267 seconds).
Test Case '-[StrandAnalyticsTests.ServerDaySwiftHistoryTests testSleepHistoryUsesEachStoredTimezoneAtMidpointAcrossDST]' started.
Test Case '-[StrandAnalyticsTests.ServerDaySwiftHistoryTests testSleepHistoryUsesEachStoredTimezoneAtMidpointAcrossDST]' passed (0.119 seconds).
Test Case '-[StrandAnalyticsTests.ServerDaySwiftHistoryTests testSleepNeedLearnsPriorAsleepTimeNotBedtimeAndMatchesActualHelpers]' started.
Test Case '-[StrandAnalyticsTests.ServerDaySwiftHistoryTests testSleepNeedLearnsPriorAsleepTimeNotBedtimeAndMatchesActualHelpers]' passed (0.128 seconds).
Test Case '-[StrandAnalyticsTests.ServerDaySwiftHistoryTests testSourceEraChangeExcludesOldPhysiologySleepAndDebt]' started.
Test Case '-[StrandAnalyticsTests.ServerDaySwiftHistoryTests testSourceEraChangeExcludesOldPhysiologySleepAndDebt]' passed (0.182 seconds).
Test Case '-[StrandAnalyticsTests.ServerDaySwiftHistoryTests testTombstonesForAllKindsDoNotResurrectValues]' started.
Test Case '-[StrandAnalyticsTests.ServerDaySwiftHistoryTests testTombstonesForAllKindsDoNotResurrectValues]' passed (0.000 seconds).
Test Case '-[StrandAnalyticsTests.ServerDaySwiftHistoryTests testTrueZoneRawWindowEdgesKeepSameSecondSiblingsWithoutCanonicalSelectionClaim]' started.
Test Case '-[StrandAnalyticsTests.ServerDaySwiftHistoryTests testTrueZoneRawWindowEdgesKeepSameSecondSiblingsWithoutCanonicalSelectionClaim]' passed (0.000 seconds).
Test Case '-[StrandAnalyticsTests.ServerDaySwiftHistoryTests testUnstagedSleepDoesNotInventHoursOrDebt]' started.
Test Case '-[StrandAnalyticsTests.ServerDaySwiftHistoryTests testUnstagedSleepDoesNotInventHoursOrDebt]' passed (0.002 seconds).
Test Case '-[StrandAnalyticsTests.ServerDaySwiftHistoryTests testWarmGapAcrossResetAgesOnlyEligibleDaysForEachMetricFamily]' started.
Test Case '-[StrandAnalyticsTests.ServerDaySwiftHistoryTests testWarmGapAcrossResetAgesOnlyEligibleDaysForEachMetricFamily]' passed (0.081 seconds).
Test Case '-[StrandAnalyticsTests.ServerDaySwiftHistoryTests testWarmGapIntersectsExactFractionalAndFutureResetEpochsUsingUTCDateKeys]' started.
Test Case '-[StrandAnalyticsTests.ServerDaySwiftHistoryTests testWarmGapIntersectsExactFractionalAndFutureResetEpochsUsingUTCDateKeys]' passed (1.433 seconds).
Test Suite 'ServerDaySwiftHistoryTests' passed at 2026-09-21 23:12:48.467.
	 Executed 29 tests, with 0 failures (0 unexpected) in 13.599 (13.601) seconds
Test Suite 'ServerDaySwiftV3ContextTests' started at 2026-09-21 23:12:48.467.
Test Case '-[StrandAnalyticsTests.ServerDaySwiftV3ContextTests test01StrictAnswersConsentIdentityAndNoPriorDayFill]' started.
Test Case '-[StrandAnalyticsTests.ServerDaySwiftV3ContextTests test01StrictAnswersConsentIdentityAndNoPriorDayFill]' passed (0.279 seconds).
Test Case '-[StrandAnalyticsTests.ServerDaySwiftV3ContextTests test01TombstoneFutureForeignAndImmutablePeriod]' started.
Test Case '-[StrandAnalyticsTests.ServerDaySwiftV3ContextTests test01TombstoneFutureForeignAndImmutablePeriod]' passed (0.140 seconds).
Test Case '-[StrandAnalyticsTests.ServerDaySwiftV3ContextTests test02IndependentOptInsDoNotTurnUnknownIntoNegativeOrHideDaytime]' started.
Test Case '-[StrandAnalyticsTests.ServerDaySwiftV3ContextTests test02IndependentOptInsDoNotTurnUnknownIntoNegativeOrHideDaytime]' passed (6.362 seconds).
Test Case '-[StrandAnalyticsTests.ServerDaySwiftV3ContextTests test03ContextEntryKeepsDismissedMovedManualNapAndSplitIdentities]' started.
Test Case '-[StrandAnalyticsTests.ServerDaySwiftV3ContextTests test03ContextEntryKeepsDismissedMovedManualNapAndSplitIdentities]' passed (7.546 seconds).
Test Case '-[StrandAnalyticsTests.ServerDaySwiftV3ContextTests test03NewSleepEntryEqualsFrozenCompleteResultAndOldGuardStaysStrict]' started.
Test Case '-[StrandAnalyticsTests.ServerDaySwiftV3ContextTests test03NewSleepEntryEqualsFrozenCompleteResultAndOldGuardStaysStrict]' passed (6.081 seconds).
Test Case '-[StrandAnalyticsTests.ServerDaySwiftV3ContextTests test04AllConfoundersUseNativeCopyAndDoNotRewriteDistance]' started.
Test Case '-[StrandAnalyticsTests.ServerDaySwiftV3ContextTests test04AllConfoundersUseNativeCopyAndDoNotRewriteDistance]' passed (96.756 seconds).
Test Case '-[StrandAnalyticsTests.ServerDaySwiftV3ContextTests test04RawHistoryUntimedRRIsNotAnIllnessSignalAndCalendarWindowsStaySeparated]' started.
Test Case '-[StrandAnalyticsTests.ServerDaySwiftV3ContextTests test04RawHistoryUntimedRRIsNotAnIllnessSignalAndCalendarWindowsStaySeparated]' passed (2.236 seconds).
Test Case '-[StrandAnalyticsTests.ServerDaySwiftV3ContextTests test05CurrentAbsenceIndependentResetAndStaleLearningAreNotYesterdayScores]' started.
Test Case '-[StrandAnalyticsTests.ServerDaySwiftV3ContextTests test05CurrentAbsenceIndependentResetAndStaleLearningAreNotYesterdayScores]' passed (11.997 seconds).
Test Case '-[StrandAnalyticsTests.ServerDaySwiftV3ContextTests test05CurrentIneligibleFeatureCannotUnlockYesterdayOnlyVector]' started.
Test Case '-[StrandAnalyticsTests.ServerDaySwiftV3ContextTests test05CurrentIneligibleFeatureCannotUnlockYesterdayOnlyVector]' passed (1.245 seconds).
Test Case '-[StrandAnalyticsTests.ServerDaySwiftV3ContextTests test06DirectNativeThresholdAndIdentityCorrelationControls]' started.
Test Case '-[StrandAnalyticsTests.ServerDaySwiftV3ContextTests test06DirectNativeThresholdAndIdentityCorrelationControls]' passed (0.000 seconds).
Test Case '-[StrandAnalyticsTests.ServerDaySwiftV3ContextTests test07ActualLongHistoryCycleUsesOwnBeforeStatesAndNativeCalendar]' started.
Test Case '-[StrandAnalyticsTests.ServerDaySwiftV3ContextTests test07ActualLongHistoryCycleUsesOwnBeforeStatesAndNativeCalendar]' passed (83.144 seconds).
Test Case '-[StrandAnalyticsTests.ServerDaySwiftV3ContextTests test08CycleResetPreservesObservedChartAndCurrentMissingIsNotCarriedPhase]' started.
Test Case '-[StrandAnalyticsTests.ServerDaySwiftV3ContextTests test08CycleResetPreservesObservedChartAndCurrentMissingIsNotCarriedPhase]' passed (13.076 seconds).
Test Case '-[StrandAnalyticsTests.ServerDaySwiftV3ContextTests test08PeriodsRemainOptionalOwnEventsAndCalendarHolesAreRetained]' started.
Test Case '-[StrandAnalyticsTests.ServerDaySwiftV3ContextTests test08PeriodsRemainOptionalOwnEventsAndCalendarHolesAreRetained]' passed (5.766 seconds).
Test Case '-[StrandAnalyticsTests.ServerDaySwiftV3ContextTests test09EditedPriorThermalRetainsActualResolvedSupport]' started.
Test Case '-[StrandAnalyticsTests.ServerDaySwiftV3ContextTests test09EditedPriorThermalRetainsActualResolvedSupport]' passed (3.613 seconds).
Test Case '-[StrandAnalyticsTests.ServerDaySwiftV3ContextTests test09WHOOP4AdapterMatchesS11CompleteThermalEvidenceAndRebasesRaw]' started.
Test Case '-[StrandAnalyticsTests.ServerDaySwiftV3ContextTests test09WHOOP4AdapterMatchesS11CompleteThermalEvidenceAndRebasesRaw]' passed (15.386 seconds).
Test Case '-[StrandAnalyticsTests.ServerDaySwiftV3ContextTests test10DirectNativeCircadianCoverageConfidenceAndPoolingControls]' started.
Test Case '-[StrandAnalyticsTests.ServerDaySwiftV3ContextTests test10DirectNativeCircadianCoverageConfidenceAndPoolingControls]' passed (0.006 seconds).
Test Case '-[StrandAnalyticsTests.ServerDaySwiftV3ContextTests test11ObservedWakeUsesMainGroupAndNativeFractionalLocalHour]' started.
Test Case '-[StrandAnalyticsTests.ServerDaySwiftV3ContextTests test11ObservedWakeUsesMainGroupAndNativeFractionalLocalHour]' passed (1.639 seconds).
Test Case '-[StrandAnalyticsTests.ServerDaySwiftV3ContextTests test11RawCircadianNoWakeReferenceIsDiagnosticNotObservedOffset]' started.
Test Case '-[StrandAnalyticsTests.ServerDaySwiftV3ContextTests test11RawCircadianNoWakeReferenceIsDiagnosticNotObservedOffset]' passed (9.281 seconds).
Test Case '-[StrandAnalyticsTests.ServerDaySwiftV3ContextTests test12ActivityShadowSustainedAndEmptyCoverageAreNotZeroPlaceholders]' started.
Test Case '-[StrandAnalyticsTests.ServerDaySwiftV3ContextTests test12ActivityShadowSustainedAndEmptyCoverageAreNotZeroPlaceholders]' passed (3.688 seconds).
Test Case '-[StrandAnalyticsTests.ServerDaySwiftV3ContextTests test12DaytimeCountBoundaryModesAndRMSSDGateUseActualNativeCalls]' started.
Test Case '-[StrandAnalyticsTests.ServerDaySwiftV3ContextTests test12DaytimeCountBoundaryModesAndRMSSDGateUseActualNativeCalls]' passed (4.757 seconds).
Test Case '-[StrandAnalyticsTests.ServerDaySwiftV3ContextTests test13CanonicalSelectedRRIdentityTiesAndUnknownFamilyRefusal]' started.
Test Case '-[StrandAnalyticsTests.ServerDaySwiftV3ContextTests test13CanonicalSelectedRRIdentityTiesAndUnknownFamilyRefusal]' passed (1.096 seconds).
Test Case '-[StrandAnalyticsTests.ServerDaySwiftV3ContextTests test13FrequencyAndBaevskyPartialSpanRejectionAndExactNativeComponents]' started.
Test Case '-[StrandAnalyticsTests.ServerDaySwiftV3ContextTests test13FrequencyAndBaevskyPartialSpanRejectionAndExactNativeComponents]' passed (3.021 seconds).
Test Case '-[StrandAnalyticsTests.ServerDaySwiftV3ContextTests test14DSTBucketVectorsOffsetsAndHalfHourTransitionsFromRealStore]' started.
Test Case '-[StrandAnalyticsTests.ServerDaySwiftV3ContextTests test14DSTBucketVectorsOffsetsAndHalfHourTransitionsFromRealStore]' passed (9.126 seconds).
Test Case '-[StrandAnalyticsTests.ServerDaySwiftV3ContextTests test14ExplicitTravelRetainsPriorBucketInstantsAndCurrentZoneLabels]' started.
Test Case '-[StrandAnalyticsTests.ServerDaySwiftV3ContextTests test14ExplicitTravelRetainsPriorBucketInstantsAndCurrentZoneLabels]' passed (4.361 seconds).
Test Case '-[StrandAnalyticsTests.ServerDaySwiftV3ContextTests test15FutureForeignSignalsAndJournalAreRetainedWithoutInfluence]' started.
Test Case '-[StrandAnalyticsTests.ServerDaySwiftV3ContextTests test15FutureForeignSignalsAndJournalAreRetainedWithoutInfluence]' passed (4.497 seconds).
Test Case '-[StrandAnalyticsTests.ServerDaySwiftV3ContextTests test15IndependentColdRawHistoryMatchesOwnWarmRestart]' started.
Test Case '-[StrandAnalyticsTests.ServerDaySwiftV3ContextTests test15IndependentColdRawHistoryMatchesOwnWarmRestart]' passed (20.257 seconds).
Test Case '-[StrandAnalyticsTests.ServerDaySwiftV3ContextTests test15RecurrenceCurrentObservationChangesOnlyAfterAndWarmEqualsCold]' started.
Test Case '-[StrandAnalyticsTests.ServerDaySwiftV3ContextTests test15RecurrenceCurrentObservationChangesOnlyAfterAndWarmEqualsCold]' passed (11.219 seconds).
Test Case '-[StrandAnalyticsTests.ServerDaySwiftV3ContextTests test16AdmissionPreservesFrozenResourceAndClosedDayRefusals]' started.
Test Case '-[StrandAnalyticsTests.ServerDaySwiftV3ContextTests test16AdmissionPreservesFrozenResourceAndClosedDayRefusals]' passed (0.000 seconds).
Test Case '-[StrandAnalyticsTests.ServerDaySwiftV3ContextTests test16CompleteComponentsExactInventoryIndependentStoreAndExternalArtifact]' started.
Test Case '-[StrandAnalyticsTests.ServerDaySwiftV3ContextTests test16CompleteComponentsExactInventoryIndependentStoreAndExternalArtifact]' passed (6.488 seconds).
Test Case '-[StrandAnalyticsTests.ServerDaySwiftV3ContextTests test16OwnLineageRefusesWrongPriorRestartOrderAndDiagnosticDecode]' started.
Test Case '-[StrandAnalyticsTests.ServerDaySwiftV3ContextTests test16OwnLineageRefusesWrongPriorRestartOrderAndDiagnosticDecode]' passed (12.109 seconds).
Test Suite 'ServerDaySwiftV3ContextTests' passed at 2026-09-21 23:18:33.644.
	 Executed 30 tests, with 0 failures (0 unexpected) in 345.174 (345.177) seconds
Test Suite 'ServerDaySwiftV3ContractTests' started at 2026-09-21 23:18:33.644.
Test Case '-[StrandAnalyticsTests.ServerDaySwiftV3ContractTests testExactDSTClosedDayBoundsAndIntradayRefusal]' started.
Test Case '-[StrandAnalyticsTests.ServerDaySwiftV3ContractTests testExactDSTClosedDayBoundsAndIntradayRefusal]' passed (0.000 seconds).
Test Case '-[StrandAnalyticsTests.ServerDaySwiftV3ContractTests testInputRoundTripRetainsNullAbsentBooleanOwnerAndOriginalSource]' started.
Test Case '-[StrandAnalyticsTests.ServerDaySwiftV3ContractTests testInputRoundTripRetainsNullAbsentBooleanOwnerAndOriginalSource]' passed (0.001 seconds).
Test Case '-[StrandAnalyticsTests.ServerDaySwiftV3ContractTests testInvalidJournalPayloadAndDuplicateRawFailClosed]' started.
Test Case '-[StrandAnalyticsTests.ServerDaySwiftV3ContractTests testInvalidJournalPayloadAndDuplicateRawFailClosed]' passed (0.000 seconds).
Test Case '-[StrandAnalyticsTests.ServerDaySwiftV3ContractTests testJournalAsOfAndOwnershipPreserveTombstonesWithoutFutureLeak]' started.
Test Case '-[StrandAnalyticsTests.ServerDaySwiftV3ContractTests testJournalAsOfAndOwnershipPreserveTombstonesWithoutFutureLeak]' passed (0.000 seconds).
Test Case '-[StrandAnalyticsTests.ServerDaySwiftV3ContractTests testStrictUnknownKeysRequiredFieldsTypesSafeIntegersAndNulls]' started.
Test Case '-[StrandAnalyticsTests.ServerDaySwiftV3ContractTests testStrictUnknownKeysRequiredFieldsTypesSafeIntegersAndNulls]' passed (0.003 seconds).
Test Suite 'ServerDaySwiftV3ContractTests' passed at 2026-09-21 23:18:33.649.
	 Executed 5 tests, with 0 failures (0 unexpected) in 0.005 (0.005) seconds
Test Suite 'ServerDaySwiftV3CoreProbeTests' started at 2026-09-21 23:18:33.649.
Test Case '-[StrandAnalyticsTests.ServerDaySwiftV3CoreProbeTests testActualAutomaticDayResultMatchesDirectNativeCallIncludingEveryStoredField]' started.
Test Case '-[StrandAnalyticsTests.ServerDaySwiftV3CoreProbeTests testActualAutomaticDayResultMatchesDirectNativeCallIncludingEveryStoredField]' passed (3.730 seconds).
Test Case '-[StrandAnalyticsTests.ServerDaySwiftV3CoreProbeTests testActualHROnlyFallbackKeepsMeasuredPhysiologyAndMissingRespirationAsNull]' started.
Test Case '-[StrandAnalyticsTests.ServerDaySwiftV3CoreProbeTests testActualHROnlyFallbackKeepsMeasuredPhysiologyAndMissingRespirationAsNull]' passed (1.145 seconds).
Test Case '-[StrandAnalyticsTests.ServerDaySwiftV3CoreProbeTests testDSTTrueZoneIsPassedThroughNativeCoreWithoutFixedOffsetWindow]' started.
Test Case '-[StrandAnalyticsTests.ServerDaySwiftV3CoreProbeTests testDSTTrueZoneIsPassedThroughNativeCoreWithoutFixedOffsetWindow]' passed (1.493 seconds).
Test Case '-[StrandAnalyticsTests.ServerDaySwiftV3CoreProbeTests testFutureSignalsAndJournalDoNotChangeActualOutputOrHistory]' started.
Test Case '-[StrandAnalyticsTests.ServerDaySwiftV3CoreProbeTests testFutureSignalsAndJournalDoNotChangeActualOutputOrHistory]' passed (1.664 seconds).
Test Case '-[StrandAnalyticsTests.ServerDaySwiftV3CoreProbeTests testHistoryLineageCannotUseAbsentOrForeignCaseCheckpoint]' started.
Test Case '-[StrandAnalyticsTests.ServerDaySwiftV3CoreProbeTests testHistoryLineageCannotUseAbsentOrForeignCaseCheckpoint]' passed (0.164 seconds).
Test Case '-[StrandAnalyticsTests.ServerDaySwiftV3CoreProbeTests testProbeWriterAcceptsNewExternalAndRefusesExistingExternalAndSymlink]' started.
Test Case '-[StrandAnalyticsTests.ServerDaySwiftV3CoreProbeTests testProbeWriterAcceptsNewExternalAndRefusesExistingExternalAndSymlink]' passed (0.001 seconds).
Test Case '-[StrandAnalyticsTests.ServerDaySwiftV3CoreProbeTests testProbeWriterRefusesRepositoryAndExistingDestination]' started.
Test Case '-[StrandAnalyticsTests.ServerDaySwiftV3CoreProbeTests testProbeWriterRefusesRepositoryAndExistingDestination]' passed (0.000 seconds).
Test Case '-[StrandAnalyticsTests.ServerDaySwiftV3CoreProbeTests testSelectedWHOOP4ThermalStillRequiresS11]' started.
Test Case '-[StrandAnalyticsTests.ServerDaySwiftV3CoreProbeTests testSelectedWHOOP4ThermalStillRequiresS11]' passed (0.011 seconds).
Test Case '-[StrandAnalyticsTests.ServerDaySwiftV3CoreProbeTests testThreeDayOwnSwiftHistoryIndependentStoresSerializedRestartAndExternalProbe]' started.
Test Case '-[StrandAnalyticsTests.ServerDaySwiftV3CoreProbeTests testThreeDayOwnSwiftHistoryIndependentStoresSerializedRestartAndExternalProbe]' passed (29.939 seconds).
Test Case '-[StrandAnalyticsTests.ServerDaySwiftV3CoreProbeTests testUnsupportedFullCompositionRefusesRatherThanEmitsEmptySections]' started.
Test Case '-[StrandAnalyticsTests.ServerDaySwiftV3CoreProbeTests testUnsupportedFullCompositionRefusesRatherThanEmitsEmptySections]' passed (0.005 seconds).
Test Case '-[StrandAnalyticsTests.ServerDaySwiftV3CoreProbeTests testWHOOP4ForeignDeviceThermalDoesNotChangeCore]' started.
Test Case '-[StrandAnalyticsTests.ServerDaySwiftV3CoreProbeTests testWHOOP4ForeignDeviceThermalDoesNotChangeCore]' passed (0.490 seconds).
Test Case '-[StrandAnalyticsTests.ServerDaySwiftV3CoreProbeTests testWHOOP4ForeignOwnerThermalDoesNotChangeCore]' started.
Test Case '-[StrandAnalyticsTests.ServerDaySwiftV3CoreProbeTests testWHOOP4ForeignOwnerThermalDoesNotChangeCore]' passed (0.358 seconds).
Test Case '-[StrandAnalyticsTests.ServerDaySwiftV3CoreProbeTests testWHOOP4FutureThermalAtExclusiveCutoffDoesNotChangeCore]' started.
Test Case '-[StrandAnalyticsTests.ServerDaySwiftV3CoreProbeTests testWHOOP4FutureThermalAtExclusiveCutoffDoesNotChangeCore]' passed (0.335 seconds).
Test Suite 'ServerDaySwiftV3CoreProbeTests' passed at 2026-09-21 23:19:12.984.
	 Executed 13 tests, with 0 failures (0 unexpected) in 39.334 (39.335) seconds
Test Suite 'ServerDaySwiftV3HistoryTests' started at 2026-09-21 23:19:12.984.
Test Case '-[StrandAnalyticsTests.ServerDaySwiftV3HistoryTests test131ActualRawDaysAndOwnSerializedRestartAfterDay65]' started.
Test Case '-[StrandAnalyticsTests.ServerDaySwiftV3HistoryTests test131ActualRawDaysAndOwnSerializedRestartAfterDay65]' passed (100.811 seconds).
Test Case '-[StrandAnalyticsTests.ServerDaySwiftV3HistoryTests testBoundedRawRecipeActuallyStagesAndMatchesFrozenS10Core]' started.
Test Case '-[StrandAnalyticsTests.ServerDaySwiftV3HistoryTests testBoundedRawRecipeActuallyStagesAndMatchesFrozenS10Core]' passed (0.624 seconds).
Test Case '-[StrandAnalyticsTests.ServerDaySwiftV3HistoryTests testMissingDaysEpochsSourceEraAndEffortChangesKeepColdWarmEqual]' started.
Test Case '-[StrandAnalyticsTests.ServerDaySwiftV3HistoryTests testMissingDaysEpochsSourceEraAndEffortChangesKeepColdWarmEqual]' passed (5.441 seconds).
Test Case '-[StrandAnalyticsTests.ServerDaySwiftV3HistoryTests testOwnRawFutureForeignRowsAndJournalsRetainedButDoNotAffectComputation]' started.
Test Case '-[StrandAnalyticsTests.ServerDaySwiftV3HistoryTests testOwnRawFutureForeignRowsAndJournalsRetainedButDoNotAffectComputation]' passed (0.578 seconds).
Test Case '-[StrandAnalyticsTests.ServerDaySwiftV3HistoryTests testRawCorrectionInvalidatesAndReexecutesBeyond100Days]' started.
Test Case '-[StrandAnalyticsTests.ServerDaySwiftV3HistoryTests testRawCorrectionInvalidatesAndReexecutesBeyond100Days]' passed (77.194 seconds).
Test Case '-[StrandAnalyticsTests.ServerDaySwiftV3HistoryTests testRecordTamperingForeignHistoryAndUnsupportedScopesFailClosed]' started.
Test Case '-[StrandAnalyticsTests.ServerDaySwiftV3HistoryTests testRecordTamperingForeignHistoryAndUnsupportedScopesFailClosed]' passed (0.990 seconds).
Test Suite 'ServerDaySwiftV3HistoryTests' passed at 2026-09-21 23:22:18.622.
	 Executed 6 tests, with 0 failures (0 unexpected) in 185.638 (185.639) seconds
Test Suite 'ServerDaySwiftV3MetricsTests' started at 2026-09-21 23:22:18.623.
Test Case '-[StrandAnalyticsTests.ServerDaySwiftV3MetricsTests test01EmptyNativeComponentsAreExplicitUnknownNotWholeAdmission]' started.
Test Case '-[StrandAnalyticsTests.ServerDaySwiftV3MetricsTests test01EmptyNativeComponentsAreExplicitUnknownNotWholeAdmission]' passed (0.652 seconds).
Test Case '-[StrandAnalyticsTests.ServerDaySwiftV3MetricsTests test02StrictlyPriorStressUsesExtractedNativeFormulaAndNoCarry]' started.
Test Case '-[StrandAnalyticsTests.ServerDaySwiftV3MetricsTests test02StrictlyPriorStressUsesExtractedNativeFormulaAndNoCarry]' passed (150.467 seconds).
Test Case '-[StrandAnalyticsTests.ServerDaySwiftV3MetricsTests test03DescriptiveAndNormativeNeedRemainDistinctWithImportedZero]' started.
Test Case '-[StrandAnalyticsTests.ServerDaySwiftV3MetricsTests test03DescriptiveAndNormativeNeedRemainDistinctWithImportedZero]' passed (3.904 seconds).
Test Case '-[StrandAnalyticsTests.ServerDaySwiftV3MetricsTests test04BedtimeBoundariesDSTTravelAndSaturdayAreNativeCalendarInputs]' started.
Test Case '-[StrandAnalyticsTests.ServerDaySwiftV3MetricsTests test04BedtimeBoundariesDSTTravelAndSaturdayAreNativeCalendarInputs]' passed (0.000 seconds).
Test Case '-[StrandAnalyticsTests.ServerDaySwiftV3MetricsTests test05SleepDetailsUseActualHypnogramMotionAndOriginalIdentity]' started.
Test Case '-[StrandAnalyticsTests.ServerDaySwiftV3MetricsTests test05SleepDetailsUseActualHypnogramMotionAndOriginalIdentity]' passed (2.871 seconds).
Test Case '-[StrandAnalyticsTests.ServerDaySwiftV3MetricsTests test06ChargeEveryNativeVerdictMapsWithoutParsingRoundedValues]' started.
Test Case '-[StrandAnalyticsTests.ServerDaySwiftV3MetricsTests test06ChargeEveryNativeVerdictMapsWithoutParsingRoundedValues]' passed (0.276 seconds).
Test Case '-[StrandAnalyticsTests.ServerDaySwiftV3MetricsTests test07ReadinessActualCalendarTokensAndLoadEvidence]' started.
Test Case '-[StrandAnalyticsTests.ServerDaySwiftV3MetricsTests test07ReadinessActualCalendarTokensAndLoadEvidence]' passed (0.005 seconds).
Test Case '-[StrandAnalyticsTests.ServerDaySwiftV3MetricsTests test08NativeLoadFortyTwoDayAndIndependentResetAdmission]' started.
Test Case '-[StrandAnalyticsTests.ServerDaySwiftV3MetricsTests test08NativeLoadFortyTwoDayAndIndependentResetAdmission]' passed (3.679 seconds).
Test Case '-[StrandAnalyticsTests.ServerDaySwiftV3MetricsTests test09FitnessVitalityMissingWaistAndActualSevenSlots]' started.
Test Case '-[StrandAnalyticsTests.ServerDaySwiftV3MetricsTests test09FitnessVitalityMissingWaistAndActualSevenSlots]' passed (0.000 seconds).
Test Case '-[StrandAnalyticsTests.ServerDaySwiftV3MetricsTests test10DisplayCustomZonesAndManualStepFitLeaveBasePhysiologyUnchanged]' started.
Test Case '-[StrandAnalyticsTests.ServerDaySwiftV3MetricsTests test10DisplayCustomZonesAndManualStepFitLeaveBasePhysiologyUnchanged]' passed (3.822 seconds).
Test Case '-[StrandAnalyticsTests.ServerDaySwiftV3MetricsTests test11CalibrationUsesOnlyActualOwnPriorMotionAndPhoneMeasurements]' started.
Test Case '-[StrandAnalyticsTests.ServerDaySwiftV3MetricsTests test11CalibrationUsesOnlyActualOwnPriorMotionAndPhoneMeasurements]' passed (0.000 seconds).
Test Case '-[StrandAnalyticsTests.ServerDaySwiftV3MetricsTests test12AllOrdinaryImportsPriorityNullZeroConsentAndTombstone]' started.
Test Case '-[StrandAnalyticsTests.ServerDaySwiftV3MetricsTests test12AllOrdinaryImportsPriorityNullZeroConsentAndTombstone]' passed (0.541 seconds).
Test Case '-[StrandAnalyticsTests.ServerDaySwiftV3MetricsTests test13AllMiNineAndStrictCrossSourceUnknownZeroRangeRejections]' started.
Test Case '-[StrandAnalyticsTests.ServerDaySwiftV3MetricsTests test13AllMiNineAndStrictCrossSourceUnknownZeroRangeRejections]' passed (0.541 seconds).
Test Case '-[StrandAnalyticsTests.ServerDaySwiftV3MetricsTests test18CompleteMetadataNullChartsAndRejectedVocabulary]' started.
Test Case '-[StrandAnalyticsTests.ServerDaySwiftV3MetricsTests test18CompleteMetadataNullChartsAndRejectedVocabulary]' passed (0.659 seconds).
Test Case '-[StrandAnalyticsTests.ServerDaySwiftV3MetricsTests test19RetainedForeignFutureAndOwnExecutionLineageRefuseReportSubstitution]' started.
Test Case '-[StrandAnalyticsTests.ServerDaySwiftV3MetricsTests test19RetainedForeignFutureAndOwnExecutionLineageRefuseReportSubstitution]' passed (1.341 seconds).
Test Case '-[StrandAnalyticsTests.ServerDaySwiftV3MetricsTests test20ExternalDiagnosticOnlyArtifactAndNoElevationWireInvention]' started.
Test Case '-[StrandAnalyticsTests.ServerDaySwiftV3MetricsTests test20ExternalDiagnosticOnlyArtifactAndNoElevationWireInvention]' passed (5.813 seconds).
Test Case '-[StrandAnalyticsTests.ServerDaySwiftV3MetricsTests testP2CycleHistoryLoadsMatchPublishedStrainAndKeepResetMethodFences]' started.
Test Case '-[StrandAnalyticsTests.ServerDaySwiftV3MetricsTests testP2CycleHistoryLoadsMatchPublishedStrainAndKeepResetMethodFences]' passed (124.540 seconds).
Test Case '-[StrandAnalyticsTests.ServerDaySwiftV3MetricsTests testP2EmptyTargetDoesNotCarryConsistencyButExplicitImportsStillWin]' started.
Test Case '-[StrandAnalyticsTests.ServerDaySwiftV3MetricsTests testP2EmptyTargetDoesNotCarryConsistencyButExplicitImportsStillWin]' passed (10.204 seconds).
Test Case '-[StrandAnalyticsTests.ServerDaySwiftV3MetricsTests testP2FullExecutionPreservesEveryRetainedForeignInt64Revision]' started.
Test Case '-[StrandAnalyticsTests.ServerDaySwiftV3MetricsTests testP2FullExecutionPreservesEveryRetainedForeignInt64Revision]' passed (0.890 seconds).
Test Suite 'ServerDaySwiftV3MetricsTests' passed at 2026-09-21 23:27:28.833.
	 Executed 19 tests, with 0 failures (0 unexpected) in 310.209 (310.211) seconds
Test Suite 'ServerDaySwiftV3SelectionTests' started at 2026-09-21 23:27:28.833.
Test Case '-[StrandAnalyticsTests.ServerDaySwiftV3SelectionTests testActualSwiftDerivedPPGAndProvenanceSurviveStoreWithoutCreatingMeasuredHR]' started.
Test Case '-[StrandAnalyticsTests.ServerDaySwiftV3SelectionTests testActualSwiftDerivedPPGAndProvenanceSurviveStoreWithoutCreatingMeasuredHR]' passed (0.017 seconds).
Test Case '-[StrandAnalyticsTests.ServerDaySwiftV3SelectionTests testChannel7FallbackAnd6OnlyStrictEmptyRemainDistinctFromLegacy]' started.
Test Case '-[StrandAnalyticsTests.ServerDaySwiftV3SelectionTests testChannel7FallbackAnd6OnlyStrictEmptyRemainDistinctFromLegacy]' passed (0.040 seconds).
Test Case '-[StrandAnalyticsTests.ServerDaySwiftV3SelectionTests testConflictingPhysicalPrimaryKeyIsNotSilentlyOverwritten]' started.
Test Case '-[StrandAnalyticsTests.ServerDaySwiftV3SelectionTests testConflictingPhysicalPrimaryKeyIsNotSilentlyOverwritten]' passed (0.010 seconds).
Test Case '-[StrandAnalyticsTests.ServerDaySwiftV3SelectionTests testContradictoryKnownRegistryLabelsFailBeforeAnyDataIsSeeded]' started.
Test Case '-[StrandAnalyticsTests.ServerDaySwiftV3SelectionTests testContradictoryKnownRegistryLabelsFailBeforeAnyDataIsSeeded]' passed (0.000 seconds).
Test Case '-[StrandAnalyticsTests.ServerDaySwiftV3SelectionTests testExplicitUnknownStringDoesNotBecomeNullFamilyAndKeepsBothRows]' started.
Test Case '-[StrandAnalyticsTests.ServerDaySwiftV3SelectionTests testExplicitUnknownStringDoesNotBecomeNullFamilyAndKeepsBothRows]' passed (0.010 seconds).
Test Case '-[StrandAnalyticsTests.ServerDaySwiftV3SelectionTests testHistoricalStepPredecessorAndInclusiveNightEdgesButSeparateDayMembership]' started.
Test Case '-[StrandAnalyticsTests.ServerDaySwiftV3SelectionTests testHistoricalStepPredecessorAndInclusiveNightEdgesButSeparateDayMembership]' passed (0.010 seconds).
Test Case '-[StrandAnalyticsTests.ServerDaySwiftV3SelectionTests testInvalidNearestPredecessorDoesNotRescueOlderCounter]' started.
Test Case '-[StrandAnalyticsTests.ServerDaySwiftV3SelectionTests testInvalidNearestPredecessorDoesNotRescueOlderCounter]' passed (0.010 seconds).
Test Case '-[StrandAnalyticsTests.ServerDaySwiftV3SelectionTests testInvalidScalarProvenanceAndDecodedRawMismatchAreRetainedButNotSelected]' started.
Test Case '-[StrandAnalyticsTests.ServerDaySwiftV3SelectionTests testInvalidScalarProvenanceAndDecodedRawMismatchAreRetainedButNotSelected]' passed (0.011 seconds).
Test Case '-[StrandAnalyticsTests.ServerDaySwiftV3SelectionTests testKnownFamiliesUseActualStoreAndStored2IsNotWire110]' started.
Test Case '-[StrandAnalyticsTests.ServerDaySwiftV3SelectionTests testKnownFamiliesUseActualStoreAndStored2IsNotWire110]' passed (0.021 seconds).
Test Case '-[StrandAnalyticsTests.ServerDaySwiftV3SelectionTests testMeasuredHRIsNotReplacedByDerivedPPGAndActualStoreReadMatches]' started.
Test Case '-[StrandAnalyticsTests.ServerDaySwiftV3SelectionTests testMeasuredHRIsNotReplacedByDerivedPPGAndActualStoreReadMatches]' passed (0.010 seconds).
Test Case '-[StrandAnalyticsTests.ServerDaySwiftV3SelectionTests testNativeStoreRejectsMissingConfidenceWithoutInventingLegacyMetadata]' started.
Test Case '-[StrandAnalyticsTests.ServerDaySwiftV3SelectionTests testNativeStoreRejectsMissingConfidenceWithoutInventingLegacyMetadata]' passed (0.016 seconds).
Test Case '-[StrandAnalyticsTests.ServerDaySwiftV3SelectionTests testOriginalProvenanceRoundTripsAndFutureInputWindowIsRejectedWithoutDeletion]' started.
Test Case '-[StrandAnalyticsTests.ServerDaySwiftV3SelectionTests testOriginalProvenanceRoundTripsAndFutureInputWindowIsRejectedWithoutDeletion]' passed (0.010 seconds).
Test Case '-[StrandAnalyticsTests.ServerDaySwiftV3SelectionTests testRealRowidsOrdinalTieOrderingAndOwnerDeviceIsolation]' started.
Test Case '-[StrandAnalyticsTests.ServerDaySwiftV3SelectionTests testRealRowidsOrdinalTieOrderingAndOwnerDeviceIsolation]' passed (0.019 seconds).
Test Case '-[StrandAnalyticsTests.ServerDaySwiftV3SelectionTests testScalarUnitsAndEventsUseActualStoreValuesWithoutThermalCompositionClaim]' started.
Test Case '-[StrandAnalyticsTests.ServerDaySwiftV3SelectionTests testScalarUnitsAndEventsUseActualStoreValuesWithoutThermalCompositionClaim]' passed (0.010 seconds).
Test Case '-[StrandAnalyticsTests.ServerDaySwiftV3SelectionTests testUnknownFamilyFutureAndSuspectEvidencePreservesShippedStoreDisagreement]' started.
Test Case '-[StrandAnalyticsTests.ServerDaySwiftV3SelectionTests testUnknownFamilyFutureAndSuspectEvidencePreservesShippedStoreDisagreement]' passed (0.020 seconds).
Test Suite 'ServerDaySwiftV3SelectionTests' passed at 2026-09-21 23:27:29.047.
	 Executed 15 tests, with 0 failures (0 unexpected) in 0.213 (0.214) seconds
Test Suite 'ServerDaySwiftV3SleepCycleTests' started at 2026-09-21 23:27:29.047.
Test Case '-[StrandAnalyticsTests.ServerDaySwiftV3SleepCycleTests testActualAutomaticV1V2PositiveAndCompleteNoEditResultIsUnchanged]' started.
Test Case '-[StrandAnalyticsTests.ServerDaySwiftV3SleepCycleTests testActualAutomaticV1V2PositiveAndCompleteNoEditResultIsUnchanged]' passed (2.987 seconds).
Test Case '-[StrandAnalyticsTests.ServerDaySwiftV3SleepCycleTests testBoundsOnlyEditUsesActualNativeRestagingAndPreservesEverySelectedID]' started.
Test Case '-[StrandAnalyticsTests.ServerDaySwiftV3SleepCycleTests testBoundsOnlyEditUsesActualNativeRestagingAndPreservesEverySelectedID]' passed (0.837 seconds).
Test Case '-[StrandAnalyticsTests.ServerDaySwiftV3SleepCycleTests testClosedCalendarDSTAndNonHourTravelUsesDNotEmptyNextDay]' started.
Test Case '-[StrandAnalyticsTests.ServerDaySwiftV3SleepCycleTests testClosedCalendarDSTAndNonHourTravelUsesDNotEmptyNextDay]' passed (2.161 seconds).
Test Case '-[StrandAnalyticsTests.ServerDaySwiftV3SleepCycleTests testColdFallbackNoFutureBoundaryAndForeignPriorIsRejected]' started.
Test Case '-[StrandAnalyticsTests.ServerDaySwiftV3SleepCycleTests testColdFallbackNoFutureBoundaryAndForeignPriorIsRejected]' passed (1.145 seconds).
Test Case '-[StrandAnalyticsTests.ServerDaySwiftV3SleepCycleTests testCycleCounterRolloverResetActivityRateAndPageSplittingUseActualNativeCounter]' started.
Test Case '-[StrandAnalyticsTests.ServerDaySwiftV3SleepCycleTests testCycleCounterRolloverResetActivityRateAndPageSplittingUseActualNativeCounter]' passed (0.459 seconds).
Test Case '-[StrandAnalyticsTests.ServerDaySwiftV3SleepCycleTests testCycleEvidenceExportsDiagnosticsButCannotDecodeAnExecutionPrior]' started.
Test Case '-[StrandAnalyticsTests.ServerDaySwiftV3SleepCycleTests testCycleEvidenceExportsDiagnosticsButCannotDecodeAnExecutionPrior]' passed (1.177 seconds).
Test Case '-[StrandAnalyticsTests.ServerDaySwiftV3SleepCycleTests testCycleQueriesRetainedOutsideNightRowsExplicitlyAndReportsUnobservedSpan]' started.
Test Case '-[StrandAnalyticsTests.ServerDaySwiftV3SleepCycleTests testCycleQueriesRetainedOutsideNightRowsExplicitlyAndReportsUnobservedSpan]' passed (0.879 seconds).
Test Case '-[StrandAnalyticsTests.ServerDaySwiftV3SleepCycleTests testDismissAllHasPositiveControlTombstoneRestoresAndMovedOffDayCannotResurrect]' started.
Test Case '-[StrandAnalyticsTests.ServerDaySwiftV3SleepCycleTests testDismissAllHasPositiveControlTombstoneRestoresAndMovedOffDayCannotResurrect]' passed (1.483 seconds).
Test Case '-[StrandAnalyticsTests.ServerDaySwiftV3SleepCycleTests testEditedWHOOP4RetainsActualThermalAnchorAndNativeFunnel]' started.
Test Case '-[StrandAnalyticsTests.ServerDaySwiftV3SleepCycleTests testEditedWHOOP4RetainsActualThermalAnchorAndNativeFunnel]' passed (0.385 seconds).
Test Case '-[StrandAnalyticsTests.ServerDaySwiftV3SleepCycleTests testExplicitNapAndSplitNightKeepOriginalIndicesAndMainBoundaryID]' started.
Test Case '-[StrandAnalyticsTests.ServerDaySwiftV3SleepCycleTests testExplicitNapAndSplitNightKeepOriginalIndicesAndMainBoundaryID]' passed (0.477 seconds).
Test Case '-[StrandAnalyticsTests.ServerDaySwiftV3SleepCycleTests testHRSingleSourceActualPhysiologyAndUnsupportedScopesRemainExplicit]' started.
Test Case '-[StrandAnalyticsTests.ServerDaySwiftV3SleepCycleTests testHRSingleSourceActualPhysiologyAndUnsupportedScopesRemainExplicit]' passed (2.239 seconds).
Test Case '-[StrandAnalyticsTests.ServerDaySwiftV3SleepCycleTests testIndependentStoreRepeatabilitySourceInventoryAndImmutableHistoricalManifests]' started.
Test Case '-[StrandAnalyticsTests.ServerDaySwiftV3SleepCycleTests testIndependentStoreRepeatabilitySourceInventoryAndImmutableHistoricalManifests]' passed (1.190 seconds).
Test Case '-[StrandAnalyticsTests.ServerDaySwiftV3SleepCycleTests testInvalidActivityAndFutureProvenanceAreRetainedNotUsedAsCounterPredecessor]' started.
Test Case '-[StrandAnalyticsTests.ServerDaySwiftV3SleepCycleTests testInvalidActivityAndFutureProvenanceAreRetainedNotUsedAsCounterPredecessor]' passed (0.439 seconds).
Test Case '-[StrandAnalyticsTests.ServerDaySwiftV3SleepCycleTests testLatestRevisionMovesBackwardForeignFutureRowsAreRetainedAndIDsStayStable]' started.
Test Case '-[StrandAnalyticsTests.ServerDaySwiftV3SleepCycleTests testLatestRevisionMovesBackwardForeignFutureRowsAreRetainedAndIDsStayStable]' passed (0.283 seconds).
Test Case '-[StrandAnalyticsTests.ServerDaySwiftV3SleepCycleTests testNativeEighteenOClockNapAndExplicitNapDoNotCreateCycleBoundaries]' started.
Test Case '-[StrandAnalyticsTests.ServerDaySwiftV3SleepCycleTests testNativeEighteenOClockNapAndExplicitNapDoNotCreateCycleBoundaries]' passed (0.924 seconds).
Test Case '-[StrandAnalyticsTests.ServerDaySwiftV3SleepCycleTests testNativeEnergyStrainUseExactCycleIntervalNoFutureAndNoEmptyZeroClaim]' started.
Test Case '-[StrandAnalyticsTests.ServerDaySwiftV3SleepCycleTests testNativeEnergyStrainUseExactCycleIntervalNoFutureAndNoEmptyZeroClaim]' passed (2.652 seconds).
Test Case '-[StrandAnalyticsTests.ServerDaySwiftV3SleepCycleTests testOneSecondOverlapTouchingNoOverlapAndLosingOriginalSuppression]' started.
Test Case '-[StrandAnalyticsTests.ServerDaySwiftV3SleepCycleTests testOneSecondOverlapTouchingNoOverlapAndLosingOriginalSuppression]' passed (0.276 seconds).
Test Case '-[StrandAnalyticsTests.ServerDaySwiftV3SleepCycleTests testOtherDisplayDayUnavailableAndNative18And40HourSyntheticBoundaries]' started.
Test Case '-[StrandAnalyticsTests.ServerDaySwiftV3SleepCycleTests testOtherDisplayDayUnavailableAndNative18And40HourSyntheticBoundaries]' passed (1.416 seconds).
Test Case '-[StrandAnalyticsTests.ServerDaySwiftV3SleepCycleTests testPresenceThresholdsUsePositiveHRAndGravityWithoutInventingValidity]' started.
Test Case '-[StrandAnalyticsTests.ServerDaySwiftV3SleepCycleTests testPresenceThresholdsUsePositiveHRAndGravityWithoutInventingValidity]' passed (1.387 seconds).
Test Case '-[StrandAnalyticsTests.ServerDaySwiftV3SleepCycleTests testRealStoreNearestCounterInvalidDoesNotRescueOlderAndRowsRemainOwned]' started.
Test Case '-[StrandAnalyticsTests.ServerDaySwiftV3SleepCycleTests testRealStoreNearestCounterInvalidDoesNotRescueOlderAndRowsRemainOwned]' passed (0.439 seconds).
Test Case '-[StrandAnalyticsTests.ServerDaySwiftV3SleepCycleTests testSparseNativeStagingRetainsHolesAndEmptyFallbackIsNotObservation]' started.
Test Case '-[StrandAnalyticsTests.ServerDaySwiftV3SleepCycleTests testSparseNativeStagingRetainsHolesAndEmptyFallbackIsNotObservation]' passed (1.112 seconds).
Test Case '-[StrandAnalyticsTests.ServerDaySwiftV3SleepCycleTests testStrictPayloadRejectsBoundsStageOverlapExtraPhysiologyAndAnchorMutation]' started.
Test Case '-[StrandAnalyticsTests.ServerDaySwiftV3SleepCycleTests testStrictPayloadRejectsBoundsStageOverlapExtraPhysiologyAndAnchorMutation]' passed (0.000 seconds).
Test Case '-[StrandAnalyticsTests.ServerDaySwiftV3SleepCycleTests testSuppliedStagesAreUnmaskedAndNullOmissionAndEmptyAreDistinct]' started.
Test Case '-[StrandAnalyticsTests.ServerDaySwiftV3SleepCycleTests testSuppliedStagesAreUnmaskedAndNullOmissionAndEmptyAreDistinct]' passed (0.836 seconds).
Test Case '-[StrandAnalyticsTests.ServerDaySwiftV3SleepCycleTests testUndoRevisionKeepsEditIDAndOriginalAnchorsAcrossMovedBounds]' started.
Test Case '-[StrandAnalyticsTests.ServerDaySwiftV3SleepCycleTests testUndoRevisionKeepsEditIDAndOriginalAnchorsAcrossMovedBounds]' passed (1.422 seconds).
Test Case '-[StrandAnalyticsTests.ServerDaySwiftV3SleepCycleTests testUnknownFamilySelectionDisagreementIsPreservedAndNotRelabelledForComposition]' started.
Test Case '-[StrandAnalyticsTests.ServerDaySwiftV3SleepCycleTests testUnknownFamilySelectionDisagreementIsPreservedAndNotRelabelledForComposition]' passed (0.020 seconds).
Test Suite 'ServerDaySwiftV3SleepCycleTests' passed at 2026-09-21 23:27:55.674.
	 Executed 25 tests, with 0 failures (0 unexpected) in 26.624 (26.627) seconds
Test Suite 'ServerDaySwiftV3ThermalTests' started at 2026-09-21 23:27:55.674.
Test Case '-[StrandAnalyticsTests.ServerDaySwiftV3ThermalTests test32RawWHOOP4DaysSlidingAnchorAndOwnSerializedRestart]' started.
Test Case '-[StrandAnalyticsTests.ServerDaySwiftV3ThermalTests test32RawWHOOP4DaysSlidingAnchorAndOwnSerializedRestart]' passed (41.579 seconds).
Test Case '-[StrandAnalyticsTests.ServerDaySwiftV3ThermalTests testActualAutomaticNight299Versus300KeptUsesNativeFloor]' started.
Test Case '-[StrandAnalyticsTests.ServerDaySwiftV3ThermalTests testActualAutomaticNight299Versus300KeptUsesNativeFloor]' passed (0.626 seconds).
Test Case '-[StrandAnalyticsTests.ServerDaySwiftV3ThermalTests testActualDSTNightsColdWarmRestartAndTravelRetainOriginalZone]' started.
Test Case '-[StrandAnalyticsTests.ServerDaySwiftV3ThermalTests testActualDSTNightsColdWarmRestartAndTravelRetainOriginalZone]' passed (5.276 seconds).
Test Case '-[StrandAnalyticsTests.ServerDaySwiftV3ThermalTests testChangingAnchorReexecutesRawPriorNightAndMayDropOrRestoreMean]' started.
Test Case '-[StrandAnalyticsTests.ServerDaySwiftV3ThermalTests testChangingAnchorReexecutesRawPriorNightAndMayDropOrRestoreMean]' passed (2.368 seconds).
Test Case '-[StrandAnalyticsTests.ServerDaySwiftV3ThermalTests testNativeAnchor99And100InBandThresholdAndOriginalRowids]' started.
Test Case '-[StrandAnalyticsTests.ServerDaySwiftV3ThermalTests testNativeAnchor99And100InBandThresholdAndOriginalRowids]' passed (0.021 seconds).
Test Case '-[StrandAnalyticsTests.ServerDaySwiftV3ThermalTests testNoConcurrentHRAndOutOfBandSamplesRemainRawWithoutInventingTemperature]' started.
Test Case '-[StrandAnalyticsTests.ServerDaySwiftV3ThermalTests testNoConcurrentHRAndOutOfBandSamplesRemainRawWithoutInventingTemperature]' passed (0.874 seconds).
Test Case '-[StrandAnalyticsTests.ServerDaySwiftV3ThermalTests testThermalRefoldHonorsRecoveryEpochEraAndMissingCalendarDays]' started.
Test Case '-[StrandAnalyticsTests.ServerDaySwiftV3ThermalTests testThermalRefoldHonorsRecoveryEpochEraAndMissingCalendarDays]' passed (3.230 seconds).
Test Case '-[StrandAnalyticsTests.ServerDaySwiftV3ThermalTests testTrueZone21DaySelectionAcrossFullAndHalfHourDSTRetainsRejectedRows]' started.
Test Case '-[StrandAnalyticsTests.ServerDaySwiftV3ThermalTests testTrueZone21DaySelectionAcrossFullAndHalfHourDSTRetainsRejectedRows]' passed (0.078 seconds).
Test Case '-[StrandAnalyticsTests.ServerDaySwiftV3ThermalTests testWHOOP5CentidegreesRemainS10ExactAndDoNotLearnAnAnchor]' started.
Test Case '-[StrandAnalyticsTests.ServerDaySwiftV3ThermalTests testWHOOP5CentidegreesRemainS10ExactAndDoNotLearnAnAnchor]' passed (0.514 seconds).
Test Suite 'ServerDaySwiftV3ThermalTests' passed at 2026-09-21 23:28:50.240.
	 Executed 9 tests, with 0 failures (0 unexpected) in 54.565 (54.566) seconds
Test Suite 'ServerDaySwiftV3WorkoutsTests' started at 2026-09-21 23:28:50.240.
Test Case '-[StrandAnalyticsTests.ServerDaySwiftV3WorkoutsTests test00TypedOutputKeepsNestedNilMembersDistinctFromObservedZero]' started.
Test Case '-[StrandAnalyticsTests.ServerDaySwiftV3WorkoutsTests test00TypedOutputKeepsNestedNilMembersDistinctFromObservedZero]' passed (0.543 seconds).
Test Case '-[StrandAnalyticsTests.ServerDaySwiftV3WorkoutsTests test00TypedOutputRetainsInt64JournalRevisionsAndOriginalRowOrder]' started.
Test Case '-[StrandAnalyticsTests.ServerDaySwiftV3WorkoutsTests test00TypedOutputRetainsInt64JournalRevisionsAndOriginalRowOrder]' passed (0.533 seconds).
Test Case '-[StrandAnalyticsTests.ServerDaySwiftV3WorkoutsTests test14AutomaticAndExplicitManualUseActualNativePhysiology]' started.
Test Case '-[StrandAnalyticsTests.ServerDaySwiftV3WorkoutsTests test14AutomaticAndExplicitManualUseActualNativePhysiology]' passed (5.758 seconds).
Test Case '-[StrandAnalyticsTests.ServerDaySwiftV3WorkoutsTests test14LegacyLatestUploadOwnershipAndExplicitJournalPrecedence]' started.
Test Case '-[StrandAnalyticsTests.ServerDaySwiftV3WorkoutsTests test14LegacyLatestUploadOwnershipAndExplicitJournalPrecedence]' passed (5.529 seconds).
Test Case '-[StrandAnalyticsTests.ServerDaySwiftV3WorkoutsTests test14MoveDismissTouchOverlapAndImmutableOriginal]' started.
Test Case '-[StrandAnalyticsTests.ServerDaySwiftV3WorkoutsTests test14MoveDismissTouchOverlapAndImmutableOriginal]' passed (8.273 seconds).
Test Case '-[StrandAnalyticsTests.ServerDaySwiftV3WorkoutsTests test15NativeCaloriesHRRAndObservedSixtySecondBuckets]' started.
Test Case '-[StrandAnalyticsTests.ServerDaySwiftV3WorkoutsTests test15NativeCaloriesHRRAndObservedSixtySecondBuckets]' passed (4.128 seconds).
Test Case '-[StrandAnalyticsTests.ServerDaySwiftV3WorkoutsTests test16InclusiveOnFootActualCounterAndNoPedometerFallback]' started.
Test Case '-[StrandAnalyticsTests.ServerDaySwiftV3WorkoutsTests test16InclusiveOnFootActualCounterAndNoPedometerFallback]' passed (6.332 seconds).
Test Case '-[StrandAnalyticsTests.ServerDaySwiftV3WorkoutsTests test17ActualActivityCostFourEightSessionsAndNoTomorrow]' started.
Test Case '-[StrandAnalyticsTests.ServerDaySwiftV3WorkoutsTests test17ActualActivityCostFourEightSessionsAndNoTomorrow]' passed (0.003 seconds).
Test Case '-[StrandAnalyticsTests.ServerDaySwiftV3WorkoutsTests test20FutureAndUnsupportedCachedPhysiologyElevationAreNotInputs]' started.
Test Case '-[StrandAnalyticsTests.ServerDaySwiftV3WorkoutsTests test20FutureAndUnsupportedCachedPhysiologyElevationAreNotInputs]' passed (0.652 seconds).
Test Case '-[StrandAnalyticsTests.ServerDaySwiftV3WorkoutsTests testP2AdmittedMaxHROverrideAndRevisionReachDisplayAndManualNativeRescore]' started.
Test Case '-[StrandAnalyticsTests.ServerDaySwiftV3WorkoutsTests testP2AdmittedMaxHROverrideAndRevisionReachDisplayAndManualNativeRescore]' passed (6.127 seconds).
Test Case '-[StrandAnalyticsTests.ServerDaySwiftV3WorkoutsTests testP2AutomaticDetectionIncludesPreviousEveningAndRetainsExcludedRows]' started.
Test Case '-[StrandAnalyticsTests.ServerDaySwiftV3WorkoutsTests testP2AutomaticDetectionIncludesPreviousEveningAndRetainsExcludedRows]' passed (7.960 seconds).
Test Case '-[StrandAnalyticsTests.ServerDaySwiftV3WorkoutsTests testP2AutomaticDetectionUsesSleepOnsetWindowNotCalendarBouts]' started.
Test Case '-[StrandAnalyticsTests.ServerDaySwiftV3WorkoutsTests testP2AutomaticDetectionUsesSleepOnsetWindowNotCalendarBouts]' passed (7.543 seconds).
Test Case '-[StrandAnalyticsTests.ServerDaySwiftV3WorkoutsTests testP2OtherDisplayDayCannotPublishCalendarAutomaticWorkouts]' started.
Test Case '-[StrandAnalyticsTests.ServerDaySwiftV3WorkoutsTests testP2OtherDisplayDayCannotPublishCalendarAutomaticWorkouts]' passed (5.018 seconds).
Test Suite 'ServerDaySwiftV3WorkoutsTests' passed at 2026-09-21 23:29:48.640.
	 Executed 13 tests, with 0 failures (0 unexpected) in 58.399 (58.400) seconds
Test Suite 'SessionHeldSuffixTests' started at 2026-09-21 23:29:48.640.
Test Case '-[StrandAnalyticsTests.SessionHeldSuffixTests testAHeldSessionReportsItsLengthToATenth]' started.
Test Case '-[StrandAnalyticsTests.SessionHeldSuffixTests testAHeldSessionReportsItsLengthToATenth]' passed (0.000 seconds).
Test Case '-[StrandAnalyticsTests.SessionHeldSuffixTests testAnInstantDropIsStillReported]' started.
Test Case '-[StrandAnalyticsTests.SessionHeldSuffixTests testAnInstantDropIsStillReported]' passed (0.000 seconds).
Test Case '-[StrandAnalyticsTests.SessionHeldSuffixTests testAnUnknownStartAddsNothing]' started.
Test Case '-[StrandAnalyticsTests.SessionHeldSuffixTests testAnUnknownStartAddsNothing]' passed (0.000 seconds).
Test Case '-[StrandAnalyticsTests.SessionHeldSuffixTests testHalfTiesRoundUpToTheNextTenth]' started.
Test Case '-[StrandAnalyticsTests.SessionHeldSuffixTests testHalfTiesRoundUpToTheNextTenth]' passed (0.000 seconds).
Test Suite 'SessionHeldSuffixTests' passed at 2026-09-21 23:29:48.641.
	 Executed 4 tests, with 0 failures (0 unexpected) in 0.000 (0.001) seconds
Test Suite 'SkinTempAnalyticsTests' started at 2026-09-21 23:29:48.641.
Test Case '-[StrandAnalyticsTests.SkinTempAnalyticsTests testAtSeedUsableElevationShowsPositiveDeviation]' started.
Test Case '-[StrandAnalyticsTests.SkinTempAnalyticsTests testAtSeedUsableElevationShowsPositiveDeviation]' passed (0.001 seconds).
Test Case '-[StrandAnalyticsTests.SkinTempAnalyticsTests testBelowMinSamplesIsNil]' started.
Test Case '-[StrandAnalyticsTests.SkinTempAnalyticsTests testBelowMinSamplesIsNil]' passed (0.000 seconds).
Test Case '-[StrandAnalyticsTests.SkinTempAnalyticsTests testColdStartBelowSeedBaselineNotUsable]' started.
Test Case '-[StrandAnalyticsTests.SkinTempAnalyticsTests testColdStartBelowSeedBaselineNotUsable]' passed (0.001 seconds).
Test Case '-[StrandAnalyticsTests.SkinTempAnalyticsTests testDefaultToleranceIsExactMatchByteIdentical]' started.
Test Case '-[StrandAnalyticsTests.SkinTempAnalyticsTests testDefaultToleranceIsExactMatchByteIdentical]' passed (0.000 seconds).
Test Case '-[StrandAnalyticsTests.SkinTempAnalyticsTests testDeviationPreservedAcrossNightsWithSameAnchor]' started.
Test Case '-[StrandAnalyticsTests.SkinTempAnalyticsTests testDeviationPreservedAcrossNightsWithSameAnchor]' passed (0.000 seconds).
Test Case '-[StrandAnalyticsTests.SkinTempAnalyticsTests testEmptyInputsAreNil]' started.
Test Case '-[StrandAnalyticsTests.SkinTempAnalyticsTests testEmptyInputsAreNil]' passed (0.000 seconds).
Test Case '-[StrandAnalyticsTests.SkinTempAnalyticsTests testExcludesDaytimeSamplesOutsideTheSleepSession]' started.
Test Case '-[StrandAnalyticsTests.SkinTempAnalyticsTests testExcludesDaytimeSamplesOutsideTheSleepSession]' passed (0.000 seconds).
Test Case '-[StrandAnalyticsTests.SkinTempAnalyticsTests testExcludesOnChargerAmbientEvenInBed]' started.
Test Case '-[StrandAnalyticsTests.SkinTempAnalyticsTests testExcludesOnChargerAmbientEvenInBed]' passed (0.000 seconds).
Test Case '-[StrandAnalyticsTests.SkinTempAnalyticsTests testExcludesSamplesWithoutConcurrentWornHr]' started.
Test Case '-[StrandAnalyticsTests.SkinTempAnalyticsTests testExcludesSamplesWithoutConcurrentWornHr]' passed (0.000 seconds).
Test Case '-[StrandAnalyticsTests.SkinTempAnalyticsTests testFunnelAllNotWornExplainsAbsence]' started.
Test Case '-[StrandAnalyticsTests.SkinTempAnalyticsTests testFunnelAllNotWornExplainsAbsence]' passed (0.000 seconds).
Test Case '-[StrandAnalyticsTests.SkinTempAnalyticsTests testFunnelBelowMinSamplesKeepsButMeanAbsent]' started.
Test Case '-[StrandAnalyticsTests.SkinTempAnalyticsTests testFunnelBelowMinSamplesKeepsButMeanAbsent]' passed (0.000 seconds).
Test Case '-[StrandAnalyticsTests.SkinTempAnalyticsTests testFunnelFamilyAwareAttribution]' started.
Test Case '-[StrandAnalyticsTests.SkinTempAnalyticsTests testFunnelFamilyAwareAttribution]' passed (0.000 seconds).
Test Case '-[StrandAnalyticsTests.SkinTempAnalyticsTests testFunnelKeptPathMatchesMeanAndAccountsForEverySample]' started.
Test Case '-[StrandAnalyticsTests.SkinTempAnalyticsTests testFunnelKeptPathMatchesMeanAndAccountsForEverySample]' passed (0.000 seconds).
Test Case '-[StrandAnalyticsTests.SkinTempAnalyticsTests testFunnelOutOfRangeIsAttributedToRangeGate]' started.
Test Case '-[StrandAnalyticsTests.SkinTempAnalyticsTests testFunnelOutOfRangeIsAttributedToRangeGate]' passed (0.000 seconds).
Test Case '-[StrandAnalyticsTests.SkinTempAnalyticsTests testFunnelOutOfWindowAndNoSession]' started.
Test Case '-[StrandAnalyticsTests.SkinTempAnalyticsTests testFunnelOutOfWindowAndNoSession]' passed (0.000 seconds).
Test Case '-[StrandAnalyticsTests.SkinTempAnalyticsTests testFunnelRawBandFieldsDoNotChangeMean]' started.
Test Case '-[StrandAnalyticsTests.SkinTempAnalyticsTests testFunnelRawBandFieldsDoNotChangeMean]' passed (0.000 seconds).
Test Case '-[StrandAnalyticsTests.SkinTempAnalyticsTests testFunnelSurfacesRawBandAndResolvedAnchorWhoop4]' started.
Test Case '-[StrandAnalyticsTests.SkinTempAnalyticsTests testFunnelSurfacesRawBandAndResolvedAnchorWhoop4]' passed (0.000 seconds).
Test Case '-[StrandAnalyticsTests.SkinTempAnalyticsTests testFunnelToleranceMovesSamplesFromNotWornToKept]' started.
Test Case '-[StrandAnalyticsTests.SkinTempAnalyticsTests testFunnelToleranceMovesSamplesFromNotWornToKept]' passed (0.000 seconds).
Test Case '-[StrandAnalyticsTests.SkinTempAnalyticsTests testHighRegisterDeviceKeptWithLearnedAnchor]' started.
Test Case '-[StrandAnalyticsTests.SkinTempAnalyticsTests testHighRegisterDeviceKeptWithLearnedAnchor]' passed (0.000 seconds).
Test Case '-[StrandAnalyticsTests.SkinTempAnalyticsTests testMeanOverWornInBedSamples]' started.
Test Case '-[StrandAnalyticsTests.SkinTempAnalyticsTests testMeanOverWornInBedSamples]' passed (0.000 seconds).
Test Case '-[StrandAnalyticsTests.SkinTempAnalyticsTests testNonZeroToleranceRescuesNearbyHr]' started.
Test Case '-[StrandAnalyticsTests.SkinTempAnalyticsTests testNonZeroToleranceRescuesNearbyHr]' passed (0.000 seconds).
Test Case '-[StrandAnalyticsTests.SkinTempAnalyticsTests testToleranceIsSymmetric]' started.
Test Case '-[StrandAnalyticsTests.SkinTempAnalyticsTests testToleranceIsSymmetric]' passed (0.000 seconds).
Test Case '-[StrandAnalyticsTests.SkinTempAnalyticsTests testToleranceReproducesTheGroundTruthedOuraNightShape]' started.
Test Case '-[StrandAnalyticsTests.SkinTempAnalyticsTests testToleranceReproducesTheGroundTruthedOuraNightShape]' passed (0.000 seconds).
Test Case '-[StrandAnalyticsTests.SkinTempAnalyticsTests testToleranceStillExcludesHrBeyondTheWindow]' started.
Test Case '-[StrandAnalyticsTests.SkinTempAnalyticsTests testToleranceStillExcludesHrBeyondTheWindow]' passed (0.000 seconds).
Test Case '-[StrandAnalyticsTests.SkinTempAnalyticsTests testWhoop4FloorAndSaturationCountAsOutOfRange]' started.
Test Case '-[StrandAnalyticsTests.SkinTempAnalyticsTests testWhoop4FloorAndSaturationCountAsOutOfRange]' passed (0.000 seconds).
Test Case '-[StrandAnalyticsTests.SkinTempAnalyticsTests testWhoop4NilAnchorByteIdenticalToGlobal]' started.
Test Case '-[StrandAnalyticsTests.SkinTempAnalyticsTests testWhoop4NilAnchorByteIdenticalToGlobal]' passed (0.000 seconds).
Test Case '-[StrandAnalyticsTests.SkinTempAnalyticsTests testWhoop4WornNightProducesMeanUnderFamilyAwareScale]' started.
Test Case '-[StrandAnalyticsTests.SkinTempAnalyticsTests testWhoop4WornNightProducesMeanUnderFamilyAwareScale]' passed (0.000 seconds).
Test Case '-[StrandAnalyticsTests.SkinTempAnalyticsTests testWhoop5IgnoresAnchor]' started.
Test Case '-[StrandAnalyticsTests.SkinTempAnalyticsTests testWhoop5IgnoresAnchor]' passed (0.001 seconds).
Test Case '-[StrandAnalyticsTests.SkinTempAnalyticsTests testWhoop5NightUnchangedByFamilyParameter]' started.
Test Case '-[StrandAnalyticsTests.SkinTempAnalyticsTests testWhoop5NightUnchangedByFamilyParameter]' passed (0.000 seconds).
Test Suite 'SkinTempAnalyticsTests' passed at 2026-09-21 23:29:48.650.
	 Executed 29 tests, with 0 failures (0 unexpected) in 0.007 (0.009) seconds
Test Suite 'SkinTempDisplayTests' started at 2026-09-21 23:29:48.650.
Test Case '-[StrandAnalyticsTests.SkinTempDisplayTests testADeviationRoundingToZeroLosesItsSign]' started.
Test Case '-[StrandAnalyticsTests.SkinTempDisplayTests testADeviationRoundingToZeroLosesItsSign]' passed (0.000 seconds).
Test Case '-[StrandAnalyticsTests.SkinTempDisplayTests testDominantKindIsTheNewestEntrys]' started.
Test Case '-[StrandAnalyticsTests.SkinTempDisplayTests testDominantKindIsTheNewestEntrys]' passed (0.000 seconds).
Test Case '-[StrandAnalyticsTests.SkinTempDisplayTests testDominantKindOfASingleKindWindowIsThatKind]' started.
Test Case '-[StrandAnalyticsTests.SkinTempDisplayTests testDominantKindOfASingleKindWindowIsThatKind]' passed (0.000 seconds).
Test Case '-[StrandAnalyticsTests.SkinTempDisplayTests testFahrenheitConversionAbsoluteVsDelta]' started.
Test Case '-[StrandAnalyticsTests.SkinTempDisplayTests testFahrenheitConversionAbsoluteVsDelta]' passed (0.000 seconds).
Test Case '-[StrandAnalyticsTests.SkinTempDisplayTests testFilteringByDominantKindLeavesOneScale]' started.
Test Case '-[StrandAnalyticsTests.SkinTempDisplayTests testFilteringByDominantKindLeavesOneScale]' passed (0.000 seconds).
Test Case '-[StrandAnalyticsTests.SkinTempDisplayTests testFormatCombinesNumberAndUnit]' started.
Test Case '-[StrandAnalyticsTests.SkinTempDisplayTests testFormatCombinesNumberAndUnit]' passed (0.000 seconds).
Test Case '-[StrandAnalyticsTests.SkinTempDisplayTests testKindSplitsAbsoluteAndDeviation]' started.
Test Case '-[StrandAnalyticsTests.SkinTempDisplayTests testKindSplitsAbsoluteAndDeviation]' passed (0.000 seconds).
Test Case '-[StrandAnalyticsTests.SkinTempDisplayTests testNumberStringAbsoluteUnsigned]' started.
Test Case '-[StrandAnalyticsTests.SkinTempDisplayTests testNumberStringAbsoluteUnsigned]' passed (0.000 seconds).
Test Case '-[StrandAnalyticsTests.SkinTempDisplayTests testNumberStringDeviationAlwaysSigned]' started.
Test Case '-[StrandAnalyticsTests.SkinTempDisplayTests testNumberStringDeviationAlwaysSigned]' passed (0.000 seconds).
Test Case '-[StrandAnalyticsTests.SkinTempDisplayTests testParityWithIsAbsoluteSkinTemp]' started.
Test Case '-[StrandAnalyticsTests.SkinTempDisplayTests testParityWithIsAbsoluteSkinTemp]' passed (0.000 seconds).
Test Case '-[StrandAnalyticsTests.SkinTempDisplayTests testUnitSymbolMarksDeviation]' started.
Test Case '-[StrandAnalyticsTests.SkinTempDisplayTests testUnitSymbolMarksDeviation]' passed (0.000 seconds).
Test Suite 'SkinTempDisplayTests' passed at 2026-09-21 23:29:48.651.
	 Executed 11 tests, with 0 failures (0 unexpected) in 0.001 (0.002) seconds
Test Suite 'SleepAwareStepCounterTests' started at 2026-09-21 23:29:48.651.
Test Case '-[StrandAnalyticsTests.SleepAwareStepCounterTests testCoherentNightWalkCounts]' started.
Test Case '-[StrandAnalyticsTests.SleepAwareStepCounterTests testCoherentNightWalkCounts]' passed (0.000 seconds).
Test Case '-[StrandAnalyticsTests.SleepAwareStepCounterTests testDiagnosticRejectionReasonsAreSeparated]' started.
Test Case '-[StrandAnalyticsTests.SleepAwareStepCounterTests testDiagnosticRejectionReasonsAreSeparated]' passed (0.000 seconds).
Test Case '-[StrandAnalyticsTests.SleepAwareStepCounterTests testExplicitWakeGapCountsImmediately]' started.
Test Case '-[StrandAnalyticsTests.SleepAwareStepCounterTests testExplicitWakeGapCountsImmediately]' passed (0.000 seconds).
Test Case '-[StrandAnalyticsTests.SleepAwareStepCounterTests testIsolatedBedMotionIsRejected]' started.
Test Case '-[StrandAnalyticsTests.SleepAwareStepCounterTests testIsolatedBedMotionIsRejected]' passed (0.000 seconds).
Test Suite 'SleepAwareStepCounterTests' passed at 2026-09-21 23:29:48.652.
	 Executed 4 tests, with 0 failures (0 unexpected) in 0.001 (0.001) seconds
Test Suite 'SleepDebtTests' started at 2026-09-21 23:29:48.652.
Test Case '-[StrandAnalyticsTests.SleepDebtTests testDebtBelowTenMinutesClearsButExactlyTenRemains]' started.
Test Case '-[StrandAnalyticsTests.SleepDebtTests testDebtBelowTenMinutesClearsButExactlyTenRemains]' passed (0.000 seconds).
Test Case '-[StrandAnalyticsTests.SleepDebtTests testDebtRecursAndMeetingNeedClearsIt]' started.
Test Case '-[StrandAnalyticsTests.SleepDebtTests testDebtRecursAndMeetingNeedClearsIt]' passed (0.000 seconds).
Test Case '-[StrandAnalyticsTests.SleepDebtTests testDebtSeriesKeepsFullHistoryWithPerDayTrailingLedgerParity]' started.
Test Case '-[StrandAnalyticsTests.SleepDebtTests testDebtSeriesKeepsFullHistoryWithPerDayTrailingLedgerParity]' passed (0.001 seconds).
Test Case '-[StrandAnalyticsTests.SleepDebtTests testDebtSeriesRoundsLocalOutputsToLedgerPrecision]' started.
Test Case '-[StrandAnalyticsTests.SleepDebtTests testDebtSeriesRoundsLocalOutputsToLedgerPrecision]' passed (0.000 seconds).
Test Case '-[StrandAnalyticsTests.SleepDebtTests testDefaultNeedIsEightHours]' started.
Test Case '-[StrandAnalyticsTests.SleepDebtTests testDefaultNeedIsEightHours]' passed (0.000 seconds).
Test Case '-[StrandAnalyticsTests.SleepDebtTests testEmptyLedger]' started.
Test Case '-[StrandAnalyticsTests.SleepDebtTests testEmptyLedger]' passed (0.000 seconds).
Test Case '-[StrandAnalyticsTests.SleepDebtTests testImportedDebtIsVerbatimButDoesNotSeedFollowingFallback]' started.
Test Case '-[StrandAnalyticsTests.SleepDebtTests testImportedDebtIsVerbatimButDoesNotSeedFollowingFallback]' passed (0.000 seconds).
Test Case '-[StrandAnalyticsTests.SleepDebtTests testImportedOnlyGapDoesNotConsumeOneOfFourteenUsableNights]' started.
Test Case '-[StrandAnalyticsTests.SleepDebtTests testImportedOnlyGapDoesNotConsumeOneOfFourteenUsableNights]' passed (0.001 seconds).
Test Case '-[StrandAnalyticsTests.SleepDebtTests testNapCreditRequiresMainSleepAndIgnoresNegativeNapMinutes]' started.
Test Case '-[StrandAnalyticsTests.SleepDebtTests testNapCreditRequiresMainSleepAndIgnoresNegativeNapMinutes]' passed (0.000 seconds).
Test Case '-[StrandAnalyticsTests.SleepDebtTests testNapMinutesAddDebtRepaymentCredit]' started.
Test Case '-[StrandAnalyticsTests.SleepDebtTests testNapMinutesAddDebtRepaymentCredit]' passed (0.000 seconds).
Test Case '-[StrandAnalyticsTests.SleepDebtTests testOnTargetNetsToZero]' started.
Test Case '-[StrandAnalyticsTests.SleepDebtTests testOnTargetNetsToZero]' passed (0.000 seconds).
Test Case '-[StrandAnalyticsTests.SleepDebtTests testRound1HalfTiesAwayFromZero]' started.
Test Case '-[StrandAnalyticsTests.SleepDebtTests testRound1HalfTiesAwayFromZero]' passed (0.000 seconds).
Test Case '-[StrandAnalyticsTests.SleepDebtTests testSkipsNoDataNights]' started.
Test Case '-[StrandAnalyticsTests.SleepDebtTests testSkipsNoDataNights]' passed (0.000 seconds).
Test Case '-[StrandAnalyticsTests.SleepDebtTests testSurplusNeverCreatesPositiveBalanceAndRawBarsStayUnchanged]' started.
Test Case '-[StrandAnalyticsTests.SleepDebtTests testSurplusNeverCreatesPositiveBalanceAndRawBarsStayUnchanged]' passed (0.000 seconds).
Test Case '-[StrandAnalyticsTests.SleepDebtTests testWindowCapKeepsMostRecent]' started.
Test Case '-[StrandAnalyticsTests.SleepDebtTests testWindowCapKeepsMostRecent]' passed (0.000 seconds).
Test Suite 'SleepDebtTests' passed at 2026-09-21 23:29:48.657.
	 Executed 15 tests, with 0 failures (0 unexpected) in 0.004 (0.005) seconds
Test Suite 'SleepEditGuardTests' started at 2026-09-21 23:29:48.657.
Test Case '-[StrandAnalyticsTests.SleepEditGuardTests testCrossMidnightRollBackDecrementsDate]' started.
Test Case '-[StrandAnalyticsTests.SleepEditGuardTests testCrossMidnightRollBackDecrementsDate]' passed (0.000 seconds).
Test Case '-[StrandAnalyticsTests.SleepEditGuardTests testDecrementThatStaysFutureIsNotApplied]' started.
Test Case '-[StrandAnalyticsTests.SleepEditGuardTests testDecrementThatStaysFutureIsNotApplied]' passed (0.000 seconds).
Test Case '-[StrandAnalyticsTests.SleepEditGuardTests testDeliberateDateChangeIsRespected]' started.
Test Case '-[StrandAnalyticsTests.SleepEditGuardTests testDeliberateDateChangeIsRespected]' passed (0.000 seconds).
Test Case '-[StrandAnalyticsTests.SleepEditGuardTests testFullyFutureWindowIsDisjoint]' started.
Test Case '-[StrandAnalyticsTests.SleepEditGuardTests testFullyFutureWindowIsDisjoint]' passed (0.000 seconds).
Test Case '-[StrandAnalyticsTests.SleepEditGuardTests testFullyFutureWindowIsRefused]' started.
Test Case '-[StrandAnalyticsTests.SleepEditGuardTests testFullyFutureWindowIsRefused]' passed (0.000 seconds).
Test Case '-[StrandAnalyticsTests.SleepEditGuardTests testFullyPastWindowIsDisjoint]' started.
Test Case '-[StrandAnalyticsTests.SleepEditGuardTests testFullyPastWindowIsDisjoint]' passed (0.000 seconds).
Test Case '-[StrandAnalyticsTests.SleepEditGuardTests testFutureEndIsCappedAtNowPlusSlack]' started.
Test Case '-[StrandAnalyticsTests.SleepEditGuardTests testFutureEndIsCappedAtNowPlusSlack]' passed (0.000 seconds).
Test Case '-[StrandAnalyticsTests.SleepEditGuardTests testInvertedWindowIsRefused]' started.
Test Case '-[StrandAnalyticsTests.SleepEditGuardTests testInvertedWindowIsRefused]' passed (0.000 seconds).
Test Case '-[StrandAnalyticsTests.SleepEditGuardTests testMoveLaterPastWakeIsNotDecremented]' started.
Test Case '-[StrandAnalyticsTests.SleepEditGuardTests testMoveLaterPastWakeIsNotDecremented]' passed (0.000 seconds).
Test Case '-[StrandAnalyticsTests.SleepEditGuardTests testNapStartOnlyFutureRuleApplies]' started.
Test Case '-[StrandAnalyticsTests.SleepEditGuardTests testNapStartOnlyFutureRuleApplies]' passed (0.000 seconds).
Test Case '-[StrandAnalyticsTests.SleepEditGuardTests testOneDayWindowIsAllowedButMultiDayWindowIsRefused]' started.
Test Case '-[StrandAnalyticsTests.SleepEditGuardTests testOneDayWindowIsAllowedButMultiDayWindowIsRefused]' passed (0.000 seconds).
Test Case '-[StrandAnalyticsTests.SleepEditGuardTests testOverlappingWindowIsNotDisjoint]' started.
Test Case '-[StrandAnalyticsTests.SleepEditGuardTests testOverlappingWindowIsNotDisjoint]' passed (0.000 seconds).
Test Case '-[StrandAnalyticsTests.SleepEditGuardTests testPastWakeButNotFutureStillDecrements]' started.
Test Case '-[StrandAnalyticsTests.SleepEditGuardTests testPastWakeButNotFutureStillDecrements]' passed (0.000 seconds).
Test Case '-[StrandAnalyticsTests.SleepEditGuardTests testPastWindowPersistsUnchanged]' started.
Test Case '-[StrandAnalyticsTests.SleepEditGuardTests testPastWindowPersistsUnchanged]' passed (0.000 seconds).
Test Case '-[StrandAnalyticsTests.SleepEditGuardTests testSaneEditIsUntouched]' started.
Test Case '-[StrandAnalyticsTests.SleepEditGuardTests testSaneEditIsUntouched]' passed (0.000 seconds).
Test Case '-[StrandAnalyticsTests.SleepEditGuardTests testTouchingWindowIsDisjoint]' started.
Test Case '-[StrandAnalyticsTests.SleepEditGuardTests testTouchingWindowIsDisjoint]' passed (0.000 seconds).
Test Suite 'SleepEditGuardTests' passed at 2026-09-21 23:29:48.659.
	 Executed 16 tests, with 0 failures (0 unexpected) in 0.001 (0.002) seconds
Test Suite 'SleepEvidenceTests' started at 2026-09-21 23:29:48.659.
Test Case '-[StrandAnalyticsTests.SleepEvidenceTests testEmptyAndInteriorMissingEpochsAbstain]' started.
Test Case '-[StrandAnalyticsTests.SleepEvidenceTests testEmptyAndInteriorMissingEpochsAbstain]' passed (0.001 seconds).
Test Case '-[StrandAnalyticsTests.SleepEvidenceTests testIndependentContextAndCausalFutureInvariance]' started.
Test Case '-[StrandAnalyticsTests.SleepEvidenceTests testIndependentContextAndCausalFutureInvariance]' passed (0.000 seconds).
Test Case '-[StrandAnalyticsTests.SleepEvidenceTests testInvalidHrAndGravityDoNotCreateEvidenceInEitherStager]' started.
Test Case '-[StrandAnalyticsTests.SleepEvidenceTests testInvalidHrAndGravityDoNotCreateEvidenceInEitherStager]' passed (0.001 seconds).
Test Case '-[StrandAnalyticsTests.SleepEvidenceTests testInvalidPlaceholdersCannotChangeSparseFeaturesOrCachedResults]' started.
Test Case '-[StrandAnalyticsTests.SleepEvidenceTests testInvalidPlaceholdersCannotChangeSparseFeaturesOrCachedResults]' passed (0.024 seconds).
Test Case '-[StrandAnalyticsTests.SleepEvidenceTests testSharedEvidenceOracle]' started.
Test Case '-[StrandAnalyticsTests.SleepEvidenceTests testSharedEvidenceOracle]' passed (0.003 seconds).
Test Case '-[StrandAnalyticsTests.SleepEvidenceTests testUnknownDayIsUnavailableAndLateShiftSleepUsesExactDayBounds]' started.
Test Case '-[StrandAnalyticsTests.SleepEvidenceTests testUnknownDayIsUnavailableAndLateShiftSleepUsesExactDayBounds]' passed (0.272 seconds).
Test Suite 'SleepEvidenceTests' passed at 2026-09-21 23:29:48.960.
	 Executed 6 tests, with 0 failures (0 unexpected) in 0.301 (0.301) seconds
Test Suite 'SleepHeartRateContrastTests' started at 2026-09-21 23:29:48.960.
Test Case '-[StrandAnalyticsTests.SleepHeartRateContrastTests testEmptyAndInvalidConfigurationFailClosed]' started.
Test Case '-[StrandAnalyticsTests.SleepHeartRateContrastTests testEmptyAndInvalidConfigurationFailClosed]' passed (0.000 seconds).
Test Case '-[StrandAnalyticsTests.SleepHeartRateContrastTests testHigherSleepHRProducesNegativeReductionWithoutClassification]' started.
Test Case '-[StrandAnalyticsTests.SleepHeartRateContrastTests testHigherSleepHRProducesNegativeReductionWithoutClassification]' passed (0.000 seconds).
Test Case '-[StrandAnalyticsTests.SleepHeartRateContrastTests testLowerSleepHRProducesPositiveReduction]' started.
Test Case '-[StrandAnalyticsTests.SleepHeartRateContrastTests testLowerSleepHRProducesPositiveReduction]' passed (0.000 seconds).
Test Case '-[StrandAnalyticsTests.SleepHeartRateContrastTests testMinimumValidSampleGateAppliesIndependentlyToBothWindows]' started.
Test Case '-[StrandAnalyticsTests.SleepHeartRateContrastTests testMinimumValidSampleGateAppliesIndependentlyToBothWindows]' passed (0.000 seconds).
Test Case '-[StrandAnalyticsTests.SleepHeartRateContrastTests testMissingAndInvalidEpochsAreExcludedAndReduceCoverage]' started.
Test Case '-[StrandAnalyticsTests.SleepHeartRateContrastTests testMissingAndInvalidEpochsAreExcludedAndReduceCoverage]' passed (0.000 seconds).
Test Case '-[StrandAnalyticsTests.SleepHeartRateContrastTests testUnequalWindowLengthsAreAllowedAndCoverageIsPerWindow]' started.
Test Case '-[StrandAnalyticsTests.SleepHeartRateContrastTests testUnequalWindowLengthsAreAllowedAndCoverageIsPerWindow]' passed (0.000 seconds).
Test Case '-[StrandAnalyticsTests.SleepHeartRateContrastTests testValidityRangeEdgesAreIncluded]' started.
Test Case '-[StrandAnalyticsTests.SleepHeartRateContrastTests testValidityRangeEdgesAreIncluded]' passed (0.000 seconds).
Test Suite 'SleepHeartRateContrastTests' passed at 2026-09-21 23:29:48.962.
	 Executed 7 tests, with 0 failures (0 unexpected) in 0.001 (0.002) seconds
Test Suite 'SleepOpportunityDetectorTests' started at 2026-09-21 23:29:48.962.
Test Case '-[StrandAnalyticsTests.SleepOpportunityDetectorTests testEngineKeepsNapSeparateAndCausalModeCannotRunRetrospectiveDetector]' started.
Test Case '-[StrandAnalyticsTests.SleepOpportunityDetectorTests testEngineKeepsNapSeparateAndCausalModeCannotRunRetrospectiveDetector]' passed (1.587 seconds).
Test Case '-[StrandAnalyticsTests.SleepOpportunityDetectorTests testGroupedOpportunityPreservesAwakeOffBodyAndMissingInterruptionsWithoutAddingSleep]' started.
Test Case '-[StrandAnalyticsTests.SleepOpportunityDetectorTests testGroupedOpportunityPreservesAwakeOffBodyAndMissingInterruptionsWithoutAddingSleep]' passed (1.625 seconds).
Test Case '-[StrandAnalyticsTests.SleepOpportunityDetectorTests testMainGroupQualificationCountsSleepRatherThanEditedOpportunityDuration]' started.
Test Case '-[StrandAnalyticsTests.SleepOpportunityDetectorTests testMainGroupQualificationCountsSleepRatherThanEditedOpportunityDuration]' passed (0.000 seconds).
Test Case '-[StrandAnalyticsTests.SleepOpportunityDetectorTests testMissingMotionBreaksRunAndDuplicateBurstCannotInventCoverage]' started.
Test Case '-[StrandAnalyticsTests.SleepOpportunityDetectorTests testMissingMotionBreaksRunAndDuplicateBurstCannotInventCoverage]' passed (1.338 seconds).
Test Case '-[StrandAnalyticsTests.SleepOpportunityDetectorTests testNapsOnlyDayCannotBecomeMainSleepOrNocturnalHrvContext]' started.
Test Case '-[StrandAnalyticsTests.SleepOpportunityDetectorTests testNapsOnlyDayCannotBecomeMainSleepOrNocturnalHrvContext]' passed (0.931 seconds).
Test Case '-[StrandAnalyticsTests.SleepOpportunityDetectorTests testReadingPhoneUseAndOffBodyAreNotNapsAndStillnessAloneIsUnknown]' started.
Test Case '-[StrandAnalyticsTests.SleepOpportunityDetectorTests testReadingPhoneUseAndOffBodyAreNotNapsAndStillnessAloneIsUnknown]' passed (0.859 seconds).
Test Case '-[StrandAnalyticsTests.SleepOpportunityDetectorTests testSharedFullDayGroupingOracleQualifiesBeforeRanking]' started.
Test Case '-[StrandAnalyticsTests.SleepOpportunityDetectorTests testSharedFullDayGroupingOracleQualifiesBeforeRanking]' passed (4.580 seconds).
Test Case '-[StrandAnalyticsTests.SleepOpportunityDetectorTests testTwentyMinuteAfternoonNapAndDaytimeShiftSleepHaveNoTimeOfDayGate]' started.
Test Case '-[StrandAnalyticsTests.SleepOpportunityDetectorTests testTwentyMinuteAfternoonNapAndDaytimeShiftSleepHaveNoTimeOfDayGate]' passed (0.217 seconds).
Test Suite 'SleepOpportunityDetectorTests' passed at 2026-09-21 23:30:00.099.
	 Executed 8 tests, with 0 failures (0 unexpected) in 11.136 (11.137) seconds
Test Suite 'SleepProductionCandidateTests' started at 2026-09-21 23:30:00.099.
Test Case '-[StrandAnalyticsTests.SleepProductionCandidateTests testAcceptedDurationWinsOverColdStartClockAndOuterSpanForRotatingSchedules]' started.
Test Case '-[StrandAnalyticsTests.SleepProductionCandidateTests testAcceptedDurationWinsOverColdStartClockAndOuterSpanForRotatingSchedules]' passed (0.002 seconds).
Test Case '-[StrandAnalyticsTests.SleepProductionCandidateTests testFrozenStreamsAndOverlongEpisodesBecomeUnknown]' started.
Test Case '-[StrandAnalyticsTests.SleepProductionCandidateTests testFrozenStreamsAndOverlongEpisodesBecomeUnknown]' passed (0.430 seconds).
Test Case '-[StrandAnalyticsTests.SleepProductionCandidateTests testFullDayStateAndAttributedContextSurviveOutsideEpisodes]' started.
Test Case '-[StrandAnalyticsTests.SleepProductionCandidateTests testFullDayStateAndAttributedContextSurviveOutsideEpisodes]' passed (0.350 seconds).
Test Case '-[StrandAnalyticsTests.SleepProductionCandidateTests testImpossibleGravityAndSingleModalitiesCannotStage]' started.
Test Case '-[StrandAnalyticsTests.SleepProductionCandidateTests testImpossibleGravityAndSingleModalitiesCannotStage]' passed (0.007 seconds).
Test Case '-[StrandAnalyticsTests.SleepProductionCandidateTests testNapOtherAndUncertainAreDistinct]' started.
Test Case '-[StrandAnalyticsTests.SleepProductionCandidateTests testNapOtherAndUncertainAreDistinct]' passed (0.000 seconds).
Test Case '-[StrandAnalyticsTests.SleepProductionCandidateTests testStageWakeCannotRevokeBinarySleepOrMainSelection]' started.
Test Case '-[StrandAnalyticsTests.SleepProductionCandidateTests testStageWakeCannotRevokeBinarySleepOrMainSelection]' passed (0.000 seconds).
Test Case '-[StrandAnalyticsTests.SleepProductionCandidateTests testStagingRejectsFrozenStreamsAndFindsOffsetAcquisitionClocks]' started.
Test Case '-[StrandAnalyticsTests.SleepProductionCandidateTests testStagingRejectsFrozenStreamsAndFindsOffsetAcquisitionClocks]' passed (0.008 seconds).
Test Suite 'SleepProductionCandidateTests' passed at 2026-09-21 23:30:00.898.
	 Executed 7 tests, with 0 failures (0 unexpected) in 0.798 (0.799) seconds
Test Suite 'SleepReadoutTests' started at 2026-09-21 23:30:00.898.
Test Case '-[StrandAnalyticsTests.SleepReadoutTests testGravityCoverageFraction]' started.
Test Case '-[StrandAnalyticsTests.SleepReadoutTests testGravityCoverageFraction]' passed (0.000 seconds).
Test Case '-[StrandAnalyticsTests.SleepReadoutTests testGravityCoverageSparseIsBelowGate]' started.
Test Case '-[StrandAnalyticsTests.SleepReadoutTests testGravityCoverageSparseIsBelowGate]' passed (0.000 seconds).
Test Case '-[StrandAnalyticsTests.SleepReadoutTests testHrDensityFewerThanTwoSamplesIsZero]' started.
Test Case '-[StrandAnalyticsTests.SleepReadoutTests testHrDensityFewerThanTwoSamplesIsZero]' passed (0.000 seconds).
Test Case '-[StrandAnalyticsTests.SleepReadoutTests testHrDensityPerMinute]' started.
Test Case '-[StrandAnalyticsTests.SleepReadoutTests testHrDensityPerMinute]' passed (0.000 seconds).
Test Case '-[StrandAnalyticsTests.SleepReadoutTests testLastGateFiredNilWhenNoGateLine]' started.
Test Case '-[StrandAnalyticsTests.SleepReadoutTests testLastGateFiredNilWhenNoGateLine]' passed (0.000 seconds).
Test Case '-[StrandAnalyticsTests.SleepReadoutTests testLastGateFiredParsesTaggedTail]' started.
Test Case '-[StrandAnalyticsTests.SleepReadoutTests testLastGateFiredParsesTaggedTail]' passed (0.000 seconds).
Test Suite 'SleepReadoutTests' passed at 2026-09-21 23:30:00.899.
	 Executed 6 tests, with 0 failures (0 unexpected) in 0.000 (0.001) seconds
Test Suite 'SleepSkipSummaryTests' started at 2026-09-21 23:30:00.899.
Test Case '-[StrandAnalyticsTests.SleepSkipSummaryTests testEveryDayIsListed]' started.
Test Case '-[StrandAnalyticsTests.SleepSkipSummaryTests testEveryDayIsListed]' passed (0.000 seconds).
Test Case '-[StrandAnalyticsTests.SleepSkipSummaryTests testGroupsByCountAscendingAndSortsDays]' started.
Test Case '-[StrandAnalyticsTests.SleepSkipSummaryTests testGroupsByCountAscendingAndSortsDays]' passed (0.000 seconds).
Test Case '-[StrandAnalyticsTests.SleepSkipSummaryTests testNothingSkippedStaysSilent]' started.
Test Case '-[StrandAnalyticsTests.SleepSkipSummaryTests testNothingSkippedStaysSilent]' passed (0.000 seconds).
Test Case '-[StrandAnalyticsTests.SleepSkipSummaryTests testOneDay]' started.
Test Case '-[StrandAnalyticsTests.SleepSkipSummaryTests testOneDay]' passed (0.000 seconds).
Test Suite 'SleepSkipSummaryTests' passed at 2026-09-21 23:30:00.899.
	 Executed 4 tests, with 0 failures (0 unexpected) in 0.000 (0.000) seconds
Test Suite 'SleepStageTotalsTests' started at 2026-09-21 23:30:00.899.
Test Case '-[StrandAnalyticsTests.SleepStageTotalsTests testAmbiguousLongDaytimeSleepBeatsShortNightByDesign]' started.
Test Case '-[StrandAnalyticsTests.SleepStageTotalsTests testAmbiguousLongDaytimeSleepBeatsShortNightByDesign]' passed (0.001 seconds).
Test Case '-[StrandAnalyticsTests.SleepStageTotalsTests testAnalyzeDayAcceptsHabitualMidsleepWithoutBreakingColdStart]' started.
Test Case '-[StrandAnalyticsTests.SleepStageTotalsTests testAnalyzeDayAcceptsHabitualMidsleepWithoutBreakingColdStart]' passed (1.318 seconds).
Test Case '-[StrandAnalyticsTests.SleepStageTotalsTests testBiphasicNightGroupsAllFragmentsAndExcludesNap]' started.
Test Case '-[StrandAnalyticsTests.SleepStageTotalsTests testBiphasicNightGroupsAllFragmentsAndExcludesNap]' passed (0.001 seconds).
Test Case '-[StrandAnalyticsTests.SleepStageTotalsTests testCircularDistanceWrapsMidnight]' started.
Test Case '-[StrandAnalyticsTests.SleepStageTotalsTests testCircularDistanceWrapsMidnight]' passed (0.000 seconds).
Test Case '-[StrandAnalyticsTests.SleepStageTotalsTests testCircularMeanReturnsNilForAntipodalMidpoints]' started.
Test Case '-[StrandAnalyticsTests.SleepStageTotalsTests testCircularMeanReturnsNilForAntipodalMidpoints]' passed (0.000 seconds).
Test Case '-[StrandAnalyticsTests.SleepStageTotalsTests testCrossMidnightOnsetScoresAsNight]' started.
Test Case '-[StrandAnalyticsTests.SleepStageTotalsTests testCrossMidnightOnsetScoresAsNight]' passed (0.000 seconds).
Test Case '-[StrandAnalyticsTests.SleepStageTotalsTests testDailyAggregateSumsBlocksAndComputesEfficiency]' started.
Test Case '-[StrandAnalyticsTests.SleepStageTotalsTests testDailyAggregateSumsBlocksAndComputesEfficiency]' passed (0.000 seconds).
Test Case '-[StrandAnalyticsTests.SleepStageTotalsTests testDaytimeNapWithSeventyMinuteGapStillStaysItsOwnBlock]' started.
Test Case '-[StrandAnalyticsTests.SleepStageTotalsTests testDaytimeNapWithSeventyMinuteGapStillStaysItsOwnBlock]' passed (0.000 seconds).
Test Case '-[StrandAnalyticsTests.SleepStageTotalsTests testEditedOnsetCrossingBoundaryIsScoredOnTheEffectiveOnset]' started.
Test Case '-[StrandAnalyticsTests.SleepStageTotalsTests testEditedOnsetCrossingBoundaryIsScoredOnTheEffectiveOnset]' passed (0.002 seconds).
Test Case '-[StrandAnalyticsTests.SleepStageTotalsTests testGapBridgeMergesShortWakeSplitNight]' started.
Test Case '-[StrandAnalyticsTests.SleepStageTotalsTests testGapBridgeMergesShortWakeSplitNight]' passed (0.000 seconds).
Test Case '-[StrandAnalyticsTests.SleepStageTotalsTests testGroupIndicesBridgedNightOutscoresLoneNap]' started.
Test Case '-[StrandAnalyticsTests.SleepStageTotalsTests testGroupIndicesBridgedNightOutscoresLoneNap]' passed (0.000 seconds).
Test Case '-[StrandAnalyticsTests.SleepStageTotalsTests testGroupIndicesBridgesTwoAdjacentFragments]' started.
Test Case '-[StrandAnalyticsTests.SleepStageTotalsTests testGroupIndicesBridgesTwoAdjacentFragments]' passed (0.000 seconds).
Test Case '-[StrandAnalyticsTests.SleepStageTotalsTests testGroupIndicesDoesNotBridgeLongGap]' started.
Test Case '-[StrandAnalyticsTests.SleepStageTotalsTests testGroupIndicesDoesNotBridgeLongGap]' passed (0.000 seconds).
Test Case '-[StrandAnalyticsTests.SleepStageTotalsTests testGroupIndicesSingleBlockMatchesBareSelector]' started.
Test Case '-[StrandAnalyticsTests.SleepStageTotalsTests testGroupIndicesSingleBlockMatchesBareSelector]' passed (0.000 seconds).
Test Case '-[StrandAnalyticsTests.SleepStageTotalsTests testHabitualAlignedShorterNightBeatsLongerAfternoon]' started.
Test Case '-[StrandAnalyticsTests.SleepStageTotalsTests testHabitualAlignedShorterNightBeatsLongerAfternoon]' passed (0.001 seconds).
Test Case '-[StrandAnalyticsTests.SleepStageTotalsTests testHabitualMidsleepCircularAcrossMidnight]' started.
Test Case '-[StrandAnalyticsTests.SleepStageTotalsTests testHabitualMidsleepCircularAcrossMidnight]' passed (0.002 seconds).
Test Case '-[StrandAnalyticsTests.SleepStageTotalsTests testHabitualMidsleepLearnsRegularTiming]' started.
Test Case '-[StrandAnalyticsTests.SleepStageTotalsTests testHabitualMidsleepLearnsRegularTiming]' passed (0.001 seconds).
Test Case '-[StrandAnalyticsTests.SleepStageTotalsTests testHabitualMidsleepNilOnColdStart]' started.
Test Case '-[StrandAnalyticsTests.SleepStageTotalsTests testHabitualMidsleepNilOnColdStart]' passed (0.000 seconds).
Test Case '-[StrandAnalyticsTests.SleepStageTotalsTests testHabitualMidsleepNilWhenLearnedTimingIsAntipodal]' started.
Test Case '-[StrandAnalyticsTests.SleepStageTotalsTests testHabitualMidsleepNilWhenLearnedTimingIsAntipodal]' passed (0.001 seconds).
Test Case '-[StrandAnalyticsTests.SleepStageTotalsTests testHabitualMidsleepShiftsThePickForADaytimeSleeper]' started.
Test Case '-[StrandAnalyticsTests.SleepStageTotalsTests testHabitualMidsleepShiftsThePickForADaytimeSleeper]' passed (0.000 seconds).
Test Case '-[StrandAnalyticsTests.SleepStageTotalsTests testHonoringEditsClampsPreOnsetStagesSoAsleepNeverExceedsTimeInBed]' started.
Test Case '-[StrandAnalyticsTests.SleepStageTotalsTests testHonoringEditsClampsPreOnsetStagesSoAsleepNeverExceedsTimeInBed]' passed (0.001 seconds).
Test Case '-[StrandAnalyticsTests.SleepStageTotalsTests testHonoringEditsFragmentedNightCountsGapAsAwake]' started.
Test Case '-[StrandAnalyticsTests.SleepStageTotalsTests testHonoringEditsFragmentedNightCountsGapAsAwake]' passed (0.001 seconds).
Test Case '-[StrandAnalyticsTests.SleepStageTotalsTests testHonoringEditsHonorsHabitualMidsleep]' started.
Test Case '-[StrandAnalyticsTests.SleepStageTotalsTests testHonoringEditsHonorsHabitualMidsleep]' passed (0.001 seconds).
Test Case '-[StrandAnalyticsTests.SleepStageTotalsTests testHonoringEditsIgnoresEditWithNonMatchingStartTs]' started.
Test Case '-[StrandAnalyticsTests.SleepStageTotalsTests testHonoringEditsIgnoresEditWithNonMatchingStartTs]' passed (0.000 seconds).
Test Case '-[StrandAnalyticsTests.SleepStageTotalsTests testHonoringEditsKeepsDetectedWhenEditMapsToNil]' started.
Test Case '-[StrandAnalyticsTests.SleepStageTotalsTests testHonoringEditsKeepsDetectedWhenEditMapsToNil]' passed (0.000 seconds).
Test Case '-[StrandAnalyticsTests.SleepStageTotalsTests testHonoringEditsLegacySumWhenNoOnsets]' started.
Test Case '-[StrandAnalyticsTests.SleepStageTotalsTests testHonoringEditsLegacySumWhenNoOnsets]' passed (0.000 seconds).
Test Case '-[StrandAnalyticsTests.SleepStageTotalsTests testHonoringEditsMainNightModeTracksEditedNightNotNapSum]' started.
Test Case '-[StrandAnalyticsTests.SleepStageTotalsTests testHonoringEditsMainNightModeTracksEditedNightNotNapSum]' passed (0.001 seconds).
Test Case '-[StrandAnalyticsTests.SleepStageTotalsTests testHonoringEditsMultiBlockSubstitutesOnlyTheEditedBlock]' started.
Test Case '-[StrandAnalyticsTests.SleepStageTotalsTests testHonoringEditsMultiBlockSubstitutesOnlyTheEditedBlock]' passed (0.000 seconds).
Test Case '-[StrandAnalyticsTests.SleepStageTotalsTests testHonoringEditsNoEditsLeavesDetectedSumAndFlagsFalse]' started.
Test Case '-[StrandAnalyticsTests.SleepStageTotalsTests testHonoringEditsNoEditsLeavesDetectedSumAndFlagsFalse]' passed (0.000 seconds).
Test Case '-[StrandAnalyticsTests.SleepStageTotalsTests testHonoringEditsNonEditedNightUnchangedByClamp]' started.
Test Case '-[StrandAnalyticsTests.SleepStageTotalsTests testHonoringEditsNonEditedNightUnchangedByClamp]' passed (0.001 seconds).
Test Case '-[StrandAnalyticsTests.SleepStageTotalsTests testHonoringEditsSubstitutesEditedBlockByStartTs]' started.
Test Case '-[StrandAnalyticsTests.SleepStageTotalsTests testHonoringEditsSubstitutesEditedBlockByStartTs]' passed (0.000 seconds).
Test Case '-[StrandAnalyticsTests.SleepStageTotalsTests testHonoringEditsSumsBiphasicGroup]' started.
Test Case '-[StrandAnalyticsTests.SleepStageTotalsTests testHonoringEditsSumsBiphasicGroup]' passed (0.001 seconds).
Test Case '-[StrandAnalyticsTests.SleepStageTotalsTests testInterFragmentAwakeFoldsConsistentlyNoDoubleCount]' started.
Test Case '-[StrandAnalyticsTests.SleepStageTotalsTests testInterFragmentAwakeFoldsConsistentlyNoDoubleCount]' passed (0.001 seconds).
Test Case '-[StrandAnalyticsTests.SleepStageTotalsTests testInterFragmentAwakeSecondsSumsPositiveGapsOnly]' started.
Test Case '-[StrandAnalyticsTests.SleepStageTotalsTests testInterFragmentAwakeSecondsSumsPositiveGapsOnly]' passed (0.000 seconds).
Test Case '-[StrandAnalyticsTests.SleepStageTotalsTests testLongDaytimeOnsetBeatsShortOvernightFragment]' started.
Test Case '-[StrandAnalyticsTests.SleepStageTotalsTests testLongDaytimeOnsetBeatsShortOvernightFragment]' passed (0.000 seconds).
Test Case '-[StrandAnalyticsTests.SleepStageTotalsTests testMainNightEmptyAndTieAreDeterministic]' started.
Test Case '-[StrandAnalyticsTests.SleepStageTotalsTests testMainNightEmptyAndTieAreDeterministic]' passed (0.000 seconds).
Test Case '-[StrandAnalyticsTests.SleepStageTotalsTests testMainNightGroupIndicesByteIdenticalForBiphasicNight]' started.
Test Case '-[StrandAnalyticsTests.SleepStageTotalsTests testMainNightGroupIndicesByteIdenticalForBiphasicNight]' passed (0.001 seconds).
Test Case '-[StrandAnalyticsTests.SleepStageTotalsTests testMainNightLongestAmongOvernightBlocks]' started.
Test Case '-[StrandAnalyticsTests.SleepStageTotalsTests testMainNightLongestAmongOvernightBlocks]' passed (0.000 seconds).
Test Case '-[StrandAnalyticsTests.SleepStageTotalsTests testMainNightPrefersOvernightOverLongerDaytimeNap]' started.
Test Case '-[StrandAnalyticsTests.SleepStageTotalsTests testMainNightPrefersOvernightOverLongerDaytimeNap]' passed (0.000 seconds).
Test Case '-[StrandAnalyticsTests.SleepStageTotalsTests testMinutesFromMinuteDict]' started.
Test Case '-[StrandAnalyticsTests.SleepStageTotalsTests testMinutesFromMinuteDict]' passed (0.000 seconds).
Test Case '-[StrandAnalyticsTests.SleepStageTotalsTests testMinutesFromSegmentArray]' started.
Test Case '-[StrandAnalyticsTests.SleepStageTotalsTests testMinutesFromSegmentArray]' passed (0.000 seconds).
Test Case '-[StrandAnalyticsTests.SleepStageTotalsTests testNapOnlyDayResolvesToTheNapAsMain]' started.
Test Case '-[StrandAnalyticsTests.SleepStageTotalsTests testNapOnlyDayResolvesToTheNapAsMain]' passed (0.001 seconds).
Test Case '-[StrandAnalyticsTests.SleepStageTotalsTests testNilAndGarbage]' started.
Test Case '-[StrandAnalyticsTests.SleepStageTotalsTests testNilAndGarbage]' passed (0.001 seconds).
Test Case '-[StrandAnalyticsTests.SleepStageTotalsTests testOvernightGapAtOrAboveNinetyMinutesDoesNotBridge]' started.
Test Case '-[StrandAnalyticsTests.SleepStageTotalsTests testOvernightGapAtOrAboveNinetyMinutesDoesNotBridge]' passed (0.000 seconds).
Test Case '-[StrandAnalyticsTests.SleepStageTotalsTests testOvernightNightSplitBySeventyMinuteWakeMergesIntoOneSleepNotNap]' started.
Test Case '-[StrandAnalyticsTests.SleepStageTotalsTests testOvernightNightSplitBySeventyMinuteWakeMergesIntoOneSleepNotNap]' passed (0.000 seconds).
Test Case '-[StrandAnalyticsTests.SleepStageTotalsTests testOvernightPlusNapReportsConsistentTotalsNotTheSum]' started.
Test Case '-[StrandAnalyticsTests.SleepStageTotalsTests testOvernightPlusNapReportsConsistentTotalsNotTheSum]' passed (0.002 seconds).
Test Case '-[StrandAnalyticsTests.SleepStageTotalsTests testRealisticNapNeverBeatsRealNightColdStart]' started.
Test Case '-[StrandAnalyticsTests.SleepStageTotalsTests testRealisticNapNeverBeatsRealNightColdStart]' passed (0.405 seconds).
Test Case '-[StrandAnalyticsTests.SleepStageTotalsTests testRealisticNapNeverBeatsRealNightLearnedTiming]' started.
Test Case '-[StrandAnalyticsTests.SleepStageTotalsTests testRealisticNapNeverBeatsRealNightLearnedTiming]' passed (0.160 seconds).
Test Case '-[StrandAnalyticsTests.SleepStageTotalsTests testRealWhoopSleepsCsvFixturePicksOvernightAsMainNight]' started.
Test Case '-[StrandAnalyticsTests.SleepStageTotalsTests testRealWhoopSleepsCsvFixturePicksOvernightAsMainNight]' passed (0.001 seconds).
Test Case '-[StrandAnalyticsTests.SleepStageTotalsTests testRestCompositeDropsWhenEditedWindowIsShorter]' started.
Test Case '-[StrandAnalyticsTests.SleepStageTotalsTests testRestCompositeDropsWhenEditedWindowIsShorter]' passed (0.001 seconds).
Test Case '-[StrandAnalyticsTests.SleepStageTotalsTests testSelectionByStagesReasonAlignedToUsual]' started.
Test Case '-[StrandAnalyticsTests.SleepStageTotalsTests testSelectionByStagesReasonAlignedToUsual]' passed (0.002 seconds).
Test Case '-[StrandAnalyticsTests.SleepStageTotalsTests testSelectionByStagesReasonAndDecodedDuration]' started.
Test Case '-[StrandAnalyticsTests.SleepStageTotalsTests testSelectionByStagesReasonAndDecodedDuration]' passed (0.001 seconds).
Test Case '-[StrandAnalyticsTests.SleepStageTotalsTests testSelectionByStagesReasonOnlyBlock]' started.
Test Case '-[StrandAnalyticsTests.SleepStageTotalsTests testSelectionByStagesReasonOnlyBlock]' passed (0.001 seconds).
Test Case '-[StrandAnalyticsTests.SleepStageTotalsTests testSelectionIndexAlwaysMatchesMainNightIndex]' started.
Test Case '-[StrandAnalyticsTests.SleepStageTotalsTests testSelectionIndexAlwaysMatchesMainNightIndex]' passed (0.036 seconds).
Test Case '-[StrandAnalyticsTests.SleepStageTotalsTests testSelectionReasonAlignedToUsual]' started.
Test Case '-[StrandAnalyticsTests.SleepStageTotalsTests testSelectionReasonAlignedToUsual]' passed (0.000 seconds).
Test Case '-[StrandAnalyticsTests.SleepStageTotalsTests testSelectionReasonAlignedToUsualOnEqualDurations]' started.
Test Case '-[StrandAnalyticsTests.SleepStageTotalsTests testSelectionReasonAlignedToUsualOnEqualDurations]' passed (0.000 seconds).
Test Case '-[StrandAnalyticsTests.SleepStageTotalsTests testSelectionReasonLongestColdStart]' started.
Test Case '-[StrandAnalyticsTests.SleepStageTotalsTests testSelectionReasonLongestColdStart]' passed (0.000 seconds).
Test Case '-[StrandAnalyticsTests.SleepStageTotalsTests testSelectionReasonLongestNearUsual]' started.
Test Case '-[StrandAnalyticsTests.SleepStageTotalsTests testSelectionReasonLongestNearUsual]' passed (0.000 seconds).
Test Case '-[StrandAnalyticsTests.SleepStageTotalsTests testSelectionReasonLongestWhenLongestIsOutsideBonusWindow]' started.
Test Case '-[StrandAnalyticsTests.SleepStageTotalsTests testSelectionReasonLongestWhenLongestIsOutsideBonusWindow]' passed (0.000 seconds).
Test Case '-[StrandAnalyticsTests.SleepStageTotalsTests testSelectionReasonOnlyBlock]' started.
Test Case '-[StrandAnalyticsTests.SleepStageTotalsTests testSelectionReasonOnlyBlock]' passed (0.000 seconds).
Test Case '-[StrandAnalyticsTests.SleepStageTotalsTests testShiftSleeperUIAndEngineSelectorPickSameAfternoonBlock]' started.
Test Case '-[StrandAnalyticsTests.SleepStageTotalsTests testShiftSleeperUIAndEngineSelectorPickSameAfternoonBlock]' passed (0.002 seconds).
Test Case '-[StrandAnalyticsTests.SleepStageTotalsTests testTenThirtyOnsetIsTreatedAsOvernightNotDaytime]' started.
Test Case '-[StrandAnalyticsTests.SleepStageTotalsTests testTenThirtyOnsetIsTreatedAsOvernightNotDaytime]' passed (0.000 seconds).
Test Case '-[StrandAnalyticsTests.SleepStageTotalsTests testTightestColdStartMarginNightStillWins]' started.
Test Case '-[StrandAnalyticsTests.SleepStageTotalsTests testTightestColdStartMarginNightStillWins]' passed (0.000 seconds).
Test Suite 'SleepStageTotalsTests' passed at 2026-09-21 23:30:02.859.
	 Executed 63 tests, with 0 failures (0 unexpected) in 1.956 (1.960) seconds
Test Suite 'SleepStageVocabularyTests' started at 2026-09-21 23:30:02.859.
Test Case '-[StrandAnalyticsTests.SleepStageVocabularyTests testAwakeSegmentIsNotCountedAsAsleep]' started.
Test Case '-[StrandAnalyticsTests.SleepStageVocabularyTests testAwakeSegmentIsNotCountedAsAsleep]' passed (0.000 seconds).
Test Case '-[StrandAnalyticsTests.SleepStageVocabularyTests testBothSpellingsAreWake]' started.
Test Case '-[StrandAnalyticsTests.SleepStageVocabularyTests testBothSpellingsAreWake]' passed (0.000 seconds).
Test Case '-[StrandAnalyticsTests.SleepStageVocabularyTests testCasingAndWhitespaceAreFolded]' started.
Test Case '-[StrandAnalyticsTests.SleepStageVocabularyTests testCasingAndWhitespaceAreFolded]' passed (0.000 seconds).
Test Case '-[StrandAnalyticsTests.SleepStageVocabularyTests testSleepStagesAreNotWake]' started.
Test Case '-[StrandAnalyticsTests.SleepStageVocabularyTests testSleepStagesAreNotWake]' passed (0.000 seconds).
Test Case '-[StrandAnalyticsTests.SleepStageVocabularyTests testUnknownAndEmptyAreNotWake]' started.
Test Case '-[StrandAnalyticsTests.SleepStageVocabularyTests testUnknownAndEmptyAreNotWake]' passed (0.000 seconds).
Test Case '-[StrandAnalyticsTests.SleepStageVocabularyTests testWakeTotalIncludesBothSpellings]' started.
Test Case '-[StrandAnalyticsTests.SleepStageVocabularyTests testWakeTotalIncludesBothSpellings]' passed (0.000 seconds).
Test Case '-[StrandAnalyticsTests.SleepStageVocabularyTests testWasoAndDisturbancesCountAnAwakeSegment]' started.
Test Case '-[StrandAnalyticsTests.SleepStageVocabularyTests testWasoAndDisturbancesCountAnAwakeSegment]' passed (0.000 seconds).
Test Suite 'SleepStageVocabularyTests' passed at 2026-09-21 23:30:02.860.
	 Executed 7 tests, with 0 failures (0 unexpected) in 0.001 (0.001) seconds
Test Suite 'SleepStagerActiveBridgeTests' started at 2026-09-21 23:30:02.860.
Test Case '-[StrandAnalyticsTests.SleepStagerActiveBridgeTests testABlockedPairReportsTheBoundThatBlockedItWithTheActiveLength]' started.
Test Case '-[StrandAnalyticsTests.SleepStagerActiveBridgeTests testABlockedPairReportsTheBoundThatBlockedItWithTheActiveLength]' passed (0.000 seconds).
Test Case '-[StrandAnalyticsTests.SleepStagerActiveBridgeTests testABriefSpikeNoLongerPutsTheWholeIntervalOutOfBandButASustainedOneDoes]' started.
Test Case '-[StrandAnalyticsTests.SleepStagerActiveBridgeTests testABriefSpikeNoLongerPutsTheWholeIntervalOutOfBandButASustainedOneDoes]' passed (0.000 seconds).
Test Case '-[StrandAnalyticsTests.SleepStagerActiveBridgeTests testActiveRunPastTheDefaultBoundIsAbsorbedWhenHRStaysInTheSleepBand]' started.
Test Case '-[StrandAnalyticsTests.SleepStagerActiveBridgeTests testActiveRunPastTheDefaultBoundIsAbsorbedWhenHRStaysInTheSleepBand]' passed (0.000 seconds).
Test Case '-[StrandAnalyticsTests.SleepStagerActiveBridgeTests testADenseNightIsUntouched]' started.
Test Case '-[StrandAnalyticsTests.SleepStagerActiveBridgeTests testADenseNightIsUntouched]' passed (0.000 seconds).
Test Case '-[StrandAnalyticsTests.SleepStagerActiveBridgeTests testAnActiveRunLongerThanTheBoundIsLeftAlone]' started.
Test Case '-[StrandAnalyticsTests.SleepStagerActiveBridgeTests testAnActiveRunLongerThanTheBoundIsLeftAlone]' passed (0.000 seconds).
Test Case '-[StrandAnalyticsTests.SleepStagerActiveBridgeTests testAnAdjacentPairMergeReportsNoActiveBound]' started.
Test Case '-[StrandAnalyticsTests.SleepStagerActiveBridgeTests testAnAdjacentPairMergeReportsNoActiveBound]' passed (0.000 seconds).
Test Case '-[StrandAnalyticsTests.SleepStagerActiveBridgeTests testANightWithOneShortInterruptionIsDetectedAsASingleSession]' started.
Test Case '-[StrandAnalyticsTests.SleepStagerActiveBridgeTests testANightWithOneShortInterruptionIsDetectedAsASingleSession]' passed (0.118 seconds).
Test Case '-[StrandAnalyticsTests.SleepStagerActiveBridgeTests testAShortActiveInterruptionBetweenTwoSleepRunsIsAbsorbed]' started.
Test Case '-[StrandAnalyticsTests.SleepStagerActiveBridgeTests testAShortActiveInterruptionBetweenTwoSleepRunsIsAbsorbed]' passed (0.000 seconds).
Test Case '-[StrandAnalyticsTests.SleepStagerActiveBridgeTests testAShortInterruptionWithElevatedHRIsNotAbsorbed]' started.
Test Case '-[StrandAnalyticsTests.SleepStagerActiveBridgeTests testAShortInterruptionWithElevatedHRIsNotAbsorbed]' passed (0.000 seconds).
Test Case '-[StrandAnalyticsTests.SleepStagerActiveBridgeTests testTheInBandBoundIsAMaximumNeverAReplacement]' started.
Test Case '-[StrandAnalyticsTests.SleepStagerActiveBridgeTests testTheInBandBoundIsAMaximumNeverAReplacement]' passed (0.000 seconds).
Test Case '-[StrandAnalyticsTests.SleepStagerActiveBridgeTests testTheOriginalAdjacentPairMergeStillWorks]' started.
Test Case '-[StrandAnalyticsTests.SleepStagerActiveBridgeTests testTheOriginalAdjacentPairMergeStillWorks]' passed (0.000 seconds).
Test Case '-[StrandAnalyticsTests.SleepStagerActiveBridgeTests testThePairLineRendersExactlyAsItsKotlinTwinDoes]' started.
Test Case '-[StrandAnalyticsTests.SleepStagerActiveBridgeTests testThePairLineRendersExactlyAsItsKotlinTwinDoes]' passed (0.000 seconds).
Test Case '-[StrandAnalyticsTests.SleepStagerActiveBridgeTests testTheSameNightWithAGenuinelyAwakeInterruptionIsNotBridgedIntoOne]' started.
Test Case '-[StrandAnalyticsTests.SleepStagerActiveBridgeTests testTheSameNightWithAGenuinelyAwakeInterruptionIsNotBridgedIntoOne]' passed (0.115 seconds).
Test Case '-[StrandAnalyticsTests.SleepStagerActiveBridgeTests testTheTracedPassReturnsExactlyWhatThePlainOneDoes]' started.
Test Case '-[StrandAnalyticsTests.SleepStagerActiveBridgeTests testTheTracedPassReturnsExactlyWhatThePlainOneDoes]' passed (0.000 seconds).
Test Case '-[StrandAnalyticsTests.SleepStagerActiveBridgeTests testTheWiderBoundDoesNotApplyWhenHRIsElevated]' started.
Test Case '-[StrandAnalyticsTests.SleepStagerActiveBridgeTests testTheWiderBoundDoesNotApplyWhenHRIsElevated]' passed (0.000 seconds).
Test Case '-[StrandAnalyticsTests.SleepStagerActiveBridgeTests testTwoConsecutiveActiveRunsAreNotAbsorbed]' started.
Test Case '-[StrandAnalyticsTests.SleepStagerActiveBridgeTests testTwoConsecutiveActiveRunsAreNotAbsorbed]' passed (0.000 seconds).
Test Suite 'SleepStagerActiveBridgeTests' passed at 2026-09-21 23:30:03.096.
	 Executed 16 tests, with 0 failures (0 unexpected) in 0.235 (0.236) seconds
Test Suite 'SleepStagerCacheFingerprintTests' started at 2026-09-21 23:30:03.096.
Test Case '-[StrandAnalyticsTests.SleepStagerCacheFingerprintTests testDetectSleepSameSumAxesDoNotAliasMemo]' started.
Test Case '-[StrandAnalyticsTests.SleepStagerCacheFingerprintTests testDetectSleepSameSumAxesDoNotAliasMemo]' passed (0.048 seconds).
Test Case '-[StrandAnalyticsTests.SleepStagerCacheFingerprintTests testV1StageSameSumAxesDoNotAliasMemo]' started.
Test Case '-[StrandAnalyticsTests.SleepStagerCacheFingerprintTests testV1StageSameSumAxesDoNotAliasMemo]' passed (0.023 seconds).
Test Case '-[StrandAnalyticsTests.SleepStagerCacheFingerprintTests testV2StageSameSumAxesDoNotAliasMemo]' started.
Test Case '-[StrandAnalyticsTests.SleepStagerCacheFingerprintTests testV2StageSameSumAxesDoNotAliasMemo]' passed (0.041 seconds).
Test Suite 'SleepStagerCacheFingerprintTests' passed at 2026-09-21 23:30:03.208.
	 Executed 3 tests, with 0 failures (0 unexpected) in 0.112 (0.112) seconds
Test Suite 'SleepStagerHrConfirmTests' started at 2026-09-21 23:30:03.208.
Test Case '-[StrandAnalyticsTests.SleepStagerHrConfirmTests testGenuinelyElevatedRunIsStillRejected]' started.
Test Case '-[StrandAnalyticsTests.SleepStagerHrConfirmTests testGenuinelyElevatedRunIsStillRejected]' passed (0.000 seconds).
Test Case '-[StrandAnalyticsTests.SleepStagerHrConfirmTests testNullBaselineTrustsGravity]' started.
Test Case '-[StrandAnalyticsTests.SleepStagerHrConfirmTests testNullBaselineTrustsGravity]' passed (0.000 seconds).
Test Case '-[StrandAnalyticsTests.SleepStagerHrConfirmTests testRunTheMeanAlreadyAcceptedStillPasses]' started.
Test Case '-[StrandAnalyticsTests.SleepStagerHrConfirmTests testRunTheMeanAlreadyAcceptedStillPasses]' passed (0.000 seconds).
Test Case '-[StrandAnalyticsTests.SleepStagerHrConfirmTests testSpikyButAsleepRunSurvivesWhereMeanWouldDropIt]' started.
Test Case '-[StrandAnalyticsTests.SleepStagerHrConfirmTests testSpikyButAsleepRunSurvivesWhereMeanWouldDropIt]' passed (0.000 seconds).
Test Case '-[StrandAnalyticsTests.SleepStagerHrConfirmTests testTooFewSamplesTrustsGravity]' started.
Test Case '-[StrandAnalyticsTests.SleepStagerHrConfirmTests testTooFewSamplesTrustsGravity]' passed (0.000 seconds).
Test Suite 'SleepStagerHrConfirmTests' passed at 2026-09-21 23:30:03.209.
	 Executed 5 tests, with 0 failures (0 unexpected) in 0.001 (0.001) seconds
Test Suite 'SleepStagerHrOnlyAnchorTests' started at 2026-09-21 23:30:03.209.
Test Case '-[StrandAnalyticsTests.SleepStagerHrOnlyAnchorTests testAnchorIsTenthPercentileNearestRank]' started.
Test Case '-[StrandAnalyticsTests.SleepStagerHrOnlyAnchorTests testAnchorIsTenthPercentileNearestRank]' passed (0.000 seconds).
Test Case '-[StrandAnalyticsTests.SleepStagerHrOnlyAnchorTests testDetectorBandIsASeparateConstantFromTheConfirmationGate]' started.
Test Case '-[StrandAnalyticsTests.SleepStagerHrOnlyAnchorTests testDetectorBandIsASeparateConstantFromTheConfirmationGate]' passed (0.000 seconds).
Test Case '-[StrandAnalyticsTests.SleepStagerHrOnlyAnchorTests testLongMultiNightWindowIsUnderReadNotOverRead]' started.
Test Case '-[StrandAnalyticsTests.SleepStagerHrOnlyAnchorTests testLongMultiNightWindowIsUnderReadNotOverRead]' passed (0.125 seconds).
Test Case '-[StrandAnalyticsTests.SleepStagerHrOnlyAnchorTests testMedianOverDetectsAndPercentileDoesNot]' started.
Test Case '-[StrandAnalyticsTests.SleepStagerHrOnlyAnchorTests testMedianOverDetectsAndPercentileDoesNot]' passed (0.105 seconds).
Test Suite 'SleepStagerHrOnlyAnchorTests' passed at 2026-09-21 23:30:03.440.
	 Executed 4 tests, with 0 failures (0 unexpected) in 0.231 (0.231) seconds
Test Suite 'SleepStagerHrOnlySessionsTests' started at 2026-09-21 23:30:03.440.
Test Case '-[StrandAnalyticsTests.SleepStagerHrOnlySessionsTests testHrOnlySessionReportsMeasuredRestingHRAndHRVAndStillMarksItself]' started.
Test Case '-[StrandAnalyticsTests.SleepStagerHrOnlySessionsTests testHrOnlySessionReportsMeasuredRestingHRAndHRVAndStillMarksItself]' passed (0.095 seconds).
Test Case '-[StrandAnalyticsTests.SleepStagerHrOnlySessionsTests testHrOnlySessionWithoutRRStillReportsRestingHR]' started.
Test Case '-[StrandAnalyticsTests.SleepStagerHrOnlySessionsTests testHrOnlySessionWithoutRRStillReportsRestingHR]' passed (0.066 seconds).
Test Case '-[StrandAnalyticsTests.SleepStagerHrOnlySessionsTests testLowHRNightBecomesAtLeastOneStagedSession]' started.
Test Case '-[StrandAnalyticsTests.SleepStagerHrOnlySessionsTests testLowHRNightBecomesAtLeastOneStagedSession]' passed (0.084 seconds).
Test Suite 'SleepStagerHrOnlySessionsTests' passed at 2026-09-21 23:30:03.685.
	 Executed 3 tests, with 0 failures (0 unexpected) in 0.245 (0.245) seconds
Test Suite 'SleepStagerHrOnlySpineTests' started at 2026-09-21 23:30:03.685.
Test Case '-[StrandAnalyticsTests.SleepStagerHrOnlySpineTests testAllInBandIsOneSleepRun]' started.
Test Case '-[StrandAnalyticsTests.SleepStagerHrOnlySpineTests testAllInBandIsOneSleepRun]' passed (0.000 seconds).
Test Case '-[StrandAnalyticsTests.SleepStagerHrOnlySpineTests testAllOutOfBandIsOneActiveRun]' started.
Test Case '-[StrandAnalyticsTests.SleepStagerHrOnlySpineTests testAllOutOfBandIsOneActiveRun]' passed (0.000 seconds).
Test Case '-[StrandAnalyticsTests.SleepStagerHrOnlySpineTests testBandBoundaryIsInclusive]' started.
Test Case '-[StrandAnalyticsTests.SleepStagerHrOnlySpineTests testBandBoundaryIsInclusive]' passed (0.000 seconds).
Test Case '-[StrandAnalyticsTests.SleepStagerHrOnlySpineTests testGapWiderThanMaxGapBreaksASameClassRun]' started.
Test Case '-[StrandAnalyticsTests.SleepStagerHrOnlySpineTests testGapWiderThanMaxGapBreaksASameClassRun]' passed (0.000 seconds).
Test Case '-[StrandAnalyticsTests.SleepStagerHrOnlySpineTests testNoBaselineOrNoHrYieldsNothing]' started.
Test Case '-[StrandAnalyticsTests.SleepStagerHrOnlySpineTests testNoBaselineOrNoHrYieldsNothing]' passed (0.000 seconds).
Test Case '-[StrandAnalyticsTests.SleepStagerHrOnlySpineTests testOneSpikeInAnEpochDoesNotFlipIt]' started.
Test Case '-[StrandAnalyticsTests.SleepStagerHrOnlySpineTests testOneSpikeInAnEpochDoesNotFlipIt]' passed (0.000 seconds).
Test Case '-[StrandAnalyticsTests.SleepStagerHrOnlySpineTests testRunEndIsTheLastSampleNotTheEpochStart]' started.
Test Case '-[StrandAnalyticsTests.SleepStagerHrOnlySpineTests testRunEndIsTheLastSampleNotTheEpochStart]' passed (0.000 seconds).
Test Case '-[StrandAnalyticsTests.SleepStagerHrOnlySpineTests testSleepActiveSleepSegmentsIntoThree]' started.
Test Case '-[StrandAnalyticsTests.SleepStagerHrOnlySpineTests testSleepActiveSleepSegmentsIntoThree]' passed (0.000 seconds).
Test Suite 'SleepStagerHrOnlySpineTests' passed at 2026-09-21 23:30:03.687.
	 Executed 8 tests, with 0 failures (0 unexpected) in 0.002 (0.002) seconds
Test Suite 'SleepStagerHrOnlyTraceTests' started at 2026-09-21 23:30:03.687.
Test Case '-[StrandAnalyticsTests.SleepStagerHrOnlyTraceTests testAbsentAnchorPrintsNilRatherThanZero]' started.
Test Case '-[StrandAnalyticsTests.SleepStagerHrOnlyTraceTests testAbsentAnchorPrintsNilRatherThanZero]' passed (0.000 seconds).
Test Case '-[StrandAnalyticsTests.SleepStagerHrOnlyTraceTests testEpochsCountsEpochsNotSamples]' started.
Test Case '-[StrandAnalyticsTests.SleepStagerHrOnlyTraceTests testEpochsCountsEpochsNotSamples]' passed (0.001 seconds).
Test Case '-[StrandAnalyticsTests.SleepStagerHrOnlyTraceTests testLineNamesTheDerivedThresholdAndLongestCandidate]' started.
Test Case '-[StrandAnalyticsTests.SleepStagerHrOnlyTraceTests testLineNamesTheDerivedThresholdAndLongestCandidate]' passed (0.000 seconds).
Test Case '-[StrandAnalyticsTests.SleepStagerHrOnlyTraceTests testOneDecimalRoundingMatchesTheKotlinTwin]' started.
Test Case '-[StrandAnalyticsTests.SleepStagerHrOnlyTraceTests testOneDecimalRoundingMatchesTheKotlinTwin]' passed (0.000 seconds).
Test Suite 'SleepStagerHrOnlyTraceTests' passed at 2026-09-21 23:30:03.689.
	 Executed 4 tests, with 0 failures (0 unexpected) in 0.001 (0.001) seconds
Test Suite 'SleepStagerRespEvidenceTests' started at 2026-09-21 23:30:03.689.
Test Case '-[StrandAnalyticsTests.SleepStagerRespEvidenceTests testClassificationIsIdenticalToThePreFixPredicates]' started.
Test Case '-[StrandAnalyticsTests.SleepStagerRespEvidenceTests testClassificationIsIdenticalToThePreFixPredicates]' passed (0.415 seconds).
Test Case '-[StrandAnalyticsTests.SleepStagerRespEvidenceTests testCoincidentBarsAreReachableAndPreserveThePreFixLabels]' started.
Test Case '-[StrandAnalyticsTests.SleepStagerRespEvidenceTests testCoincidentBarsAreReachableAndPreserveThePreFixLabels]' passed (0.001 seconds).
Test Case '-[StrandAnalyticsTests.SleepStagerRespEvidenceTests testEveryCaseIsOneCellOfThePreFixBooleanPair]' started.
Test Case '-[StrandAnalyticsTests.SleepStagerRespEvidenceTests testEveryCaseIsOneCellOfThePreFixBooleanPair]' passed (0.000 seconds).
Test Case '-[StrandAnalyticsTests.SleepStagerRespEvidenceTests testMeasuredValuesMapToTheirBands]' started.
Test Case '-[StrandAnalyticsTests.SleepStagerRespEvidenceTests testMeasuredValuesMapToTheirBands]' passed (0.000 seconds).
Test Case '-[StrandAnalyticsTests.SleepStagerRespEvidenceTests testMidBandAndUnmeasuredAreDistinctAndBehaveDifferently]' started.
Test Case '-[StrandAnalyticsTests.SleepStagerRespEvidenceTests testMidBandAndUnmeasuredAreDistinctAndBehaveDifferently]' passed (0.000 seconds).
Test Case '-[StrandAnalyticsTests.SleepStagerRespEvidenceTests testMidBandDoesNotEarnTheMissingRespirationRemFallback]' started.
Test Case '-[StrandAnalyticsTests.SleepStagerRespEvidenceTests testMidBandDoesNotEarnTheMissingRespirationRemFallback]' passed (0.000 seconds).
Test Case '-[StrandAnalyticsTests.SleepStagerRespEvidenceTests testMissingRrvIsUnmeasuredNotRegular]' started.
Test Case '-[StrandAnalyticsTests.SleepStagerRespEvidenceTests testMissingRrvIsUnmeasuredNotRegular]' passed (0.000 seconds).
Test Case '-[StrandAnalyticsTests.SleepStagerRespEvidenceTests testNoRespChannelSessionIsAlsoUnchanged]' started.
Test Case '-[StrandAnalyticsTests.SleepStagerRespEvidenceTests testNoRespChannelSessionIsAlsoUnchanged]' passed (0.003 seconds).
Test Case '-[StrandAnalyticsTests.SleepStagerRespEvidenceTests testRemRejectReasonAgreesWithTheClassifier]' started.
Test Case '-[StrandAnalyticsTests.SleepStagerRespEvidenceTests testRemRejectReasonAgreesWithTheClassifier]' passed (0.015 seconds).
Test Case '-[StrandAnalyticsTests.SleepStagerRespEvidenceTests testRrvIsNaNWhenThereAreNoRespirationSamples]' started.
Test Case '-[StrandAnalyticsTests.SleepStagerRespEvidenceTests testRrvIsNaNWhenThereAreNoRespirationSamples]' passed (0.000 seconds).
Test Case '-[StrandAnalyticsTests.SleepStagerRespEvidenceTests testTheDeepPassRateDoublesWhenTheRespirationChannelIsAbsent]' started.
Test Case '-[StrandAnalyticsTests.SleepStagerRespEvidenceTests testTheDeepPassRateDoublesWhenTheRespirationChannelIsAbsent]' passed (0.006 seconds).
Test Case '-[StrandAnalyticsTests.SleepStagerRespEvidenceTests testUnmeasuredRespirationIsWaivedForDeepAndTheWaiverIsExplicit]' started.
Test Case '-[StrandAnalyticsTests.SleepStagerRespEvidenceTests testUnmeasuredRespirationIsWaivedForDeepAndTheWaiverIsExplicit]' passed (0.000 seconds).
Test Suite 'SleepStagerRespEvidenceTests' passed at 2026-09-21 23:30:04.130.
	 Executed 12 tests, with 0 failures (0 unexpected) in 0.441 (0.442) seconds
Test Suite 'SleepStagerTests' started at 2026-09-21 23:30:04.130.
Test Case '-[StrandAnalyticsTests.SleepStagerTests testBandStateConfirmsAsleepFractionGate]' started.
Test Case '-[StrandAnalyticsTests.SleepStagerTests testBandStateConfirmsAsleepFractionGate]' passed (0.000 seconds).
Test Case '-[StrandAnalyticsTests.SleepStagerTests testBandStateWakeVetoDefaultOffLeavesHypnogramUnchangedEndToEnd]' started.
Test Case '-[StrandAnalyticsTests.SleepStagerTests testBandStateWakeVetoDefaultOffLeavesHypnogramUnchangedEndToEnd]' passed (0.171 seconds).
Test Case '-[StrandAnalyticsTests.SleepStagerTests testBandStateWakeVetoNoOpWhenBandAbsent]' started.
Test Case '-[StrandAnalyticsTests.SleepStagerTests testBandStateWakeVetoNoOpWhenBandAbsent]' passed (0.000 seconds).
Test Case '-[StrandAnalyticsTests.SleepStagerTests testBandStateWakeVetoOnlyAsleepStateVetoes]' started.
Test Case '-[StrandAnalyticsTests.SleepStagerTests testBandStateWakeVetoOnlyAsleepStateVetoes]' passed (0.000 seconds).
Test Case '-[StrandAnalyticsTests.SleepStagerTests testBandStateWakeVetoPartialInteriorRecovery]' started.
Test Case '-[StrandAnalyticsTests.SleepStagerTests testBandStateWakeVetoPartialInteriorRecovery]' passed (0.000 seconds).
Test Case '-[StrandAnalyticsTests.SleepStagerTests testBandStateWakeVetoPreservesTilingAndOnlyRemovesWake]' started.
Test Case '-[StrandAnalyticsTests.SleepStagerTests testBandStateWakeVetoPreservesTilingAndOnlyRemovesWake]' passed (0.000 seconds).
Test Case '-[StrandAnalyticsTests.SleepStagerTests testBandStateWakeVetoRecoversInteriorFalseWake]' started.
Test Case '-[StrandAnalyticsTests.SleepStagerTests testBandStateWakeVetoRecoversInteriorFalseWake]' passed (0.000 seconds).
Test Case '-[StrandAnalyticsTests.SleepStagerTests testBandVetoCutoffSparesNightsBeforeCutoff]' started.
Test Case '-[StrandAnalyticsTests.SleepStagerTests testBandVetoCutoffSparesNightsBeforeCutoff]' passed (0.000 seconds).
Test Case '-[StrandAnalyticsTests.SleepStagerTests testBandVetoShadowLineIsNamespacedAndUncounted]' started.
Test Case '-[StrandAnalyticsTests.SleepStagerTests testBandVetoShadowLineIsNamespacedAndUncounted]' passed (0.000 seconds).
Test Case '-[StrandAnalyticsTests.SleepStagerTests testBandVetoShadowTraceReportsRecoveryOutputNeutral]' started.
Test Case '-[StrandAnalyticsTests.SleepStagerTests testBandVetoShadowTraceReportsRecoveryOutputNeutral]' passed (0.050 seconds).
Test Case '-[StrandAnalyticsTests.SleepStagerTests testBriefWristOffBlipKeepsWornNight]' started.
Test Case '-[StrandAnalyticsTests.SleepStagerTests testBriefWristOffBlipKeepsWornNight]' passed (0.131 seconds).
Test Case '-[StrandAnalyticsTests.SleepStagerTests testBuildRunsDenseGravityByteIdenticalToLegacy]' started.
Test Case '-[StrandAnalyticsTests.SleepStagerTests testBuildRunsDenseGravityByteIdenticalToLegacy]' passed (0.001 seconds).
Test Case '-[StrandAnalyticsTests.SleepStagerTests testCardiacSparseFlagFiresOnMostlyMissingRmssd_705]' started.
Test Case '-[StrandAnalyticsTests.SleepStagerTests testCardiacSparseFlagFiresOnMostlyMissingRmssd_705]' passed (0.000 seconds).
Test Case '-[StrandAnalyticsTests.SleepStagerTests testClumpedGravityWithLongDropoutBridged_28]' started.
Test Case '-[StrandAnalyticsTests.SleepStagerTests testClumpedGravityWithLongDropoutBridged_28]' passed (0.038 seconds).
Test Case '-[StrandAnalyticsTests.SleepStagerTests testColeKripkeAllStillIsSleep]' started.
Test Case '-[StrandAnalyticsTests.SleepStagerTests testColeKripkeAllStillIsSleep]' passed (0.000 seconds).
Test Case '-[StrandAnalyticsTests.SleepStagerTests testColeKripkeHighActivityIsWake]' started.
Test Case '-[StrandAnalyticsTests.SleepStagerTests testColeKripkeHighActivityIsWake]' passed (0.000 seconds).
Test Case '-[StrandAnalyticsTests.SleepStagerTests testConvolveReflectShortInputDoesNotCrash]' started.
Test Case '-[StrandAnalyticsTests.SleepStagerTests testConvolveReflectShortInputDoesNotCrash]' passed (0.000 seconds).
Test Case '-[StrandAnalyticsTests.SleepStagerTests testDaytimeGuardEmptyInputsNoCrash]' started.
Test Case '-[StrandAnalyticsTests.SleepStagerTests testDaytimeGuardEmptyInputsNoCrash]' passed (0.001 seconds).
Test Case '-[StrandAnalyticsTests.SleepStagerTests testDaytimeQualityNapRegisters]' started.
Test Case '-[StrandAnalyticsTests.SleepStagerTests testDaytimeQualityNapRegisters]' passed (0.046 seconds).
Test Case '-[StrandAnalyticsTests.SleepStagerTests testDaytimeShortLowHRWindowRejected]' started.
Test Case '-[StrandAnalyticsTests.SleepStagerTests testDaytimeShortLowHRWindowRejected]' passed (0.008 seconds).
Test Case '-[StrandAnalyticsTests.SleepStagerTests testDeepReimpositionKeepsLateDeepWhenNoEarlyDeep]' started.
Test Case '-[StrandAnalyticsTests.SleepStagerTests testDeepReimpositionKeepsLateDeepWhenNoEarlyDeep]' passed (0.000 seconds).
Test Case '-[StrandAnalyticsTests.SleepStagerTests testDenseGravityNightUnchangedBySparsePath]' started.
Test Case '-[StrandAnalyticsTests.SleepStagerTests testDenseGravityNightUnchangedBySparsePath]' passed (0.125 seconds).
Test Case '-[StrandAnalyticsTests.SleepStagerTests testDenseNightKeepsRestSolidEndToEnd]' started.
Test Case '-[StrandAnalyticsTests.SleepStagerTests testDenseNightKeepsRestSolidEndToEnd]' passed (0.000 seconds).
Test Case '-[StrandAnalyticsTests.SleepStagerTests testDetectSleepClampsOverlongBadClockBlock]' started.
Test Case '-[StrandAnalyticsTests.SleepStagerTests testDetectSleepClampsOverlongBadClockBlock]' passed (0.010 seconds).
Test Case '-[StrandAnalyticsTests.SleepStagerTests testDetectSleepEmptyGravity]' started.
Test Case '-[StrandAnalyticsTests.SleepStagerTests testDetectSleepEmptyGravity]' passed (0.000 seconds).
Test Case '-[StrandAnalyticsTests.SleepStagerTests testDetectSleepFindsStillNight]' started.
Test Case '-[StrandAnalyticsTests.SleepStagerTests testDetectSleepFindsStillNight]' passed (0.013 seconds).
Test Case '-[StrandAnalyticsTests.SleepStagerTests testDetectSleepHRConfirmationRejectsHighHR]' started.
Test Case '-[StrandAnalyticsTests.SleepStagerTests testDetectSleepHRConfirmationRejectsHighHR]' passed (0.010 seconds).
Test Case '-[StrandAnalyticsTests.SleepStagerTests testDetectSleepKeepsLongButPlausibleNight]' started.
Test Case '-[StrandAnalyticsTests.SleepStagerTests testDetectSleepKeepsLongButPlausibleNight]' passed (0.315 seconds).
Test Case '-[StrandAnalyticsTests.SleepStagerTests testDetectSleepRejectsShortBout]' started.
Test Case '-[StrandAnalyticsTests.SleepStagerTests testDetectSleepRejectsShortBout]' passed (0.001 seconds).
Test Case '-[StrandAnalyticsTests.SleepStagerTests testEfficiencyComputation]' started.
Test Case '-[StrandAnalyticsTests.SleepStagerTests testEfficiencyComputation]' passed (0.000 seconds).
Test Case '-[StrandAnalyticsTests.SleepStagerTests testFindPeaksTieBreakKeepsLowestIndex]' started.
Test Case '-[StrandAnalyticsTests.SleepStagerTests testFindPeaksTieBreakKeepsLowestIndex]' passed (0.000 seconds).
Test Case '-[StrandAnalyticsTests.SleepStagerTests testGravitySparseGateConditions]' started.
Test Case '-[StrandAnalyticsTests.SleepStagerTests testGravitySparseGateConditions]' passed (0.000 seconds).
Test Case '-[StrandAnalyticsTests.SleepStagerTests testHypnogramMetricsAASM]' started.
Test Case '-[StrandAnalyticsTests.SleepStagerTests testHypnogramMetricsAASM]' passed (0.000 seconds).
Test Case '-[StrandAnalyticsTests.SleepStagerTests testHypnogramREMLatency]' started.
Test Case '-[StrandAnalyticsTests.SleepStagerTests testHypnogramREMLatency]' passed (0.000 seconds).
Test Case '-[StrandAnalyticsTests.SleepStagerTests testMergeFragmentsAbsorbsSameStageBridge]' started.
Test Case '-[StrandAnalyticsTests.SleepStagerTests testMergeFragmentsAbsorbsSameStageBridge]' passed (0.000 seconds).
Test Case '-[StrandAnalyticsTests.SleepStagerTests testMergeFragmentsBiasesLighterOnTie]' started.
Test Case '-[StrandAnalyticsTests.SleepStagerTests testMergeFragmentsBiasesLighterOnTie]' passed (0.000 seconds).
Test Case '-[StrandAnalyticsTests.SleepStagerTests testMergeFragmentsDegenerateInputs]' started.
Test Case '-[StrandAnalyticsTests.SleepStagerTests testMergeFragmentsDegenerateInputs]' passed (0.000 seconds).
Test Case '-[StrandAnalyticsTests.SleepStagerTests testMergeFragmentsFoldsIntoLongerNeighbour]' started.
Test Case '-[StrandAnalyticsTests.SleepStagerTests testMergeFragmentsFoldsIntoLongerNeighbour]' passed (0.000 seconds).
Test Case '-[StrandAnalyticsTests.SleepStagerTests testMergeFragmentsLeadingAndTrailingFlecks]' started.
Test Case '-[StrandAnalyticsTests.SleepStagerTests testMergeFragmentsLeadingAndTrailingFlecks]' passed (0.000 seconds).
Test Case '-[StrandAnalyticsTests.SleepStagerTests testMergeFragmentsPreservesGenuineTransition]' started.
Test Case '-[StrandAnalyticsTests.SleepStagerTests testMergeFragmentsPreservesGenuineTransition]' passed (0.000 seconds).
Test Case '-[StrandAnalyticsTests.SleepStagerTests testMergeFragmentsThresholdConstant]' started.
Test Case '-[StrandAnalyticsTests.SleepStagerTests testMergeFragmentsThresholdConstant]' passed (0.000 seconds).
Test Case '-[StrandAnalyticsTests.SleepStagerTests testMissingRmssdNoLongerBlocksDeep]' started.
Test Case '-[StrandAnalyticsTests.SleepStagerTests testMissingRmssdNoLongerBlocksDeep]' passed (0.000 seconds).
Test Case '-[StrandAnalyticsTests.SleepStagerTests testMorningStillnessGuardNoOpOutsideWindow]' started.
Test Case '-[StrandAnalyticsTests.SleepStagerTests testMorningStillnessGuardNoOpOutsideWindow]' passed (0.000 seconds).
Test Case '-[StrandAnalyticsTests.SleepStagerTests testMorningStillnessKeptOnStrongReonsetDip]' started.
Test Case '-[StrandAnalyticsTests.SleepStagerTests testMorningStillnessKeptOnStrongReonsetDip]' passed (0.000 seconds).
Test Case '-[StrandAnalyticsTests.SleepStagerTests testMorningStillnessRejectedNearOvernightWake]' started.
Test Case '-[StrandAnalyticsTests.SleepStagerTests testMorningStillnessRejectedNearOvernightWake]' passed (0.000 seconds).
Test Case '-[StrandAnalyticsTests.SleepStagerTests testMorningStillnessRescuedByBandSleepState]' started.
Test Case '-[StrandAnalyticsTests.SleepStagerTests testMorningStillnessRescuedByBandSleepState]' passed (0.000 seconds).
Test Case '-[StrandAnalyticsTests.SleepStagerTests testOffWristDaytimeGapNotSleep]' started.
Test Case '-[StrandAnalyticsTests.SleepStagerTests testOffWristDaytimeGapNotSleep]' passed (0.010 seconds).
Test Case '-[StrandAnalyticsTests.SleepStagerTests testOffWristFractionAndGapSpans]' started.
Test Case '-[StrandAnalyticsTests.SleepStagerTests testOffWristFractionAndGapSpans]' passed (0.001 seconds).
Test Case '-[StrandAnalyticsTests.SleepStagerTests testOvernightShortWindowUnchanged]' started.
Test Case '-[StrandAnalyticsTests.SleepStagerTests testOvernightShortWindowUnchanged]' passed (0.029 seconds).
Test Case '-[StrandAnalyticsTests.SleepStagerTests testOvernightSleepTailPastNoonKeepsLateWake]' started.
Test Case '-[StrandAnalyticsTests.SleepStagerTests testOvernightSleepTailPastNoonKeepsLateWake]' passed (0.210 seconds).
Test Case '-[StrandAnalyticsTests.SleepStagerTests testRealNightWithShortOffWristTailIsKept_HRGapPath]' started.
Test Case '-[StrandAnalyticsTests.SleepStagerTests testRealNightWithShortOffWristTailIsKept_HRGapPath]' passed (0.088 seconds).
Test Case '-[StrandAnalyticsTests.SleepStagerTests testRealNightWithShortOffWristTailIsKept_IntervalPath]' started.
Test Case '-[StrandAnalyticsTests.SleepStagerTests testRealNightWithShortOffWristTailIsKept_IntervalPath]' passed (0.083 seconds).
Test Case '-[StrandAnalyticsTests.SleepStagerTests testRemFunnelDiagnosticIsReadOnly]' started.
Test Case '-[StrandAnalyticsTests.SleepStagerTests testRemFunnelDiagnosticIsReadOnly]' passed (0.047 seconds).
Test Case '-[StrandAnalyticsTests.SleepStagerTests testRemFunnelDiagnosticNilWhenNoGravity]' started.
Test Case '-[StrandAnalyticsTests.SleepStagerTests testRemFunnelDiagnosticNilWhenNoGravity]' passed (0.000 seconds).
Test Case '-[StrandAnalyticsTests.SleepStagerTests testRemFunnelDiagnosticZeroREMNightSurfacesRespAbsent]' started.
Test Case '-[StrandAnalyticsTests.SleepStagerTests testRemFunnelDiagnosticZeroREMNightSurfacesRespAbsent]' passed (0.027 seconds).
Test Case '-[StrandAnalyticsTests.SleepStagerTests testRemRejectReasonAttributesEachGate]' started.
Test Case '-[StrandAnalyticsTests.SleepStagerTests testRemRejectReasonAttributesEachGate]' passed (0.000 seconds).
Test Case '-[StrandAnalyticsTests.SleepStagerTests testRemRejectReasonNoRespFallbackIsRemEligible]' started.
Test Case '-[StrandAnalyticsTests.SleepStagerTests testRemRejectReasonNoRespFallbackIsRemEligible]' passed (0.000 seconds).
Test Case '-[StrandAnalyticsTests.SleepStagerTests testRescaleCountsDivideAndClip]' started.
Test Case '-[StrandAnalyticsTests.SleepStagerTests testRescaleCountsDivideAndClip]' passed (0.000 seconds).
Test Case '-[StrandAnalyticsTests.SleepStagerTests testRespRateFromSyntheticBreathing]' started.
Test Case '-[StrandAnalyticsTests.SleepStagerTests testRespRateFromSyntheticBreathing]' passed (0.000 seconds).
Test Case '-[StrandAnalyticsTests.SleepStagerTests testRespRateTooFewSamples]' started.
Test Case '-[StrandAnalyticsTests.SleepStagerTests testRespRateTooFewSamples]' passed (0.000 seconds).
Test Case '-[StrandAnalyticsTests.SleepStagerTests testSessionAvgHRVRejectsEctopicSpikes]' started.
Test Case '-[StrandAnalyticsTests.SleepStagerTests testSessionAvgHRVRejectsEctopicSpikes]' passed (0.001 seconds).
Test Case '-[StrandAnalyticsTests.SleepStagerTests testSessionAvgHRVZeroLengthWindowUsesTheEndpointBeats]' started.
Test Case '-[StrandAnalyticsTests.SleepStagerTests testSessionAvgHRVZeroLengthWindowUsesTheEndpointBeats]' passed (0.000 seconds).
Test Case '-[StrandAnalyticsTests.SleepStagerTests testSessionEpochMotionEmptyWhenNoGravity]' started.
Test Case '-[StrandAnalyticsTests.SleepStagerTests testSessionEpochMotionEmptyWhenNoGravity]' passed (0.000 seconds).
Test Case '-[StrandAnalyticsTests.SleepStagerTests testSessionEpochMotionGridsToStageEpochs]' started.
Test Case '-[StrandAnalyticsTests.SleepStagerTests testSessionEpochMotionGridsToStageEpochs]' passed (0.000 seconds).
Test Case '-[StrandAnalyticsTests.SleepStagerTests testSessionEpochSleepStateCarriesForwardAndVerbatim]' started.
Test Case '-[StrandAnalyticsTests.SleepStagerTests testSessionEpochSleepStateCarriesForwardAndVerbatim]' passed (0.000 seconds).
Test Case '-[StrandAnalyticsTests.SleepStagerTests testSessionEpochSleepStateEmptyWhenNoBandSamples]' started.
Test Case '-[StrandAnalyticsTests.SleepStagerTests testSessionEpochSleepStateEmptyWhenNoBandSamples]' passed (0.000 seconds).
Test Case '-[StrandAnalyticsTests.SleepStagerTests testSessionEpochSleepStateGridsOnePerEpoch]' started.
Test Case '-[StrandAnalyticsTests.SleepStagerTests testSessionEpochSleepStateGridsOnePerEpoch]' passed (0.000 seconds).
Test Case '-[StrandAnalyticsTests.SleepStagerTests testSessionGridFeedsTheReonsetGuardEndToEnd]' started.
Test Case '-[StrandAnalyticsTests.SleepStagerTests testSessionGridFeedsTheReonsetGuardEndToEnd]' passed (0.000 seconds).
Test Case '-[StrandAnalyticsTests.SleepStagerTests testSessionHrvWindowsAlignedEndpointBeatsFillTheFinalWindow]' started.
Test Case '-[StrandAnalyticsTests.SleepStagerTests testSessionHrvWindowsAlignedEndpointBeatsFillTheFinalWindow]' passed (0.001 seconds).
Test Case '-[StrandAnalyticsTests.SleepStagerTests testSessionHrvWindowsNonAlignedEndpointUnchanged]' started.
Test Case '-[StrandAnalyticsTests.SleepStagerTests testSessionHrvWindowsNonAlignedEndpointUnchanged]' passed (0.001 seconds).
Test Case '-[StrandAnalyticsTests.SleepStagerTests testSessionRestingHRAlignedEndpointSampleReachesABin]' started.
Test Case '-[StrandAnalyticsTests.SleepStagerTests testSessionRestingHRAlignedEndpointSampleReachesABin]' passed (0.000 seconds).
Test Case '-[StrandAnalyticsTests.SleepStagerTests testSessionRestingHRDegenerateZeroLengthWindow]' started.
Test Case '-[StrandAnalyticsTests.SleepStagerTests testSessionRestingHRDegenerateZeroLengthWindow]' passed (0.000 seconds).
Test Case '-[StrandAnalyticsTests.SleepStagerTests testSessionRestingHREndpointSampleLandsInFinalBinOnly]' started.
Test Case '-[StrandAnalyticsTests.SleepStagerTests testSessionRestingHREndpointSampleLandsInFinalBinOnly]' passed (0.000 seconds).
Test Case '-[StrandAnalyticsTests.SleepStagerTests testSessionRestingHREndpointSweepMatchesOracle]' started.
Test Case '-[StrandAnalyticsTests.SleepStagerTests testSessionRestingHREndpointSweepMatchesOracle]' passed (0.003 seconds).
Test Case '-[StrandAnalyticsTests.SleepStagerTests testSessionRestingHRNonAlignedEndpointSampleReachesABin]' started.
Test Case '-[StrandAnalyticsTests.SleepStagerTests testSessionRestingHRNonAlignedEndpointSampleReachesABin]' passed (0.000 seconds).
Test Case '-[StrandAnalyticsTests.SleepStagerTests testSparseCardiacDoesNotPromoteStillSleepToWakeOnHrVarAlone_705]' started.
Test Case '-[StrandAnalyticsTests.SleepStagerTests testSparseCardiacDoesNotPromoteStillSleepToWakeOnHrVarAlone_705]' passed (0.000 seconds).
Test Case '-[StrandAnalyticsTests.SleepStagerTests testSparseGravityNightNotShredded]' started.
Test Case '-[StrandAnalyticsTests.SleepStagerTests testSparseGravityNightNotShredded]' passed (0.099 seconds).
Test Case '-[StrandAnalyticsTests.SleepStagerTests testSparseHRNightDisablesOffWristProxy_507]' started.
Test Case '-[StrandAnalyticsTests.SleepStagerTests testSparseHRNightDisablesOffWristProxy_507]' passed (0.000 seconds).
Test Case '-[StrandAnalyticsTests.SleepStagerTests testSparseOffloadNightForcesRestBuildingEndToEnd]' started.
Test Case '-[StrandAnalyticsTests.SleepStagerTests testSparseOffloadNightForcesRestBuildingEndToEnd]' passed (0.000 seconds).
Test Case '-[StrandAnalyticsTests.SleepStagerTests testStagesTileSessionExactly]' started.
Test Case '-[StrandAnalyticsTests.SleepStagerTests testStagesTileSessionExactly]' passed (0.035 seconds).
Test Case '-[StrandAnalyticsTests.SleepStagerTests testStillPpgNightNoLongerScoresMostlyWake_705]' started.
Test Case '-[StrandAnalyticsTests.SleepStagerTests testStillPpgNightNoLongerScoresMostlyWake_705]' passed (0.003 seconds).
Test Case '-[StrandAnalyticsTests.SleepStagerTests testTzOffsetShiftsWindowIntoDaytimeBand]' started.
Test Case '-[StrandAnalyticsTests.SleepStagerTests testTzOffsetShiftsWindowIntoDaytimeBand]' passed (0.033 seconds).
Test Case '-[StrandAnalyticsTests.SleepStagerTests testWornNightWithDenseHRStillRegisters]' started.
Test Case '-[StrandAnalyticsTests.SleepStagerTests testWornNightWithDenseHRStillRegisters]' passed (0.001 seconds).
Test Case '-[StrandAnalyticsTests.SleepStagerTests testWristOffIntervalCoveringMostOfRunDropsIt]' started.
Test Case '-[StrandAnalyticsTests.SleepStagerTests testWristOffIntervalCoveringMostOfRunDropsIt]' passed (0.009 seconds).
Test Suite 'SleepStagerTests' passed at 2026-09-21 23:30:05.746.
	 Executed 84 tests, with 0 failures (0 unexpected) in 1.611 (1.616) seconds
Test Suite 'SleepStagerTraceTests' started at 2026-09-21 23:30:05.746.
Test Case '-[StrandAnalyticsTests.SleepStagerTraceTests testDetectionSummaryLineEmitted]' started.
Test Case '-[StrandAnalyticsTests.SleepStagerTraceTests testDetectionSummaryLineEmitted]' passed (0.001 seconds).
Test Case '-[StrandAnalyticsTests.SleepStagerTraceTests testFlipLine]' started.
Test Case '-[StrandAnalyticsTests.SleepStagerTraceTests testFlipLine]' passed (0.000 seconds).
Test Case '-[StrandAnalyticsTests.SleepStagerTraceTests testGateTraceDropsShortRun]' started.
Test Case '-[StrandAnalyticsTests.SleepStagerTraceTests testGateTraceDropsShortRun]' passed (0.001 seconds).
Test Case '-[StrandAnalyticsTests.SleepStagerTraceTests testGateTraceKeepsRealNight]' started.
Test Case '-[StrandAnalyticsTests.SleepStagerTraceTests testGateTraceKeepsRealNight]' passed (0.013 seconds).
Test Case '-[StrandAnalyticsTests.SleepStagerTraceTests testNoEmDash]' started.
Test Case '-[StrandAnalyticsTests.SleepStagerTraceTests testNoEmDash]' passed (0.000 seconds).
Test Case '-[StrandAnalyticsTests.SleepStagerTraceTests testRunLineDropped]' started.
Test Case '-[StrandAnalyticsTests.SleepStagerTraceTests testRunLineDropped]' passed (0.000 seconds).
Test Case '-[StrandAnalyticsTests.SleepStagerTraceTests testRunLineKept]' started.
Test Case '-[StrandAnalyticsTests.SleepStagerTraceTests testRunLineKept]' passed (0.000 seconds).
Test Case '-[StrandAnalyticsTests.SleepStagerTraceTests testSparseBridgeTraceEmittedOnlyWhenSparse]' started.
Test Case '-[StrandAnalyticsTests.SleepStagerTraceTests testSparseBridgeTraceEmittedOnlyWhenSparse]' passed (0.013 seconds).
Test Case '-[StrandAnalyticsTests.SleepStagerTraceTests testTracedAndUntracedReturnIdenticalSessions]' started.
Test Case '-[StrandAnalyticsTests.SleepStagerTraceTests testTracedAndUntracedReturnIdenticalSessions]' passed (0.015 seconds).
Test Suite 'SleepStagerTraceTests' passed at 2026-09-21 23:30:05.790.
	 Executed 9 tests, with 0 failures (0 unexpected) in 0.043 (0.043) seconds
Test Suite 'SleepStagerV2RespIsInertTests' started at 2026-09-21 23:30:05.790.
Test Case '-[StrandAnalyticsTests.SleepStagerV2RespIsInertTests testTheRespStreamIsEmptyOnTheStrapThatMattersHere]' started.
Test Case '-[StrandAnalyticsTests.SleepStagerV2RespIsInertTests testTheRespStreamIsEmptyOnTheStrapThatMattersHere]' passed (0.000 seconds).
Test Case '-[StrandAnalyticsTests.SleepStagerV2RespIsInertTests testV2OutputIsIdenticalWithAndWithoutARespirationStream]' started.
Test Case '-[StrandAnalyticsTests.SleepStagerV2RespIsInertTests testV2OutputIsIdenticalWithAndWithoutARespirationStream]' passed (0.032 seconds).
Test Suite 'SleepStagerV2RespIsInertTests' passed at 2026-09-21 23:30:05.822.
	 Executed 2 tests, with 0 failures (0 unexpected) in 0.032 (0.033) seconds
Test Suite 'SleepStagerV2Tests' started at 2026-09-21 23:30:05.822.
Test Case '-[StrandAnalyticsTests.SleepStagerV2Tests testCyclePriorShapesDeepAndRem]' started.
Test Case '-[StrandAnalyticsTests.SleepStagerV2Tests testCyclePriorShapesDeepAndRem]' passed (0.000 seconds).
Test Case '-[StrandAnalyticsTests.SleepStagerV2Tests testDegenerateInputAbstains]' started.
Test Case '-[StrandAnalyticsTests.SleepStagerV2Tests testDegenerateInputAbstains]' passed (0.000 seconds).
Test Case '-[StrandAnalyticsTests.SleepStagerV2Tests testDetectSleepThreadsV2FlagIntoNormalNight]' started.
Test Case '-[StrandAnalyticsTests.SleepStagerV2Tests testDetectSleepThreadsV2FlagIntoNormalNight]' passed (0.251 seconds).
Test Case '-[StrandAnalyticsTests.SleepStagerV2Tests testEmptyWindowReturnsNoEpochs]' started.
Test Case '-[StrandAnalyticsTests.SleepStagerV2Tests testEmptyWindowReturnsNoEpochs]' passed (0.000 seconds).
Test Case '-[StrandAnalyticsTests.SleepStagerV2Tests testFrozenGoldenHypnogram]' started.
Test Case '-[StrandAnalyticsTests.SleepStagerV2Tests testFrozenGoldenHypnogram]' passed (0.110 seconds).
Test Case '-[StrandAnalyticsTests.SleepStagerV2Tests testGuardRegionDoesNotDependOnHowLongTheWearerStayedInBed]' started.
Test Case '-[StrandAnalyticsTests.SleepStagerV2Tests testGuardRegionDoesNotDependOnHowLongTheWearerStayedInBed]' passed (0.241 seconds).
Test Case '-[StrandAnalyticsTests.SleepStagerV2Tests testOnlyCanonicalStageLabels]' started.
Test Case '-[StrandAnalyticsTests.SleepStagerV2Tests testOnlyCanonicalStageLabels]' passed (0.026 seconds).
Test Case '-[StrandAnalyticsTests.SleepStagerV2Tests testRemLatencyGuardIsIdenticalAcrossSessionLengths]' started.
Test Case '-[StrandAnalyticsTests.SleepStagerV2Tests testRemLatencyGuardIsIdenticalAcrossSessionLengths]' passed (0.012 seconds).
Test Case '-[StrandAnalyticsTests.SleepStagerV2Tests testRemLatencyGuardShapeAndClamp]' started.
Test Case '-[StrandAnalyticsTests.SleepStagerV2Tests testRemLatencyGuardShapeAndClamp]' passed (0.006 seconds).
Test Case '-[StrandAnalyticsTests.SleepStagerV2Tests testShuffledInputsMatchSortedInputs]' started.
Test Case '-[StrandAnalyticsTests.SleepStagerV2Tests testShuffledInputsMatchSortedInputs]' passed (0.031 seconds).
Test Case '-[StrandAnalyticsTests.SleepStagerV2Tests testShuffledTimestampGroupsPreserveOrderSensitiveDuplicateOutcomes]' started.
Test Case '-[StrandAnalyticsTests.SleepStagerV2Tests testShuffledTimestampGroupsPreserveOrderSensitiveDuplicateOutcomes]' passed (0.059 seconds).
Test Case '-[StrandAnalyticsTests.SleepStagerV2Tests testStagesTileTheWholeSpanContiguously]' started.
Test Case '-[StrandAnalyticsTests.SleepStagerV2Tests testStagesTileTheWholeSpanContiguously]' passed (0.001 seconds).
Test Case '-[StrandAnalyticsTests.SleepStagerV2Tests testSustainedSleepOnsetRule]' started.
Test Case '-[StrandAnalyticsTests.SleepStagerV2Tests testSustainedSleepOnsetRule]' passed (0.000 seconds).
Test Case '-[StrandAnalyticsTests.SleepStagerV2Tests testTunedDeepBoundaryConstantsArePinned]' started.
Test Case '-[StrandAnalyticsTests.SleepStagerV2Tests testTunedDeepBoundaryConstantsArePinned]' passed (0.000 seconds).
Test Case '-[StrandAnalyticsTests.SleepStagerV2Tests testViterbiSingleEpochPicksMaxEmission]' started.
Test Case '-[StrandAnalyticsTests.SleepStagerV2Tests testViterbiSingleEpochPicksMaxEmission]' passed (0.000 seconds).
Test Case '-[StrandAnalyticsTests.SleepStagerV2Tests testWakeRowForbidsDirectDescentIntoDeepOrRem]' started.
Test Case '-[StrandAnalyticsTests.SleepStagerV2Tests testWakeRowForbidsDirectDescentIntoDeepOrRem]' passed (0.000 seconds).
Test Suite 'SleepStagerV2Tests' passed at 2026-09-21 23:30:06.561.
	 Executed 16 tests, with 0 failures (0 unexpected) in 0.738 (0.739) seconds
Test Suite 'SleepWindowReclipTests' started at 2026-09-21 23:30:06.561.
Test Case '-[StrandAnalyticsTests.SleepWindowReclipTests testBedOnlyEditMinutesImportedNightShrinksByOnsetDelta]' started.
Test Case '-[StrandAnalyticsTests.SleepWindowReclipTests testBedOnlyEditMinutesImportedNightShrinksByOnsetDelta]' passed (0.000 seconds).
Test Case '-[StrandAnalyticsTests.SleepWindowReclipTests testBedOnlyEditSegmentsDropsStagesBeforeNewBed]' started.
Test Case '-[StrandAnalyticsTests.SleepWindowReclipTests testBedOnlyEditSegmentsDropsStagesBeforeNewBed]' passed (0.000 seconds).
Test Case '-[StrandAnalyticsTests.SleepWindowReclipTests testMinutesExtendAddsToAwake]' started.
Test Case '-[StrandAnalyticsTests.SleepWindowReclipTests testMinutesExtendAddsToAwake]' passed (0.000 seconds).
Test Case '-[StrandAnalyticsTests.SleepWindowReclipTests testMinutesTrimCascadesFromAwakeThenLight]' started.
Test Case '-[StrandAnalyticsTests.SleepWindowReclipTests testMinutesTrimCascadesFromAwakeThenLight]' passed (0.000 seconds).
Test Case '-[StrandAnalyticsTests.SleepWindowReclipTests testNilAndGarbageReturnNil]' started.
Test Case '-[StrandAnalyticsTests.SleepWindowReclipTests testNilAndGarbageReturnNil]' passed (0.000 seconds).
Test Case '-[StrandAnalyticsTests.SleepWindowReclipTests testSegmentExtendAppendsTrailingWake]' started.
Test Case '-[StrandAnalyticsTests.SleepWindowReclipTests testSegmentExtendAppendsTrailingWake]' passed (0.000 seconds).
Test Case '-[StrandAnalyticsTests.SleepWindowReclipTests testSegmentTrimBeforeAllSegmentsReturnsWakeFillNotNil]' started.
Test Case '-[StrandAnalyticsTests.SleepWindowReclipTests testSegmentTrimBeforeAllSegmentsReturnsWakeFillNotNil]' passed (0.000 seconds).
Test Case '-[StrandAnalyticsTests.SleepWindowReclipTests testSegmentTrimDropsAndClips]' started.
Test Case '-[StrandAnalyticsTests.SleepWindowReclipTests testSegmentTrimDropsAndClips]' passed (0.000 seconds).
Test Case '-[StrandAnalyticsTests.SleepWindowReclipTests testSegmentValidationMatchesCanonicalDecodedJSON]' started.
Test Case '-[StrandAnalyticsTests.SleepWindowReclipTests testSegmentValidationMatchesCanonicalDecodedJSON]' passed (0.000 seconds).
Test Suite 'SleepWindowReclipTests' passed at 2026-09-21 23:30:06.562.
	 Executed 9 tests, with 0 failures (0 unexpected) in 0.001 (0.001) seconds
Test Suite 'SlidingStreamWindowTests' started at 2026-09-21 23:30:06.562.
Test Case '-[StrandAnalyticsTests.SlidingStreamWindowTests testBackwardWalkMatchesDirectReadsAndReadsEachRowOnce]' started.
Test Case '-[StrandAnalyticsTests.SlidingStreamWindowTests testBackwardWalkMatchesDirectReadsAndReadsEachRowOnce]' passed (0.031 seconds).
Test Case '-[StrandAnalyticsTests.SlidingStreamWindowTests testDisabledReuseSelectsSourceAcrossTheWholeRequestedWindow]' started.
Test Case '-[StrandAnalyticsTests.SlidingStreamWindowTests testDisabledReuseSelectsSourceAcrossTheWholeRequestedWindow]' passed (0.000 seconds).
Test Case '-[StrandAnalyticsTests.SlidingStreamWindowTests testEachTruncatedWindowCountsSeparately]' started.
Test Case '-[StrandAnalyticsTests.SlidingStreamWindowTests testEachTruncatedWindowCountsSeparately]' passed (0.002 seconds).
Test Case '-[StrandAnalyticsTests.SlidingStreamWindowTests testFailedReadIsNotCachedAsEmpty]' started.
Test Case '-[StrandAnalyticsTests.SlidingStreamWindowTests testFailedReadIsNotCachedAsEmpty]' passed (0.004 seconds).
Test Case '-[StrandAnalyticsTests.SlidingStreamWindowTests testGapDoesNotSpliceAcrossTheMissingDay]' started.
Test Case '-[StrandAnalyticsTests.SlidingStreamWindowTests testGapDoesNotSpliceAcrossTheMissingDay]' passed (0.009 seconds).
Test Case '-[StrandAnalyticsTests.SlidingStreamWindowTests testOwnerFlipFallsBackToADirectRead]' started.
Test Case '-[StrandAnalyticsTests.SlidingStreamWindowTests testOwnerFlipFallsBackToADirectRead]' passed (0.004 seconds).
Test Case '-[StrandAnalyticsTests.SlidingStreamWindowTests testTruncatedReadIsNeverSliced]' started.
Test Case '-[StrandAnalyticsTests.SlidingStreamWindowTests testTruncatedReadIsNeverSliced]' passed (0.003 seconds).
Test Case '-[StrandAnalyticsTests.SlidingStreamWindowTests testTruncatedReadsCountsOnlyReadsThatLostRows]' started.
Test Case '-[StrandAnalyticsTests.SlidingStreamWindowTests testTruncatedReadsCountsOnlyReadsThatLostRows]' passed (0.002 seconds).
Test Suite 'SlidingStreamWindowTests' passed at 2026-09-21 23:30:06.618.
	 Executed 8 tests, with 0 failures (0 unexpected) in 0.055 (0.055) seconds
Test Suite 'SparseBridgeAttemptTests' started at 2026-09-21 23:30:06.618.
Test Case '-[StrandAnalyticsTests.SparseBridgeAttemptTests testAShortActiveRunBetweenFragmentsIsNowConsideredAndBridged]' started.
Test Case '-[StrandAnalyticsTests.SparseBridgeAttemptTests testAShortActiveRunBetweenFragmentsIsNowConsideredAndBridged]' passed (0.000 seconds).
Test Case '-[StrandAnalyticsTests.SparseBridgeAttemptTests testAwakeHrAcrossGapReportsHrOutOfBand]' started.
Test Case '-[StrandAnalyticsTests.SparseBridgeAttemptTests testAwakeHrAcrossGapReportsHrOutOfBand]' passed (0.000 seconds).
Test Case '-[StrandAnalyticsTests.SparseBridgeAttemptTests testChainOfThreeReportsTwoPairsAndAgrees]' started.
Test Case '-[StrandAnalyticsTests.SparseBridgeAttemptTests testChainOfThreeReportsTwoPairsAndAgrees]' passed (0.001 seconds).
Test Case '-[StrandAnalyticsTests.SparseBridgeAttemptTests testGapBeyondToleranceReportsGapTooLong]' started.
Test Case '-[StrandAnalyticsTests.SparseBridgeAttemptTests testGapBeyondToleranceReportsGapTooLong]' passed (0.000 seconds).
Test Case '-[StrandAnalyticsTests.SparseBridgeAttemptTests testNoOpWhenNotSparse]' started.
Test Case '-[StrandAnalyticsTests.SparseBridgeAttemptTests testNoOpWhenNotSparse]' passed (0.000 seconds).
Test Case '-[StrandAnalyticsTests.SparseBridgeAttemptTests testShortGapInSleepBandBridgesAndIsReported]' started.
Test Case '-[StrandAnalyticsTests.SparseBridgeAttemptTests testShortGapInSleepBandBridgesAndIsReported]' passed (0.000 seconds).
Test Suite 'SparseBridgeAttemptTests' passed at 2026-09-21 23:30:06.620.
	 Executed 6 tests, with 0 failures (0 unexpected) in 0.002 (0.002) seconds
Test Suite 'Spo2CandidateNightlyTests' started at 2026-09-21 23:30:06.620.
Test Case '-[StrandAnalyticsTests.Spo2CandidateNightlyTests testBandBoundariesMatchTheDecoderGate]' started.
Test Case '-[StrandAnalyticsTests.Spo2CandidateNightlyTests testBandBoundariesMatchTheDecoderGate]' passed (0.000 seconds).
Test Case '-[StrandAnalyticsTests.Spo2CandidateNightlyTests testDaytimeSamplesOutsideTheSessionAreExcluded]' started.
Test Case '-[StrandAnalyticsTests.Spo2CandidateNightlyTests testDaytimeSamplesOutsideTheSessionAreExcluded]' passed (0.000 seconds).
Test Case '-[StrandAnalyticsTests.Spo2CandidateNightlyTests testMeanAndSampleCountOverTheSession]' started.
Test Case '-[StrandAnalyticsTests.Spo2CandidateNightlyTests testMeanAndSampleCountOverTheSession]' passed (0.000 seconds).
Test Case '-[StrandAnalyticsTests.Spo2CandidateNightlyTests testMeanRoundsRatherThanFloors]' started.
Test Case '-[StrandAnalyticsTests.Spo2CandidateNightlyTests testMeanRoundsRatherThanFloors]' passed (0.000 seconds).
Test Case '-[StrandAnalyticsTests.Spo2CandidateNightlyTests testMissingBytesAreSkippedNotCountedAsZero]' started.
Test Case '-[StrandAnalyticsTests.Spo2CandidateNightlyTests testMissingBytesAreSkippedNotCountedAsZero]' passed (0.000 seconds).
Test Case '-[StrandAnalyticsTests.Spo2CandidateNightlyTests testNilWhenNothingInBandFallsInsideASession]' started.
Test Case '-[StrandAnalyticsTests.Spo2CandidateNightlyTests testNilWhenNothingInBandFallsInsideASession]' passed (0.000 seconds).
Test Case '-[StrandAnalyticsTests.Spo2CandidateNightlyTests testSampleCountTravelsWithTheMean]' started.
Test Case '-[StrandAnalyticsTests.Spo2CandidateNightlyTests testSampleCountTravelsWithTheMean]' passed (0.000 seconds).
Test Case '-[StrandAnalyticsTests.Spo2CandidateNightlyTests testSubSeventyAndSentinelValuesAreExcluded]' started.
Test Case '-[StrandAnalyticsTests.Spo2CandidateNightlyTests testSubSeventyAndSentinelValuesAreExcluded]' passed (0.000 seconds).
Test Suite 'Spo2CandidateNightlyTests' passed at 2026-09-21 23:30:06.621.
	 Executed 8 tests, with 0 failures (0 unexpected) in 0.001 (0.002) seconds
Test Suite 'Spo2CeilingNightlyTests' started at 2026-09-21 23:30:06.621.
Test Case '-[StrandAnalyticsTests.Spo2CeilingNightlyTests testContaminatedOutOfRangeSamplesAreExcluded]' started.
Test Case '-[StrandAnalyticsTests.Spo2CeilingNightlyTests testContaminatedOutOfRangeSamplesAreExcluded]' passed (0.000 seconds).
Test Case '-[StrandAnalyticsTests.Spo2CeilingNightlyTests testDaytimeSamplesOutsideTheSessionAreExcluded]' started.
Test Case '-[StrandAnalyticsTests.Spo2CeilingNightlyTests testDaytimeSamplesOutsideTheSessionAreExcluded]' passed (0.000 seconds).
Test Case '-[StrandAnalyticsTests.Spo2CeilingNightlyTests testMeanAndSampleCountOverTheSession]' started.
Test Case '-[StrandAnalyticsTests.Spo2CeilingNightlyTests testMeanAndSampleCountOverTheSession]' passed (0.000 seconds).
Test Case '-[StrandAnalyticsTests.Spo2CeilingNightlyTests testMeanRoundsRatherThanFloors]' started.
Test Case '-[StrandAnalyticsTests.Spo2CeilingNightlyTests testMeanRoundsRatherThanFloors]' passed (0.000 seconds).
Test Case '-[StrandAnalyticsTests.Spo2CeilingNightlyTests testNilWhenNothingPlausibleFallsInsideASession]' started.
Test Case '-[StrandAnalyticsTests.Spo2CeilingNightlyTests testNilWhenNothingPlausibleFallsInsideASession]' passed (0.000 seconds).
Test Case '-[StrandAnalyticsTests.Spo2CeilingNightlyTests testPlausibleRangeBoundariesAreInclusive]' started.
Test Case '-[StrandAnalyticsTests.Spo2CeilingNightlyTests testPlausibleRangeBoundariesAreInclusive]' passed (0.000 seconds).
Test Case '-[StrandAnalyticsTests.Spo2CeilingNightlyTests testSamplesAboveOneHundredAreCeilingedBeforeAveraging]' started.
Test Case '-[StrandAnalyticsTests.Spo2CeilingNightlyTests testSamplesAboveOneHundredAreCeilingedBeforeAveraging]' passed (0.000 seconds).
Test Suite 'Spo2CeilingNightlyTests' passed at 2026-09-21 23:30:06.623.
	 Executed 7 tests, with 0 failures (0 unexpected) in 0.001 (0.001) seconds
Test Suite 'Spo2ReTraceTests' started at 2026-09-21 23:30:06.623.
Test Case '-[StrandAnalyticsTests.Spo2ReTraceTests testAbsentChannelsRenderNull]' started.
Test Case '-[StrandAnalyticsTests.Spo2ReTraceTests testAbsentChannelsRenderNull]' passed (0.000 seconds).
Test Case '-[StrandAnalyticsTests.Spo2ReTraceTests testHexRendersUnsignedFullFrame]' started.
Test Case '-[StrandAnalyticsTests.Spo2ReTraceTests testHexRendersUnsignedFullFrame]' passed (0.000 seconds).
Test Case '-[StrandAnalyticsTests.Spo2ReTraceTests testRecordLinePinnedExactly]' started.
Test Case '-[StrandAnalyticsTests.Spo2ReTraceTests testRecordLinePinnedExactly]' passed (0.000 seconds).
Test Case '-[StrandAnalyticsTests.Spo2ReTraceTests testSampleCapBoundedAtEight]' started.
Test Case '-[StrandAnalyticsTests.Spo2ReTraceTests testSampleCapBoundedAtEight]' passed (0.000 seconds).
Test Suite 'Spo2ReTraceTests' passed at 2026-09-21 23:30:06.623.
	 Executed 4 tests, with 0 failures (0 unexpected) in 0.000 (0.000) seconds
Test Suite 'SpotHrvReadingTests' started at 2026-09-21 23:30:06.623.
Test Case '-[StrandAnalyticsTests.SpotHrvReadingTests testCaveatIsSourceAwareAndClean]' started.
Test Case '-[StrandAnalyticsTests.SpotHrvReadingTests testCaveatIsSourceAwareAndClean]' passed (0.000 seconds).
Test Case '-[StrandAnalyticsTests.SpotHrvReadingTests testEmptyInputIsInsufficient]' started.
Test Case '-[StrandAnalyticsTests.SpotHrvReadingTests testEmptyInputIsInsufficient]' passed (0.000 seconds).
Test Case '-[StrandAnalyticsTests.SpotHrvReadingTests testMeanHrFromNnMatchesDefinition]' started.
Test Case '-[StrandAnalyticsTests.SpotHrvReadingTests testMeanHrFromNnMatchesDefinition]' passed (0.000 seconds).
Test Case '-[StrandAnalyticsTests.SpotHrvReadingTests testOutOfRangeIntervalsAreBoundsCheckedAway]' started.
Test Case '-[StrandAnalyticsTests.SpotHrvReadingTests testOutOfRangeIntervalsAreBoundsCheckedAway]' passed (0.000 seconds).
Test Case '-[StrandAnalyticsTests.SpotHrvReadingTests testSpotGateRefusesNoisyCaptureByDefault]' started.
Test Case '-[StrandAnalyticsTests.SpotHrvReadingTests testSpotGateRefusesNoisyCaptureByDefault]' passed (0.001 seconds).
Test Case '-[StrandAnalyticsTests.SpotHrvReadingTests testSpotGateRelaxedAllowsTheSameNoisyCapture]' started.
Test Case '-[StrandAnalyticsTests.SpotHrvReadingTests testSpotGateRelaxedAllowsTheSameNoisyCapture]' passed (0.001 seconds).
Test Case '-[StrandAnalyticsTests.SpotHrvReadingTests testSpotRmssdEqualsHrvAnalyzerNightlyMath]' started.
Test Case '-[StrandAnalyticsTests.SpotHrvReadingTests testSpotRmssdEqualsHrvAnalyzerNightlyMath]' passed (0.002 seconds).
Test Case '-[StrandAnalyticsTests.SpotHrvReadingTests testSpotRmssdMatchesHandComputedSampleDenominator]' started.
Test Case '-[StrandAnalyticsTests.SpotHrvReadingTests testSpotRmssdMatchesHandComputedSampleDenominator]' passed (0.001 seconds).
Test Case '-[StrandAnalyticsTests.SpotHrvReadingTests testTooFewCleanBeatsIsHonestlyInsufficientNotFabricated]' started.
Test Case '-[StrandAnalyticsTests.SpotHrvReadingTests testTooFewCleanBeatsIsHonestlyInsufficientNotFabricated]' passed (0.000 seconds).
Test Case '-[StrandAnalyticsTests.SpotHrvReadingTests testUsesTaskForceSampleDenominator]' started.
Test Case '-[StrandAnalyticsTests.SpotHrvReadingTests testUsesTaskForceSampleDenominator]' passed (0.001 seconds).
Test Suite 'SpotHrvReadingTests' passed at 2026-09-21 23:30:06.632.
	 Executed 10 tests, with 0 failures (0 unexpected) in 0.008 (0.009) seconds
Test Suite 'SseDeltasTests' started at 2026-09-21 23:30:06.632.
Test Case '-[StrandAnalyticsTests.SseDeltasTests testAnthropicContentBlockStartReturnsNil]' started.
Test Case '-[StrandAnalyticsTests.SseDeltasTests testAnthropicContentBlockStartReturnsNil]' passed (0.000 seconds).
Test Case '-[StrandAnalyticsTests.SseDeltasTests testAnthropicEmptyTextReturnsNil]' started.
Test Case '-[StrandAnalyticsTests.SseDeltasTests testAnthropicEmptyTextReturnsNil]' passed (0.000 seconds).
Test Case '-[StrandAnalyticsTests.SseDeltasTests testAnthropicMalformedReturnsNil]' started.
Test Case '-[StrandAnalyticsTests.SseDeltasTests testAnthropicMalformedReturnsNil]' passed (0.000 seconds).
Test Case '-[StrandAnalyticsTests.SseDeltasTests testAnthropicMessageStartReturnsNil]' started.
Test Case '-[StrandAnalyticsTests.SseDeltasTests testAnthropicMessageStartReturnsNil]' passed (0.000 seconds).
Test Case '-[StrandAnalyticsTests.SseDeltasTests testAnthropicMessageStopReturnsNil]' started.
Test Case '-[StrandAnalyticsTests.SseDeltasTests testAnthropicMessageStopReturnsNil]' passed (0.000 seconds).
Test Case '-[StrandAnalyticsTests.SseDeltasTests testAnthropicPingReturnsNil]' started.
Test Case '-[StrandAnalyticsTests.SseDeltasTests testAnthropicPingReturnsNil]' passed (0.000 seconds).
Test Case '-[StrandAnalyticsTests.SseDeltasTests testAnthropicReassembleMatchesFullReply]' started.
Test Case '-[StrandAnalyticsTests.SseDeltasTests testAnthropicReassembleMatchesFullReply]' passed (0.000 seconds).
Test Case '-[StrandAnalyticsTests.SseDeltasTests testAnthropicTextDelta]' started.
Test Case '-[StrandAnalyticsTests.SseDeltasTests testAnthropicTextDelta]' passed (0.000 seconds).
Test Case '-[StrandAnalyticsTests.SseDeltasTests testBlankLineReturnsNil]' started.
Test Case '-[StrandAnalyticsTests.SseDeltasTests testBlankLineReturnsNil]' passed (0.000 seconds).
Test Case '-[StrandAnalyticsTests.SseDeltasTests testCommentLineReturnsNil]' started.
Test Case '-[StrandAnalyticsTests.SseDeltasTests testCommentLineReturnsNil]' passed (0.000 seconds).
Test Case '-[StrandAnalyticsTests.SseDeltasTests testCustomSharesOpenAiShape]' started.
Test Case '-[StrandAnalyticsTests.SseDeltasTests testCustomSharesOpenAiShape]' passed (0.000 seconds).
Test Case '-[StrandAnalyticsTests.SseDeltasTests testDataPayloadStripsCRLF]' started.
Test Case '-[StrandAnalyticsTests.SseDeltasTests testDataPayloadStripsCRLF]' passed (0.000 seconds).
Test Case '-[StrandAnalyticsTests.SseDeltasTests testEmptyStreamReassemblesToEmpty]' started.
Test Case '-[StrandAnalyticsTests.SseDeltasTests testEmptyStreamReassemblesToEmpty]' passed (0.000 seconds).
Test Case '-[StrandAnalyticsTests.SseDeltasTests testGeminiFinishReasonChunkReturnsNil]' started.
Test Case '-[StrandAnalyticsTests.SseDeltasTests testGeminiFinishReasonChunkReturnsNil]' passed (0.000 seconds).
Test Case '-[StrandAnalyticsTests.SseDeltasTests testGeminiMalformedReturnsNil]' started.
Test Case '-[StrandAnalyticsTests.SseDeltasTests testGeminiMalformedReturnsNil]' passed (0.000 seconds).
Test Case '-[StrandAnalyticsTests.SseDeltasTests testGeminiMultiPartDelta]' started.
Test Case '-[StrandAnalyticsTests.SseDeltasTests testGeminiMultiPartDelta]' passed (0.000 seconds).
Test Case '-[StrandAnalyticsTests.SseDeltasTests testGeminiReassembleMatchesFullReply]' started.
Test Case '-[StrandAnalyticsTests.SseDeltasTests testGeminiReassembleMatchesFullReply]' passed (0.000 seconds).
Test Case '-[StrandAnalyticsTests.SseDeltasTests testGeminiTextDelta]' started.
Test Case '-[StrandAnalyticsTests.SseDeltasTests testGeminiTextDelta]' passed (0.000 seconds).
Test Case '-[StrandAnalyticsTests.SseDeltasTests testIgnoresCommentLines]' started.
Test Case '-[StrandAnalyticsTests.SseDeltasTests testIgnoresCommentLines]' passed (0.000 seconds).
Test Case '-[StrandAnalyticsTests.SseDeltasTests testIsDone]' started.
Test Case '-[StrandAnalyticsTests.SseDeltasTests testIsDone]' passed (0.000 seconds).
Test Case '-[StrandAnalyticsTests.SseDeltasTests testIsDoneStripsCRLF]' started.
Test Case '-[StrandAnalyticsTests.SseDeltasTests testIsDoneStripsCRLF]' passed (0.000 seconds).
Test Case '-[StrandAnalyticsTests.SseDeltasTests testNonDataFieldReturnsNil]' started.
Test Case '-[StrandAnalyticsTests.SseDeltasTests testNonDataFieldReturnsNil]' passed (0.000 seconds).
Test Case '-[StrandAnalyticsTests.SseDeltasTests testOnlyDoneReassemblesToEmpty]' started.
Test Case '-[StrandAnalyticsTests.SseDeltasTests testOnlyDoneReassemblesToEmpty]' passed (0.000 seconds).
Test Case '-[StrandAnalyticsTests.SseDeltasTests testOpenAiContentDelta]' started.
Test Case '-[StrandAnalyticsTests.SseDeltasTests testOpenAiContentDelta]' passed (0.000 seconds).
Test Case '-[StrandAnalyticsTests.SseDeltasTests testOpenAiDoneReturnsNil]' started.
Test Case '-[StrandAnalyticsTests.SseDeltasTests testOpenAiDoneReturnsNil]' passed (0.000 seconds).
Test Case '-[StrandAnalyticsTests.SseDeltasTests testOpenAiEmptyChoicesReturnsNil]' started.
Test Case '-[StrandAnalyticsTests.SseDeltasTests testOpenAiEmptyChoicesReturnsNil]' passed (0.000 seconds).
Test Case '-[StrandAnalyticsTests.SseDeltasTests testOpenAiEmptyContentReturnsNil]' started.
Test Case '-[StrandAnalyticsTests.SseDeltasTests testOpenAiEmptyContentReturnsNil]' passed (0.000 seconds).
Test Case '-[StrandAnalyticsTests.SseDeltasTests testOpenAiMalformedReturnsNil]' started.
Test Case '-[StrandAnalyticsTests.SseDeltasTests testOpenAiMalformedReturnsNil]' passed (0.000 seconds).
Test Case '-[StrandAnalyticsTests.SseDeltasTests testOpenAiReassembleMatchesFullReply]' started.
Test Case '-[StrandAnalyticsTests.SseDeltasTests testOpenAiReassembleMatchesFullReply]' passed (0.000 seconds).
Test Case '-[StrandAnalyticsTests.SseDeltasTests testOpenAiRoleDeltaReturnsNil]' started.
Test Case '-[StrandAnalyticsTests.SseDeltasTests testOpenAiRoleDeltaReturnsNil]' passed (0.000 seconds).
Test Case '-[StrandAnalyticsTests.SseDeltasTests testStripsDataPrefix]' started.
Test Case '-[StrandAnalyticsTests.SseDeltasTests testStripsDataPrefix]' passed (0.000 seconds).
Test Case '-[StrandAnalyticsTests.SseDeltasTests testStripsDataPrefixNoSpace]' started.
Test Case '-[StrandAnalyticsTests.SseDeltasTests testStripsDataPrefixNoSpace]' passed (0.000 seconds).
Test Suite 'SseDeltasTests' passed at 2026-09-21 23:30:06.635.
	 Executed 32 tests, with 0 failures (0 unexpected) in 0.002 (0.003) seconds
Test Suite 'StagePercentagesTests' started at 2026-09-21 23:30:06.635.
Test Case '-[StrandAnalyticsTests.StagePercentagesTests testAlwaysSumsToExactly100]' started.
Test Case '-[StrandAnalyticsTests.StagePercentagesTests testAlwaysSumsToExactly100]' passed (0.000 seconds).
Test Case '-[StrandAnalyticsTests.StagePercentagesTests testEqualPartsSplitEvenly]' started.
Test Case '-[StrandAnalyticsTests.StagePercentagesTests testEqualPartsSplitEvenly]' passed (0.000 seconds).
Test Case '-[StrandAnalyticsTests.StagePercentagesTests testLeftoverGoesToLargestRemainderThenLowestIndex]' started.
Test Case '-[StrandAnalyticsTests.StagePercentagesTests testLeftoverGoesToLargestRemainderThenLowestIndex]' passed (0.000 seconds).
Test Case '-[StrandAnalyticsTests.StagePercentagesTests testNoMinutesIsNil]' started.
Test Case '-[StrandAnalyticsTests.StagePercentagesTests testNoMinutesIsNil]' passed (0.000 seconds).
Test Case '-[StrandAnalyticsTests.StagePercentagesTests testWholeNightInOneStage]' started.
Test Case '-[StrandAnalyticsTests.StagePercentagesTests testWholeNightInOneStage]' passed (0.000 seconds).
Test Case '-[StrandAnalyticsTests.StagePercentagesTests testWorkedExampleSumsTo100]' started.
Test Case '-[StrandAnalyticsTests.StagePercentagesTests testWorkedExampleSumsTo100]' passed (0.000 seconds).
Test Suite 'StagePercentagesTests' passed at 2026-09-21 23:30:06.636.
	 Executed 6 tests, with 0 failures (0 unexpected) in 0.000 (0.001) seconds
Test Suite 'StepsCounterTests' started at 2026-09-21 23:30:06.636.
Test Case '-[StrandAnalyticsTests.StepsCounterTests testClassedStreamCountsOnlyWalkAndRunDeltas]' started.
Test Case '-[StrandAnalyticsTests.StepsCounterTests testClassedStreamCountsOnlyWalkAndRunDeltas]' passed (0.000 seconds).
Test Case '-[StrandAnalyticsTests.StepsCounterTests testDropsBigGapDeltaAsBoundary]' started.
Test Case '-[StrandAnalyticsTests.StepsCounterTests testDropsBigGapDeltaAsBoundary]' passed (0.000 seconds).
Test Case '-[StrandAnalyticsTests.StepsCounterTests testFewerThanTwoSamplesIsNil]' started.
Test Case '-[StrandAnalyticsTests.StepsCounterTests testFewerThanTwoSamplesIsNil]' passed (0.000 seconds).
Test Case '-[StrandAnalyticsTests.StepsCounterTests testHandlesU16Wraparound]' started.
Test Case '-[StrandAnalyticsTests.StepsCounterTests testHandlesU16Wraparound]' passed (0.000 seconds).
Test Case '-[StrandAnalyticsTests.StepsCounterTests testLegacyUnclassedStreamKeepsCounterFallback]' started.
Test Case '-[StrandAnalyticsTests.StepsCounterTests testLegacyUnclassedStreamKeepsCounterFallback]' passed (0.000 seconds).
Test Case '-[StrandAnalyticsTests.StepsCounterTests testMaxStepDeltaBoundaryIsExclusive]' started.
Test Case '-[StrandAnalyticsTests.StepsCounterTests testMaxStepDeltaBoundaryIsExclusive]' passed (0.000 seconds).
Test Case '-[StrandAnalyticsTests.StepsCounterTests testNoForwardMovementIsNil]' started.
Test Case '-[StrandAnalyticsTests.StepsCounterTests testNoForwardMovementIsNil]' passed (0.000 seconds).
Test Case '-[StrandAnalyticsTests.StepsCounterTests testRejectsPhysicallyImpossibleOneSecondSpikeButAllowsSameTicksAcrossTime]' started.
Test Case '-[StrandAnalyticsTests.StepsCounterTests testRejectsPhysicallyImpossibleOneSecondSpikeButAllowsSameTicksAcrossTime]' passed (0.000 seconds).
Test Case '-[StrandAnalyticsTests.StepsCounterTests testSortsUnorderedInput]' started.
Test Case '-[StrandAnalyticsTests.StepsCounterTests testSortsUnorderedInput]' passed (0.000 seconds).
Test Case '-[StrandAnalyticsTests.StepsCounterTests testSumsPositiveConsecutiveDeltas]' started.
Test Case '-[StrandAnalyticsTests.StepsCounterTests testSumsPositiveConsecutiveDeltas]' passed (0.000 seconds).
Test Suite 'StepsCounterTests' passed at 2026-09-21 23:30:06.638.
	 Executed 10 tests, with 0 failures (0 unexpected) in 0.001 (0.002) seconds
Test Suite 'StepsDailyTests' started at 2026-09-21 23:30:06.638.
Test Case '-[StrandAnalyticsTests.StepsDailyTests testDayStepsNilFallsBackToWindowSteps]' started.
Test Case '-[StrandAnalyticsTests.StepsDailyTests testDayStepsNilFallsBackToWindowSteps]' passed (0.129 seconds).
Test Case '-[StrandAnalyticsTests.StepsDailyTests testDayStepsOverrideCountsFullCalendarDay]' started.
Test Case '-[StrandAnalyticsTests.StepsDailyTests testDayStepsOverrideCountsFullCalendarDay]' passed (0.135 seconds).
Test Case '-[StrandAnalyticsTests.StepsDailyTests testDropsBigGapDeltaAsBoundary]' started.
Test Case '-[StrandAnalyticsTests.StepsDailyTests testDropsBigGapDeltaAsBoundary]' passed (0.138 seconds).
Test Case '-[StrandAnalyticsTests.StepsDailyTests testFewerThanTwoSamplesIsNil]' started.
Test Case '-[StrandAnalyticsTests.StepsDailyTests testFewerThanTwoSamplesIsNil]' passed (0.251 seconds).
Test Case '-[StrandAnalyticsTests.StepsDailyTests testHandlesU16Wraparound]' started.
Test Case '-[StrandAnalyticsTests.StepsDailyTests testHandlesU16Wraparound]' passed (0.132 seconds).
Test Case '-[StrandAnalyticsTests.StepsDailyTests testIgnoresSamplesOutsideTheTargetDay]' started.
Test Case '-[StrandAnalyticsTests.StepsDailyTests testIgnoresSamplesOutsideTheTargetDay]' passed (0.130 seconds).
Test Case '-[StrandAnalyticsTests.StepsDailyTests testJumpGuardDropsGapButKeepsRealSteps]' started.
Test Case '-[StrandAnalyticsTests.StepsDailyTests testJumpGuardDropsGapButKeepsRealSteps]' passed (0.138 seconds).
Test Case '-[StrandAnalyticsTests.StepsDailyTests testNoForwardMovementIsNil]' started.
Test Case '-[StrandAnalyticsTests.StepsDailyTests testNoForwardMovementIsNil]' passed (0.136 seconds).
Test Case '-[StrandAnalyticsTests.StepsDailyTests testOldSummingOfRawByteOvercountsVsWrapAwareDiff]' started.
Test Case '-[StrandAnalyticsTests.StepsDailyTests testOldSummingOfRawByteOvercountsVsWrapAwareDiff]' passed (0.141 seconds).
Test Case '-[StrandAnalyticsTests.StepsDailyTests testSumsPositiveConsecutiveDeltas]' started.
Test Case '-[StrandAnalyticsTests.StepsDailyTests testSumsPositiveConsecutiveDeltas]' passed (0.130 seconds).
Test Case '-[StrandAnalyticsTests.StepsDailyTests testTicksPerStepClampsAtFloor]' started.
Test Case '-[StrandAnalyticsTests.StepsDailyTests testTicksPerStepClampsAtFloor]' passed (0.134 seconds).
Test Case '-[StrandAnalyticsTests.StepsDailyTests testTicksPerStepDefaultIsRawPassThrough]' started.
Test Case '-[StrandAnalyticsTests.StepsDailyTests testTicksPerStepDefaultIsRawPassThrough]' passed (0.276 seconds).
Test Case '-[StrandAnalyticsTests.StepsDailyTests testTicksPerStepHalvingRoundsToNearest]' started.
Test Case '-[StrandAnalyticsTests.StepsDailyTests testTicksPerStepHalvingRoundsToNearest]' passed (0.139 seconds).
Test Case '-[StrandAnalyticsTests.StepsDailyTests testTicksPerStepTwoHalvesTheTotal]' started.
Test Case '-[StrandAnalyticsTests.StepsDailyTests testTicksPerStepTwoHalvesTheTotal]' passed (0.136 seconds).
Test Suite 'StepsDailyTests' passed at 2026-09-21 23:30:08.784.
	 Executed 14 tests, with 0 failures (0 unexpected) in 2.145 (2.146) seconds
Test Suite 'StepsEstimateEngineTests' started at 2026-09-21 23:30:08.784.
Test Case '-[StrandAnalyticsTests.StepsEstimateEngineTests testCalibrateFitsMedianRatio]' started.
Test Case '-[StrandAnalyticsTests.StepsEstimateEngineTests testCalibrateFitsMedianRatio]' passed (0.000 seconds).
Test Case '-[StrandAnalyticsTests.StepsEstimateEngineTests testCalibrateMotionWeightedHighActivityDayDrivesFit]' started.
Test Case '-[StrandAnalyticsTests.StepsEstimateEngineTests testCalibrateMotionWeightedHighActivityDayDrivesFit]' passed (0.000 seconds).
Test Case '-[StrandAnalyticsTests.StepsEstimateEngineTests testCalibrateNilBelowMinDays]' started.
Test Case '-[StrandAnalyticsTests.StepsEstimateEngineTests testCalibrateNilBelowMinDays]' passed (0.000 seconds).
Test Case '-[StrandAnalyticsTests.StepsEstimateEngineTests testCalibrateSkipsNearStillAndZeroStepDays]' started.
Test Case '-[StrandAnalyticsTests.StepsEstimateEngineTests testCalibrateSkipsNearStillAndZeroStepDays]' passed (0.000 seconds).
Test Case '-[StrandAnalyticsTests.StepsEstimateEngineTests testCalibrationFromAppleStepsAndStrapMotionAdvances]' started.
Test Case '-[StrandAnalyticsTests.StepsEstimateEngineTests testCalibrationFromAppleStepsAndStrapMotionAdvances]' passed (0.001 seconds).
Test Case '-[StrandAnalyticsTests.StepsEstimateEngineTests testConfidenceTierThresholds]' started.
Test Case '-[StrandAnalyticsTests.StepsEstimateEngineTests testConfidenceTierThresholds]' passed (0.000 seconds).
Test Case '-[StrandAnalyticsTests.StepsEstimateEngineTests testEstimateAppliesCoefficient]' started.
Test Case '-[StrandAnalyticsTests.StepsEstimateEngineTests testEstimateAppliesCoefficient]' passed (0.000 seconds).
Test Case '-[StrandAnalyticsTests.StepsEstimateEngineTests testEstimateClampsAbsurd]' started.
Test Case '-[StrandAnalyticsTests.StepsEstimateEngineTests testEstimateClampsAbsurd]' passed (0.000 seconds).
Test Case '-[StrandAnalyticsTests.StepsEstimateEngineTests testEstimateNilBelowMinMotion]' started.
Test Case '-[StrandAnalyticsTests.StepsEstimateEngineTests testEstimateNilBelowMinMotion]' passed (0.000 seconds).
Test Case '-[StrandAnalyticsTests.StepsEstimateEngineTests testManualOverrideCountsOnlyUsableCalibrationDays]' started.
Test Case '-[StrandAnalyticsTests.StepsEstimateEngineTests testManualOverrideCountsOnlyUsableCalibrationDays]' passed (0.000 seconds).
Test Case '-[StrandAnalyticsTests.StepsEstimateEngineTests testManualOverrideWinsWithFullConfidence]' started.
Test Case '-[StrandAnalyticsTests.StepsEstimateEngineTests testManualOverrideWinsWithFullConfidence]' passed (0.000 seconds).
Test Case '-[StrandAnalyticsTests.StepsEstimateEngineTests testMotionIntensityEmptyAndSingle]' started.
Test Case '-[StrandAnalyticsTests.StepsEstimateEngineTests testMotionIntensityEmptyAndSingle]' passed (0.000 seconds).
Test Case '-[StrandAnalyticsTests.StepsEstimateEngineTests testMotionIntensitySumsDeltas]' started.
Test Case '-[StrandAnalyticsTests.StepsEstimateEngineTests testMotionIntensitySumsDeltas]' passed (0.000 seconds).
Test Case '-[StrandAnalyticsTests.StepsEstimateEngineTests testStatusCalibratedOnceEnoughDays]' started.
Test Case '-[StrandAnalyticsTests.StepsEstimateEngineTests testStatusCalibratedOnceEnoughDays]' passed (0.000 seconds).
Test Case '-[StrandAnalyticsTests.StepsEstimateEngineTests testStatusDetailCalibratedSurfacesKDaysAndConfidence]' started.
Test Case '-[StrandAnalyticsTests.StepsEstimateEngineTests testStatusDetailCalibratedSurfacesKDaysAndConfidence]' passed (0.000 seconds).
Test Case '-[StrandAnalyticsTests.StepsEstimateEngineTests testStatusDetailManualAndNeedsMoreDays]' started.
Test Case '-[StrandAnalyticsTests.StepsEstimateEngineTests testStatusDetailManualAndNeedsMoreDays]' passed (0.000 seconds).
Test Case '-[StrandAnalyticsTests.StepsEstimateEngineTests testStatusHeadlineNoPhoneSourceIsActionableNotAFrozenCountdown]' started.
Test Case '-[StrandAnalyticsTests.StepsEstimateEngineTests testStatusHeadlineNoPhoneSourceIsActionableNotAFrozenCountdown]' passed (0.000 seconds).
Test Case '-[StrandAnalyticsTests.StepsEstimateEngineTests testStatusManualOverrideWinsEvenWithNoDays]' started.
Test Case '-[StrandAnalyticsTests.StepsEstimateEngineTests testStatusManualOverrideWinsEvenWithNoDays]' passed (0.000 seconds).
Test Case '-[StrandAnalyticsTests.StepsEstimateEngineTests testStatusNeedsMoreDaysCountsUsableDays]' started.
Test Case '-[StrandAnalyticsTests.StepsEstimateEngineTests testStatusNeedsMoreDaysCountsUsableDays]' passed (0.000 seconds).
Test Case '-[StrandAnalyticsTests.StepsEstimateEngineTests testTightFitMoreConfidentThanScattered]' started.
Test Case '-[StrandAnalyticsTests.StepsEstimateEngineTests testTightFitMoreConfidentThanScattered]' passed (0.000 seconds).
Test Case '-[StrandAnalyticsTests.StepsEstimateEngineTests testWeightedMedianFallsBackOnDegenerateWeights]' started.
Test Case '-[StrandAnalyticsTests.StepsEstimateEngineTests testWeightedMedianFallsBackOnDegenerateWeights]' passed (0.000 seconds).
Test Case '-[StrandAnalyticsTests.StepsEstimateEngineTests testWeightedMedianReducesToPlainMedianAtEqualWeights]' started.
Test Case '-[StrandAnalyticsTests.StepsEstimateEngineTests testWeightedMedianReducesToPlainMedianAtEqualWeights]' passed (0.000 seconds).
Test Suite 'StepsEstimateEngineTests' passed at 2026-09-21 23:30:08.788.
	 Executed 22 tests, with 0 failures (0 unexpected) in 0.003 (0.004) seconds
Test Suite 'StepsEstimateEngineTraceTests' started at 2026-09-21 23:30:08.788.
Test Case '-[StrandAnalyticsTests.StepsEstimateEngineTraceTests testCalibrationStateReadoutParsesFitAndWithheld]' started.
Test Case '-[StrandAnalyticsTests.StepsEstimateEngineTraceTests testCalibrationStateReadoutParsesFitAndWithheld]' passed (0.000 seconds).
Test Case '-[StrandAnalyticsTests.StepsEstimateEngineTraceTests testCalibrationTraceNamesWithheldReason]' started.
Test Case '-[StrandAnalyticsTests.StepsEstimateEngineTraceTests testCalibrationTraceNamesWithheldReason]' passed (0.000 seconds).
Test Case '-[StrandAnalyticsTests.StepsEstimateEngineTraceTests testCalibrationTraceReusesCalibrateVerbatim]' started.
Test Case '-[StrandAnalyticsTests.StepsEstimateEngineTraceTests testCalibrationTraceReusesCalibrateVerbatim]' passed (0.000 seconds).
Test Case '-[StrandAnalyticsTests.StepsEstimateEngineTraceTests testDroppedDeltaIsCountedAndExcluded]' started.
Test Case '-[StrandAnalyticsTests.StepsEstimateEngineTraceTests testDroppedDeltaIsCountedAndExcluded]' passed (0.127 seconds).
Test Case '-[StrandAnalyticsTests.StepsEstimateEngineTraceTests testEmptyCounterReportsNoRawCounterNotBroken]' started.
Test Case '-[StrandAnalyticsTests.StepsEstimateEngineTraceTests testEmptyCounterReportsNoRawCounterNotBroken]' passed (0.000 seconds).
Test Case '-[StrandAnalyticsTests.StepsEstimateEngineTraceTests testFewerThanTwoSamplesReportsNoDelta]' started.
Test Case '-[StrandAnalyticsTests.StepsEstimateEngineTraceTests testFewerThanTwoSamplesReportsNoDelta]' passed (0.000 seconds).
Test Case '-[StrandAnalyticsTests.StepsEstimateEngineTraceTests testManualOverrideTraceReportsManual]' started.
Test Case '-[StrandAnalyticsTests.StepsEstimateEngineTraceTests testManualOverrideTraceReportsManual]' passed (0.000 seconds).
Test Case '-[StrandAnalyticsTests.StepsEstimateEngineTraceTests testManualOverrideTraceUsesTheSingleUsablePointAndUserSetSource]' started.
Test Case '-[StrandAnalyticsTests.StepsEstimateEngineTraceTests testManualOverrideTraceUsesTheSingleUsablePointAndUserSetSource]' passed (0.000 seconds).
Test Case '-[StrandAnalyticsTests.StepsEstimateEngineTraceTests testNonemptyInputWithNoRowsForDayReportsOnlyThatMismatch]' started.
Test Case '-[StrandAnalyticsTests.StepsEstimateEngineTraceTests testNonemptyInputWithNoRowsForDayReportsOnlyThatMismatch]' passed (0.000 seconds).
Test Case '-[StrandAnalyticsTests.StepsEstimateEngineTraceTests testRawTotalEqualsAnalyzeDaySteps]' started.
Test Case '-[StrandAnalyticsTests.StepsEstimateEngineTraceTests testRawTotalEqualsAnalyzeDaySteps]' passed (0.126 seconds).
Test Case '-[StrandAnalyticsTests.StepsEstimateEngineTraceTests testStepsReadoutParsesEstimateLine]' started.
Test Case '-[StrandAnalyticsTests.StepsEstimateEngineTraceTests testStepsReadoutParsesEstimateLine]' passed (0.000 seconds).
Test Case '-[StrandAnalyticsTests.StepsEstimateEngineTraceTests testStepsReadoutParsesScaledSteps]' started.
Test Case '-[StrandAnalyticsTests.StepsEstimateEngineTraceTests testStepsReadoutParsesScaledSteps]' passed (0.000 seconds).
Test Case '-[StrandAnalyticsTests.StepsEstimateEngineTraceTests testTicksPerStepScalingMatchesAnalyzeDay]' started.
Test Case '-[StrandAnalyticsTests.StepsEstimateEngineTraceTests testTicksPerStepScalingMatchesAnalyzeDay]' passed (0.128 seconds).
Test Case '-[StrandAnalyticsTests.StepsEstimateEngineTraceTests testTinyTotalRoundingToZeroRendersNoneNotZero]' started.
Test Case '-[StrandAnalyticsTests.StepsEstimateEngineTraceTests testTinyTotalRoundingToZeroRendersNoneNotZero]' passed (0.128 seconds).
Test Case '-[StrandAnalyticsTests.StepsEstimateEngineTraceTests testWrapAwareDeltaIsReportedAndCounted]' started.
Test Case '-[StrandAnalyticsTests.StepsEstimateEngineTraceTests testWrapAwareDeltaIsReportedAndCounted]' passed (0.132 seconds).
Test Suite 'StepsEstimateEngineTraceTests' passed at 2026-09-21 23:30:09.431.
	 Executed 15 tests, with 0 failures (0 unexpected) in 0.642 (0.643) seconds
Test Suite 'StrainBanisterDenominatorTests' started at 2026-09-21 23:30:09.431.
Test Case '-[StrandAnalyticsTests.StrainBanisterDenominatorTests testAMaximumDayIsOneHundredUnderBothMethods]' started.
Test Case '-[StrandAnalyticsTests.StrainBanisterDenominatorTests testAMaximumDayIsOneHundredUnderBothMethods]' passed (0.001 seconds).
Test Case '-[StrandAnalyticsTests.StrainBanisterDenominatorTests testASessionBelowTheFiftyPercentFloorScoresNothingUnderEdwards]' started.
Test Case '-[StrandAnalyticsTests.StrainBanisterDenominatorTests testASessionBelowTheFiftyPercentFloorScoresNothingUnderEdwards]' passed (0.238 seconds).
Test Case '-[StrandAnalyticsTests.StrainBanisterDenominatorTests testEdwardsDenominatorWouldCapBanisterBelowFull]' started.
Test Case '-[StrandAnalyticsTests.StrainBanisterDenominatorTests testEdwardsDenominatorWouldCapBanisterBelowFull]' passed (0.000 seconds).
Test Case '-[StrandAnalyticsTests.StrainBanisterDenominatorTests testEdwardsIsUnchangedAndStillTheDefault]' started.
Test Case '-[StrandAnalyticsTests.StrainBanisterDenominatorTests testEdwardsIsUnchangedAndStillTheDefault]' passed (0.030 seconds).
Test Case '-[StrandAnalyticsTests.StrainBanisterDenominatorTests testIntermittentWorkFaresBetterUnderBanister]' started.
Test Case '-[StrandAnalyticsTests.StrainBanisterDenominatorTests testIntermittentWorkFaresBetterUnderBanister]' passed (0.476 seconds).
Test Case '-[StrandAnalyticsTests.StrainBanisterDenominatorTests testTheDailyCeilingIsTwentyFourHoursAtFullReserve]' started.
Test Case '-[StrandAnalyticsTests.StrainBanisterDenominatorTests testTheDailyCeilingIsTwentyFourHoursAtFullReserve]' passed (0.000 seconds).
Test Case '-[StrandAnalyticsTests.StrainBanisterDenominatorTests testTheDenominatorIsCeilingMinusBaselinePlusOne]' started.
Test Case '-[StrandAnalyticsTests.StrainBanisterDenominatorTests testTheDenominatorIsCeilingMinusBaselinePlusOne]' passed (0.000 seconds).
Test Case '-[StrandAnalyticsTests.StrainBanisterDenominatorTests testTheFemaleDenominatorIsSmaller]' started.
Test Case '-[StrandAnalyticsTests.StrainBanisterDenominatorTests testTheFemaleDenominatorIsSmaller]' passed (0.001 seconds).
Test Suite 'StrainBanisterDenominatorTests' passed at 2026-09-21 23:30:10.178.
	 Executed 8 tests, with 0 failures (0 unexpected) in 0.746 (0.747) seconds
Test Suite 'StrainSampleDurationTests' started at 2026-09-21 23:30:10.178.
Test Case '-[StrandAnalyticsTests.StrainSampleDurationTests testAddingContextAroundAWindowNeverShrinksItsTrimp]' started.
Test Case '-[StrandAnalyticsTests.StrainSampleDurationTests testAddingContextAroundAWindowNeverShrinksItsTrimp]' passed (0.010 seconds).
Test Case '-[StrandAnalyticsTests.StrainSampleDurationTests testDropoutGapIsClampedNotCredited]' started.
Test Case '-[StrandAnalyticsTests.StrainSampleDurationTests testDropoutGapIsClampedNotCredited]' passed (0.000 seconds).
Test Case '-[StrandAnalyticsTests.StrainSampleDurationTests testEdgesMatchTheOldFallbacks]' started.
Test Case '-[StrandAnalyticsTests.StrainSampleDurationTests testEdgesMatchTheOldFallbacks]' passed (0.000 seconds).
Test Case '-[StrandAnalyticsTests.StrainSampleDurationTests testMixedCadenceNoLongerCollapsesTheWindow]' started.
Test Case '-[StrandAnalyticsTests.StrainSampleDurationTests testMixedCadenceNoLongerCollapsesTheWindow]' passed (0.004 seconds).
Test Case '-[StrandAnalyticsTests.StrainSampleDurationTests testThirtySecondCadenceIsNotClamped]' started.
Test Case '-[StrandAnalyticsTests.StrainSampleDurationTests testThirtySecondCadenceIsNotClamped]' passed (0.000 seconds).
Test Case '-[StrandAnalyticsTests.StrainSampleDurationTests testUniformSeriesIsByteIdenticalToTheOldComputation]' started.
Test Case '-[StrandAnalyticsTests.StrainSampleDurationTests testUniformSeriesIsByteIdenticalToTheOldComputation]' passed (0.008 seconds).
Test Suite 'StrainSampleDurationTests' passed at 2026-09-21 23:30:10.200.
	 Executed 6 tests, with 0 failures (0 unexpected) in 0.023 (0.023) seconds
Test Suite 'StrainScorerTests' started at 2026-09-21 23:30:10.200.
Test Case '-[StrandAnalyticsTests.StrainScorerTests testEstimateHRmaxObservedVsTanaka]' started.
Test Case '-[StrandAnalyticsTests.StrainScorerTests testEstimateHRmaxObservedVsTanaka]' passed (0.000 seconds).
Test Case '-[StrandAnalyticsTests.StrainScorerTests testFitStrainDenominator]' started.
Test Case '-[StrandAnalyticsTests.StrainScorerTests testFitStrainDenominator]' passed (0.000 seconds).
Test Case '-[StrandAnalyticsTests.StrainScorerTests testFitStrainDenominatorThrowsTooFew]' started.
Test Case '-[StrandAnalyticsTests.StrainScorerTests testFitStrainDenominatorThrowsTooFew]' passed (0.000 seconds).
Test Case '-[StrandAnalyticsTests.StrainScorerTests testImportedRidePartialDayEffortMatchesWornStrap]' started.
Test Case '-[StrandAnalyticsTests.StrainScorerTests testImportedRidePartialDayEffortMatchesWornStrap]' passed (3.089 seconds).
Test Case '-[StrandAnalyticsTests.StrainScorerTests testLightDayHonestlyScoresZeroNotFabricated]' started.
Test Case '-[StrandAnalyticsTests.StrainScorerTests testLightDayHonestlyScoresZeroNotFabricated]' passed (0.044 seconds).
Test Case '-[StrandAnalyticsTests.StrainScorerTests testPercentileLinearInterp]' started.
Test Case '-[StrandAnalyticsTests.StrainScorerTests testPercentileLinearInterp]' passed (0.000 seconds).
Test Case '-[StrandAnalyticsTests.StrainScorerTests testRestingHrChangesTheZoneASampleLandsIn]' started.
Test Case '-[StrandAnalyticsTests.StrainScorerTests testRestingHrChangesTheZoneASampleLandsIn]' passed (0.084 seconds).
Test Case '-[StrandAnalyticsTests.StrainScorerTests testSparseStreamScoresOnceItSpansEnoughTime]' started.
Test Case '-[StrandAnalyticsTests.StrainScorerTests testSparseStreamScoresOnceItSpansEnoughTime]' passed (0.001 seconds).
Test Case '-[StrandAnalyticsTests.StrainScorerTests testSparseStreamScoresRealWorkout]' started.
Test Case '-[StrandAnalyticsTests.StrainScorerTests testSparseStreamScoresRealWorkout]' passed (0.001 seconds).
Test Case '-[StrandAnalyticsTests.StrainScorerTests testSparseStreamStillNilUnderSampleFloor]' started.
Test Case '-[StrandAnalyticsTests.StrainScorerTests testSparseStreamStillNilUnderSampleFloor]' passed (0.000 seconds).
Test Case '-[StrandAnalyticsTests.StrainScorerTests testStrainBanisterAlsoBounded]' started.
Test Case '-[StrandAnalyticsTests.StrainScorerTests testStrainBanisterAlsoBounded]' passed (0.020 seconds).
Test Case '-[StrandAnalyticsTests.StrainScorerTests testStrainGoldenEdwardsZone5]' started.
Test Case '-[StrandAnalyticsTests.StrainScorerTests testStrainGoldenEdwardsZone5]' passed (0.020 seconds).
Test Case '-[StrandAnalyticsTests.StrainScorerTests testStrainMonotonicInIntensity]' started.
Test Case '-[StrandAnalyticsTests.StrainScorerTests testStrainMonotonicInIntensity]' passed (0.020 seconds).
Test Case '-[StrandAnalyticsTests.StrainScorerTests testStrainMonotonicInZoneTime]' started.
Test Case '-[StrandAnalyticsTests.StrainScorerTests testStrainMonotonicInZoneTime]' passed (0.039 seconds).
Test Case '-[StrandAnalyticsTests.StrainScorerTests testStrainReturnsNilInvalidHRR]' started.
Test Case '-[StrandAnalyticsTests.StrainScorerTests testStrainReturnsNilInvalidHRR]' passed (0.000 seconds).
Test Case '-[StrandAnalyticsTests.StrainScorerTests testStrainReturnsNilTooFewReadings]' started.
Test Case '-[StrandAnalyticsTests.StrainScorerTests testStrainReturnsNilTooFewReadings]' passed (0.000 seconds).
Test Case '-[StrandAnalyticsTests.StrainScorerTests testTanakaAndDefaultMax]' started.
Test Case '-[StrandAnalyticsTests.StrainScorerTests testTanakaAndDefaultMax]' passed (0.000 seconds).
Test Case '-[StrandAnalyticsTests.StrainScorerTests testTrimpToStrainCeilingMapsTo100]' started.
Test Case '-[StrandAnalyticsTests.StrainScorerTests testTrimpToStrainCeilingMapsTo100]' passed (0.000 seconds).
Test Case '-[StrandAnalyticsTests.StrainScorerTests testTrimpToStrainKnownValues]' started.
Test Case '-[StrandAnalyticsTests.StrainScorerTests testTrimpToStrainKnownValues]' passed (0.000 seconds).
Test Suite 'StrainScorerTests' passed at 2026-09-21 23:30:13.522.
	 Executed 19 tests, with 0 failures (0 unexpected) in 3.320 (3.321) seconds
Test Suite 'StrapComparisonTests' started at 2026-09-21 23:30:13.522.
Test Case '-[StrandAnalyticsTests.StrapComparisonTests testClassifiesAgreeMinorConflictSingle]' started.
Test Case '-[StrandAnalyticsTests.StrapComparisonTests testClassifiesAgreeMinorConflictSingle]' passed (0.000 seconds).
Test Case '-[StrandAnalyticsTests.StrapComparisonTests testCompareRowPerMetricEitherReportedSkipsOther]' started.
Test Case '-[StrandAnalyticsTests.StrapComparisonTests testCompareRowPerMetricEitherReportedSkipsOther]' passed (0.000 seconds).
Test Case '-[StrandAnalyticsTests.StrapComparisonTests testPercentToleranceUsesLargerMagnitude]' started.
Test Case '-[StrandAnalyticsTests.StrapComparisonTests testPercentToleranceUsesLargerMagnitude]' passed (0.000 seconds).
Test Suite 'StrapComparisonTests' passed at 2026-09-21 23:30:13.522.
	 Executed 3 tests, with 0 failures (0 unexpected) in 0.000 (0.000) seconds
Test Suite 'StreakCalculatorTests' started at 2026-09-21 23:30:13.522.
Test Case '-[StrandAnalyticsTests.StreakCalculatorTests testDuplicateDayKeysDeduped]' started.
Test Case '-[StrandAnalyticsTests.StreakCalculatorTests testDuplicateDayKeysDeduped]' passed (0.000 seconds).
Test Case '-[StrandAnalyticsTests.StreakCalculatorTests testEmptyHistory]' started.
Test Case '-[StrandAnalyticsTests.StreakCalculatorTests testEmptyHistory]' passed (0.000 seconds).
Test Case '-[StrandAnalyticsTests.StreakCalculatorTests testGapResetsCurrentButKeepsLongest]' started.
Test Case '-[StrandAnalyticsTests.StreakCalculatorTests testGapResetsCurrentButKeepsLongest]' passed (0.000 seconds).
Test Case '-[StrandAnalyticsTests.StreakCalculatorTests testLongestRunInTheMiddleOfHistory]' started.
Test Case '-[StrandAnalyticsTests.StreakCalculatorTests testLongestRunInTheMiddleOfHistory]' passed (0.000 seconds).
Test Case '-[StrandAnalyticsTests.StreakCalculatorTests testMismatchedArrayLengthsUseThePairedPrefix]' started.
Test Case '-[StrandAnalyticsTests.StreakCalculatorTests testMismatchedArrayLengthsUseThePairedPrefix]' passed (0.000 seconds).
Test Case '-[StrandAnalyticsTests.StreakCalculatorTests testMissedYesterdayAndTodayBreaksCurrent]' started.
Test Case '-[StrandAnalyticsTests.StreakCalculatorTests testMissedYesterdayAndTodayBreaksCurrent]' passed (0.000 seconds).
Test Case '-[StrandAnalyticsTests.StreakCalculatorTests testSingleDayToday]' started.
Test Case '-[StrandAnalyticsTests.StreakCalculatorTests testSingleDayToday]' passed (0.000 seconds).
Test Case '-[StrandAnalyticsTests.StreakCalculatorTests testTodayNotYetScoredGrace]' started.
Test Case '-[StrandAnalyticsTests.StreakCalculatorTests testTodayNotYetScoredGrace]' passed (0.000 seconds).
Test Case '-[StrandAnalyticsTests.StreakCalculatorTests testUnbrokenRunEndingToday]' started.
Test Case '-[StrandAnalyticsTests.StreakCalculatorTests testUnbrokenRunEndingToday]' passed (0.000 seconds).
Test Case '-[StrandAnalyticsTests.StreakCalculatorTests testUnparseableTodayYieldsNoCurrentButKeepsLongest]' started.
Test Case '-[StrandAnalyticsTests.StreakCalculatorTests testUnparseableTodayYieldsNoCurrentButKeepsLongest]' passed (0.000 seconds).
Test Case '-[StrandAnalyticsTests.StreakCalculatorTests testUnqualifiedDayBreaksTheRun]' started.
Test Case '-[StrandAnalyticsTests.StreakCalculatorTests testUnqualifiedDayBreaksTheRun]' passed (0.000 seconds).
Test Suite 'StreakCalculatorTests' passed at 2026-09-21 23:30:13.523.
	 Executed 11 tests, with 0 failures (0 unexpected) in 0.001 (0.001) seconds
Test Suite 'StreamReadCapTests' started at 2026-09-21 23:30:13.523.
Test Case '-[StrandAnalyticsTests.StreamReadCapTests testCapExceedsAFullWindowForEveryStream]' started.
Test Case '-[StrandAnalyticsTests.StreamReadCapTests testCapExceedsAFullWindowForEveryStream]' passed (0.000 seconds).
Test Case '-[StrandAnalyticsTests.StreamReadCapTests testCapsClearTheValueThatTruncatedInTheField]' started.
Test Case '-[StrandAnalyticsTests.StreamReadCapTests testCapsClearTheValueThatTruncatedInTheField]' passed (0.000 seconds).
Test Case '-[StrandAnalyticsTests.StreamReadCapTests testGravityClearsWhatTheFieldMeasured]' started.
Test Case '-[StrandAnalyticsTests.StreamReadCapTests testGravityClearsWhatTheFieldMeasured]' passed (0.000 seconds).
Test Case '-[StrandAnalyticsTests.StreamReadCapTests testRRIsCappedHigherThanHR]' started.
Test Case '-[StrandAnalyticsTests.StreamReadCapTests testRRIsCappedHigherThanHR]' passed (0.000 seconds).
Test Case '-[StrandAnalyticsTests.StreamReadCapTests testTheOldSharedCapWasBelowAFullRRWindow]' started.
Test Case '-[StrandAnalyticsTests.StreamReadCapTests testTheOldSharedCapWasBelowAFullRRWindow]' passed (0.000 seconds).
Test Case '-[StrandAnalyticsTests.StreamReadCapTests testWindowIsFiftyFourHours]' started.
Test Case '-[StrandAnalyticsTests.StreamReadCapTests testWindowIsFiftyFourHours]' passed (0.000 seconds).
Test Case '-[StrandAnalyticsTests.StreamReadCapTests testWindowIsItsTwoHalves]' started.
Test Case '-[StrandAnalyticsTests.StreamReadCapTests testWindowIsItsTwoHalves]' passed (0.000 seconds).
Test Suite 'StreamReadCapTests' passed at 2026-09-21 23:30:13.524.
	 Executed 7 tests, with 0 failures (0 unexpected) in 0.000 (0.001) seconds
Test Suite 'StressIndexTests' started at 2026-09-21 23:30:13.524.
Test Case '-[StrandAnalyticsTests.StressIndexTests testDegenerateRangeReturnsNil]' started.
Test Case '-[StrandAnalyticsTests.StressIndexTests testDegenerateRangeReturnsNil]' passed (0.002 seconds).
Test Case '-[StrandAnalyticsTests.StressIndexTests testGoldenStressIndexHandComputed]' started.
Test Case '-[StrandAnalyticsTests.StressIndexTests testGoldenStressIndexHandComputed]' passed (0.002 seconds).
Test Case '-[StrandAnalyticsTests.StressIndexTests testMostlyRejectedSpotCaptureReturnsNil]' started.
Test Case '-[StrandAnalyticsTests.StressIndexTests testMostlyRejectedSpotCaptureReturnsNil]' passed (0.003 seconds).
Test Case '-[StrandAnalyticsTests.StressIndexTests testRRIntervalOverloadMatchesRaw]' started.
Test Case '-[StrandAnalyticsTests.StressIndexTests testRRIntervalOverloadMatchesRaw]' passed (0.002 seconds).
Test Case '-[StrandAnalyticsTests.StressIndexTests testTighterHistogramRaisesSI]' started.
Test Case '-[StrandAnalyticsTests.StressIndexTests testTighterHistogramRaisesSI]' passed (0.003 seconds).
Test Case '-[StrandAnalyticsTests.StressIndexTests testTooFewBeatsReturnsNil]' started.
Test Case '-[StrandAnalyticsTests.StressIndexTests testTooFewBeatsReturnsNil]' passed (0.001 seconds).
Test Suite 'StressIndexTests' passed at 2026-09-21 23:30:13.537.
	 Executed 6 tests, with 0 failures (0 unexpected) in 0.013 (0.014) seconds
Test Suite 'StressOnsetDetectorTests' started at 2026-09-21 23:30:13.537.
Test Case '-[StrandAnalyticsTests.StressOnsetDetectorTests test_active_session_suppresses]' started.
Test Case '-[StrandAnalyticsTests.StressOnsetDetectorTests test_active_session_suppresses]' passed (0.007 seconds).
Test Case '-[StrandAnalyticsTests.StressOnsetDetectorTests test_arm_is_consumed_even_when_a_gate_suppresses]' started.
Test Case '-[StrandAnalyticsTests.StressOnsetDetectorTests test_arm_is_consumed_even_when_a_gate_suppresses]' passed (0.009 seconds).
Test Case '-[StrandAnalyticsTests.StressOnsetDetectorTests test_disabled_never_fires]' started.
Test Case '-[StrandAnalyticsTests.StressOnsetDetectorTests test_disabled_never_fires]' passed (0.000 seconds).
Test Case '-[StrandAnalyticsTests.StressOnsetDetectorTests test_exercise_gate_suppresses_when_hr_out_of_band]' started.
Test Case '-[StrandAnalyticsTests.StressOnsetDetectorTests test_exercise_gate_suppresses_when_hr_out_of_band]' passed (0.007 seconds).
Test Case '-[StrandAnalyticsTests.StressOnsetDetectorTests test_exercise_gate_suppresses_when_moving]' started.
Test Case '-[StrandAnalyticsTests.StressOnsetDetectorTests test_exercise_gate_suppresses_when_moving]' passed (0.007 seconds).
Test Case '-[StrandAnalyticsTests.StressOnsetDetectorTests test_fires_once_on_fresh_dip_then_not_again]' started.
Test Case '-[StrandAnalyticsTests.StressOnsetDetectorTests test_fires_once_on_fresh_dip_then_not_again]' passed (0.009 seconds).
Test Case '-[StrandAnalyticsTests.StressOnsetDetectorTests test_insufficient_data]' started.
Test Case '-[StrandAnalyticsTests.StressOnsetDetectorTests test_insufficient_data]' passed (0.001 seconds).
Test Case '-[StrandAnalyticsTests.StressOnsetDetectorTests test_rate_limit_blocks_second_fire_within_window]' started.
Test Case '-[StrandAnalyticsTests.StressOnsetDetectorTests test_rate_limit_blocks_second_fire_within_window]' passed (0.014 seconds).
Test Case '-[StrandAnalyticsTests.StressOnsetDetectorTests test_replay_safe_cannot_refire]' started.
Test Case '-[StrandAnalyticsTests.StressOnsetDetectorTests test_replay_safe_cannot_refire]' passed (0.009 seconds).
Test Case '-[StrandAnalyticsTests.StressOnsetDetectorTests test_state_restored_mid_dip_does_not_fire]' started.
Test Case '-[StrandAnalyticsTests.StressOnsetDetectorTests test_state_restored_mid_dip_does_not_fire]' passed (0.002 seconds).
Test Case '-[StrandAnalyticsTests.StressOnsetDetectorTests test_sustain_boundary_is_inclusive]' started.
Test Case '-[StrandAnalyticsTests.StressOnsetDetectorTests test_sustain_boundary_is_inclusive]' passed (0.009 seconds).
Test Case '-[StrandAnalyticsTests.StressOnsetDetectorTests test_transient_dip_that_recovers_never_fires]' started.
Test Case '-[StrandAnalyticsTests.StressOnsetDetectorTests test_transient_dip_that_recovers_never_fires]' passed (0.009 seconds).
Test Suite 'StressOnsetDetectorTests' passed at 2026-09-21 23:30:13.620.
	 Executed 12 tests, with 0 failures (0 unexpected) in 0.082 (0.083) seconds
Test Suite 'TestCentreLayoutTests' started at 2026-09-21 23:30:13.620.
Test Case '-[StrandAnalyticsTests.TestCentreLayoutTests testFiveMGOwnerSeesSame]' started.
Test Case '-[StrandAnalyticsTests.TestCentreLayoutTests testFiveMGOwnerSeesSame]' passed (0.000 seconds).
Test Case '-[StrandAnalyticsTests.TestCentreLayoutTests testGuidedModesDivergeOnCapturedCount]' started.
Test Case '-[StrandAnalyticsTests.TestCentreLayoutTests testGuidedModesDivergeOnCapturedCount]' passed (0.000 seconds).
Test Case '-[StrandAnalyticsTests.TestCentreLayoutTests testPhase1OrderHighThenMed]' started.
Test Case '-[StrandAnalyticsTests.TestCentreLayoutTests testPhase1OrderHighThenMed]' passed (0.000 seconds).
Test Case '-[StrandAnalyticsTests.TestCentreLayoutTests testRequires5MGHiddenForNon5MG]' started.
Test Case '-[StrandAnalyticsTests.TestCentreLayoutTests testRequires5MGHiddenForNon5MG]' passed (0.000 seconds).
Test Case '-[StrandAnalyticsTests.TestCentreLayoutTests testStatusCapturedClampsToTarget]' started.
Test Case '-[StrandAnalyticsTests.TestCentreLayoutTests testStatusCapturedClampsToTarget]' passed (0.000 seconds).
Test Case '-[StrandAnalyticsTests.TestCentreLayoutTests testStatusFallsBackToElapsedWhenNoCount]' started.
Test Case '-[StrandAnalyticsTests.TestCentreLayoutTests testStatusFallsBackToElapsedWhenNoCount]' passed (0.000 seconds).
Test Case '-[StrandAnalyticsTests.TestCentreLayoutTests testStatusGuidedComplete]' started.
Test Case '-[StrandAnalyticsTests.TestCentreLayoutTests testStatusGuidedComplete]' passed (0.000 seconds).
Test Case '-[StrandAnalyticsTests.TestCentreLayoutTests testStatusGuidedMidCapture]' started.
Test Case '-[StrandAnalyticsTests.TestCentreLayoutTests testStatusGuidedMidCapture]' passed (0.000 seconds).
Test Case '-[StrandAnalyticsTests.TestCentreLayoutTests testStatusOff]' started.
Test Case '-[StrandAnalyticsTests.TestCentreLayoutTests testStatusOff]' passed (0.000 seconds).
Test Case '-[StrandAnalyticsTests.TestCentreLayoutTests testStatusToggleOn]' started.
Test Case '-[StrandAnalyticsTests.TestCentreLayoutTests testStatusToggleOn]' passed (0.000 seconds).
Test Case '-[StrandAnalyticsTests.TestCentreLayoutTests testStatusUsesCapturedUnitsOverElapsed]' started.
Test Case '-[StrandAnalyticsTests.TestCentreLayoutTests testStatusUsesCapturedUnitsOverElapsed]' passed (0.000 seconds).
Test Case '-[StrandAnalyticsTests.TestCentreLayoutTests testStatusZeroCapturedReadsZero]' started.
Test Case '-[StrandAnalyticsTests.TestCentreLayoutTests testStatusZeroCapturedReadsZero]' passed (0.000 seconds).
Test Suite 'TestCentreLayoutTests' passed at 2026-09-21 23:30:13.621.
	 Executed 12 tests, with 0 failures (0 unexpected) in 0.001 (0.001) seconds
Test Suite 'TestDomainTests' started at 2026-09-21 23:30:13.622.
Test Case '-[StrandAnalyticsTests.TestDomainTests testDataImportWireIdIsImport]' started.
Test Case '-[StrandAnalyticsTests.TestDomainTests testDataImportWireIdIsImport]' passed (0.000 seconds).
Test Case '-[StrandAnalyticsTests.TestDomainTests testFullIdSet]' started.
Test Case '-[StrandAnalyticsTests.TestDomainTests testFullIdSet]' passed (0.000 seconds).
Test Case '-[StrandAnalyticsTests.TestDomainTests testGithubLabels]' started.
Test Case '-[StrandAnalyticsTests.TestDomainTests testGithubLabels]' passed (0.000 seconds).
Test Case '-[StrandAnalyticsTests.TestDomainTests testNonImportIdsEqualRawValue]' started.
Test Case '-[StrandAnalyticsTests.TestDomainTests testNonImportIdsEqualRawValue]' passed (0.000 seconds).
Test Suite 'TestDomainTests' passed at 2026-09-21 23:30:13.622.
	 Executed 4 tests, with 0 failures (0 unexpected) in 0.000 (0.000) seconds
Test Suite 'TestModeRegistrySleepTests' started at 2026-09-21 23:30:13.622.
Test Case '-[StrandAnalyticsTests.TestModeRegistrySleepTests testSleepLiveReadoutIds]' started.
Test Case '-[StrandAnalyticsTests.TestModeRegistrySleepTests testSleepLiveReadoutIds]' passed (0.000 seconds).
Test Case '-[StrandAnalyticsTests.TestModeRegistrySleepTests testSleepQuestionnaireIdsAndKinds]' started.
Test Case '-[StrandAnalyticsTests.TestModeRegistrySleepTests testSleepQuestionnaireIdsAndKinds]' passed (0.000 seconds).
Test Suite 'TestModeRegistrySleepTests' passed at 2026-09-21 23:30:13.622.
	 Executed 2 tests, with 0 failures (0 unexpected) in 0.000 (0.000) seconds
Test Suite 'TestModeRegistryTests' started at 2026-09-21 23:30:13.622.
Test Case '-[StrandAnalyticsTests.TestModeRegistryTests testBatteryCaptureSetAndReadout]' started.
Test Case '-[StrandAnalyticsTests.TestModeRegistryTests testBatteryCaptureSetAndReadout]' passed (0.000 seconds).
Test Case '-[StrandAnalyticsTests.TestModeRegistryTests testBatteryIsGuidedThreeDays]' started.
Test Case '-[StrandAnalyticsTests.TestModeRegistryTests testBatteryIsGuidedThreeDays]' passed (0.000 seconds).
Test Case '-[StrandAnalyticsTests.TestModeRegistryTests testLookupByDomain]' started.
Test Case '-[StrandAnalyticsTests.TestModeRegistryTests testLookupByDomain]' passed (0.000 seconds).
Test Case '-[StrandAnalyticsTests.TestModeRegistryTests testNoQuestionnairePromptHasEmDash]' started.
Test Case '-[StrandAnalyticsTests.TestModeRegistryTests testNoQuestionnairePromptHasEmDash]' passed (0.000 seconds).
Test Case '-[StrandAnalyticsTests.TestModeRegistryTests testPhase2CaptureSets]' started.
Test Case '-[StrandAnalyticsTests.TestModeRegistryTests testPhase2CaptureSets]' passed (0.000 seconds).
Test Case '-[StrandAnalyticsTests.TestModeRegistryTests testPhase2HighPainAreToggles]' started.
Test Case '-[StrandAnalyticsTests.TestModeRegistryTests testPhase2HighPainAreToggles]' passed (0.000 seconds).
Test Case '-[StrandAnalyticsTests.TestModeRegistryTests testPhase2LiveReadoutIds]' started.
Test Case '-[StrandAnalyticsTests.TestModeRegistryTests testPhase2LiveReadoutIds]' passed (0.000 seconds).
Test Case '-[StrandAnalyticsTests.TestModeRegistryTests testPhase2Priorities]' started.
Test Case '-[StrandAnalyticsTests.TestModeRegistryTests testPhase2Priorities]' passed (0.000 seconds).
Test Case '-[StrandAnalyticsTests.TestModeRegistryTests testPhase2QuestionnaireIdsAndKinds]' started.
Test Case '-[StrandAnalyticsTests.TestModeRegistryTests testPhase2QuestionnaireIdsAndKinds]' passed (0.000 seconds).
Test Case '-[StrandAnalyticsTests.TestModeRegistryTests testRegistryOrderAndIds]' started.
Test Case '-[StrandAnalyticsTests.TestModeRegistryTests testRegistryOrderAndIds]' passed (0.000 seconds).
Test Case '-[StrandAnalyticsTests.TestModeRegistryTests testScreenshotAndRequires5MGFlags]' started.
Test Case '-[StrandAnalyticsTests.TestModeRegistryTests testScreenshotAndRequires5MGFlags]' passed (0.000 seconds).
Test Case '-[StrandAnalyticsTests.TestModeRegistryTests testSleepCaptureSet]' started.
Test Case '-[StrandAnalyticsTests.TestModeRegistryTests testSleepCaptureSet]' passed (0.000 seconds).
Test Case '-[StrandAnalyticsTests.TestModeRegistryTests testSleepIsGuidedThreeNights]' started.
Test Case '-[StrandAnalyticsTests.TestModeRegistryTests testSleepIsGuidedThreeNights]' passed (0.000 seconds).
Test Case '-[StrandAnalyticsTests.TestModeRegistryTests testSleepQuestionnaireKeys]' started.
Test Case '-[StrandAnalyticsTests.TestModeRegistryTests testSleepQuestionnaireKeys]' passed (0.000 seconds).
Test Suite 'TestModeRegistryTests' passed at 2026-09-21 23:30:13.623.
	 Executed 14 tests, with 0 failures (0 unexpected) in 0.001 (0.001) seconds
Test Suite 'TestReadoutTests' started at 2026-09-21 23:30:13.623.
Test Case '-[StrandAnalyticsTests.TestReadoutTests testLastChargeBreakdownFallsBackToNilReason]' started.
Test Case '-[StrandAnalyticsTests.TestReadoutTests testLastChargeBreakdownFallsBackToNilReason]' passed (0.000 seconds).
Test Case '-[StrandAnalyticsTests.TestReadoutTests testLastChargeBreakdownNilWhenNoTrace]' started.
Test Case '-[StrandAnalyticsTests.TestReadoutTests testLastChargeBreakdownNilWhenNoTrace]' passed (0.000 seconds).
Test Case '-[StrandAnalyticsTests.TestReadoutTests testLastChargeBreakdownParsesScoreAndBand]' started.
Test Case '-[StrandAnalyticsTests.TestReadoutTests testLastChargeBreakdownParsesScoreAndBand]' passed (0.000 seconds).
Test Case '-[StrandAnalyticsTests.TestReadoutTests testLastChargeBreakdownPicksNewestDayNotLastEmitted]' started.
Test Case '-[StrandAnalyticsTests.TestReadoutTests testLastChargeBreakdownPicksNewestDayNotLastEmitted]' passed (0.000 seconds).
Test Case '-[StrandAnalyticsTests.TestReadoutTests testLastChargeBreakdownPrefersLastPassForNewestDay]' started.
Test Case '-[StrandAnalyticsTests.TestReadoutTests testLastChargeBreakdownPrefersLastPassForNewestDay]' passed (0.000 seconds).
Test Case '-[StrandAnalyticsTests.TestReadoutTests testLastChargeBreakdownReportsNilWhenNewestDayGenuinelyMissing]' started.
Test Case '-[StrandAnalyticsTests.TestReadoutTests testLastChargeBreakdownReportsNilWhenNewestDayGenuinelyMissing]' passed (0.000 seconds).
Test Case '-[StrandAnalyticsTests.TestReadoutTests testLastHrvComputationParsesRmssdFragment]' started.
Test Case '-[StrandAnalyticsTests.TestReadoutTests testLastHrvComputationParsesRmssdFragment]' passed (0.000 seconds).
Test Case '-[StrandAnalyticsTests.TestReadoutTests testLastHrvComputationReportsFilteredOut]' started.
Test Case '-[StrandAnalyticsTests.TestReadoutTests testLastHrvComputationReportsFilteredOut]' passed (0.000 seconds).
Test Suite 'TestReadoutTests' passed at 2026-09-21 23:30:13.624.
	 Executed 8 tests, with 0 failures (0 unexpected) in 0.000 (0.001) seconds
Test Suite 'TrainingLoadEngineTests' started at 2026-09-21 23:30:13.624.
Test Case '-[StrandAnalyticsTests.TrainingLoadEngineTests testConstantLoadConvergesExactlyToLoadAndZeroBalance]' started.
Test Case '-[StrandAnalyticsTests.TrainingLoadEngineTests testConstantLoadConvergesExactlyToLoadAndZeroBalance]' passed (0.000 seconds).
Test Case '-[StrandAnalyticsTests.TrainingLoadEngineTests testExplicitTargetUsesOnlyHistoryThroughThatDay]' started.
Test Case '-[StrandAnalyticsTests.TrainingLoadEngineTests testExplicitTargetUsesOnlyHistoryThroughThatDay]' passed (0.000 seconds).
Test Case '-[StrandAnalyticsTests.TrainingLoadEngineTests testInputOrderDoesNotChangeResult]' started.
Test Case '-[StrandAnalyticsTests.TrainingLoadEngineTests testInputOrderDoesNotChangeResult]' passed (0.000 seconds).
Test Case '-[StrandAnalyticsTests.TrainingLoadEngineTests testInvalidConfigurationFailsClosed]' started.
Test Case '-[StrandAnalyticsTests.TrainingLoadEngineTests testInvalidConfigurationFailsClosed]' passed (0.000 seconds).
Test Case '-[StrandAnalyticsTests.TrainingLoadEngineTests testLeapDayAndMonthBoundaryStayContiguousWithoutTimezoneMath]' started.
Test Case '-[StrandAnalyticsTests.TrainingLoadEngineTests testLeapDayAndMonthBoundaryStayContiguousWithoutTimezoneMath]' passed (0.000 seconds).
Test Case '-[StrandAnalyticsTests.TrainingLoadEngineTests testMalformedDuplicateNegativeAndNonFiniteInputFailClosed]' started.
Test Case '-[StrandAnalyticsTests.TrainingLoadEngineTests testMalformedDuplicateNegativeAndNonFiniteInputFailClosed]' passed (0.000 seconds).
Test Case '-[StrandAnalyticsTests.TrainingLoadEngineTests testMinimumAndEstablishedHistoryBoundariesAreExplicit]' started.
Test Case '-[StrandAnalyticsTests.TrainingLoadEngineTests testMinimumAndEstablishedHistoryBoundariesAreExplicit]' passed (0.000 seconds).
Test Case '-[StrandAnalyticsTests.TrainingLoadEngineTests testMissingCalendarDayBreaksSuffixRatherThanCompressingTime]' started.
Test Case '-[StrandAnalyticsTests.TrainingLoadEngineTests testMissingCalendarDayBreaksSuffixRatherThanCompressingTime]' passed (0.000 seconds).
Test Case '-[StrandAnalyticsTests.TrainingLoadEngineTests testMissingExplicitTargetFailsClosed]' started.
Test Case '-[StrandAnalyticsTests.TrainingLoadEngineTests testMissingExplicitTargetFailsClosed]' passed (0.000 seconds).
Test Case '-[StrandAnalyticsTests.TrainingLoadEngineTests testMissingLoadBreaksContiguousSuffixInsteadOfInventingZero]' started.
Test Case '-[StrandAnalyticsTests.TrainingLoadEngineTests testMissingLoadBreaksContiguousSuffixInsteadOfInventingZero]' passed (0.000 seconds).
Test Case '-[StrandAnalyticsTests.TrainingLoadEngineTests testRealZeroLoadDayIsObservedRatherThanTreatedAsMissing]' started.
Test Case '-[StrandAnalyticsTests.TrainingLoadEngineTests testRealZeroLoadDayIsObservedRatherThanTreatedAsMissing]' passed (0.000 seconds).
Test Case '-[StrandAnalyticsTests.TrainingLoadEngineTests testStepDownProducesPositiveBalanceAsAcuteLoadFallsFaster]' started.
Test Case '-[StrandAnalyticsTests.TrainingLoadEngineTests testStepDownProducesPositiveBalanceAsAcuteLoadFallsFaster]' passed (0.000 seconds).
Test Case '-[StrandAnalyticsTests.TrainingLoadEngineTests testStepUpRaisesAcuteLoadFasterThanChronicLoad]' started.
Test Case '-[StrandAnalyticsTests.TrainingLoadEngineTests testStepUpRaisesAcuteLoadFasterThanChronicLoad]' passed (0.000 seconds).
Test Suite 'TrainingLoadEngineTests' passed at 2026-09-21 23:30:13.627.
	 Executed 13 tests, with 0 failures (0 unexpected) in 0.002 (0.003) seconds
Test Suite 'UniversalTraceTests' started at 2026-09-21 23:30:13.627.
Test Case '-[StrandAnalyticsTests.UniversalTraceTests testBehindWithinTwoDaysStaysOk]' started.
Test Case '-[StrandAnalyticsTests.UniversalTraceTests testBehindWithinTwoDaysStaysOk]' passed (0.000 seconds).
Test Case '-[StrandAnalyticsTests.UniversalTraceTests testClockOkLineFormat]' started.
Test Case '-[StrandAnalyticsTests.UniversalTraceTests testClockOkLineFormat]' passed (0.000 seconds).
Test Case '-[StrandAnalyticsTests.UniversalTraceTests testEpochEraNewestReadsRtcEpoch]' started.
Test Case '-[StrandAnalyticsTests.UniversalTraceTests testEpochEraNewestReadsRtcEpoch]' passed (0.000 seconds).
Test Case '-[StrandAnalyticsTests.UniversalTraceTests testFarBehindDriftIsAClockWarningNotOk]' started.
Test Case '-[StrandAnalyticsTests.UniversalTraceTests testFarBehindDriftIsAClockWarningNotOk]' passed (0.000 seconds).
Test Case '-[StrandAnalyticsTests.UniversalTraceTests testFutureDatedStrapIsFlagged]' started.
Test Case '-[StrandAnalyticsTests.UniversalTraceTests testFutureDatedStrapIsFlagged]' passed (0.000 seconds).
Test Case '-[StrandAnalyticsTests.UniversalTraceTests testOldestOmittedWhenNotBelowNewest]' started.
Test Case '-[StrandAnalyticsTests.UniversalTraceTests testOldestOmittedWhenNotBelowNewest]' passed (0.000 seconds).
Test Case '-[StrandAnalyticsTests.UniversalTraceTests testUnknownFirmwareWhenNotObserved]' started.
Test Case '-[StrandAnalyticsTests.UniversalTraceTests testUnknownFirmwareWhenNotObserved]' passed (0.000 seconds).
Test Case '-[StrandAnalyticsTests.UniversalTraceTests testWithinToleranceIsNotFlagged]' started.
Test Case '-[StrandAnalyticsTests.UniversalTraceTests testWithinToleranceIsNotFlagged]' passed (0.000 seconds).
Test Suite 'UniversalTraceTests' passed at 2026-09-21 23:30:13.630.
	 Executed 8 tests, with 0 failures (0 unexpected) in 0.002 (0.003) seconds
Test Suite 'VendorRespRateTests' started at 2026-09-21 23:30:13.630.
Test Case '-[StrandAnalyticsTests.VendorRespRateTests testAFragmentOfANightIsRefused]' started.
Test Case '-[StrandAnalyticsTests.VendorRespRateTests testAFragmentOfANightIsRefused]' passed (0.000 seconds).
Test Case '-[StrandAnalyticsTests.VendorRespRateTests testAnalyzeDayPrefersTheDeviceMeasuredRate]' started.
Test Case '-[StrandAnalyticsTests.VendorRespRateTests testAnalyzeDayPrefersTheDeviceMeasuredRate]' passed (0.519 seconds).
Test Case '-[StrandAnalyticsTests.VendorRespRateTests testAnImplausibleMedianIsRefused]' started.
Test Case '-[StrandAnalyticsTests.VendorRespRateTests testAnImplausibleMedianIsRefused]' passed (0.000 seconds).
Test Case '-[StrandAnalyticsTests.VendorRespRateTests testASingleBrandHistoryIsUnscoped]' started.
Test Case '-[StrandAnalyticsTests.VendorRespRateTests testASingleBrandHistoryIsUnscoped]' passed (0.000 seconds).
Test Case '-[StrandAnalyticsTests.VendorRespRateTests testEmptyVendorRespIsByteIdenticalToOmitting]' started.
Test Case '-[StrandAnalyticsTests.VendorRespRateTests testEmptyVendorRespIsByteIdenticalToOmitting]' passed (0.562 seconds).
Test Case '-[StrandAnalyticsTests.VendorRespRateTests testNightlyValueIsTheMedianOfTheInSessionRows]' started.
Test Case '-[StrandAnalyticsTests.VendorRespRateTests testNightlyValueIsTheMedianOfTheInSessionRows]' passed (0.000 seconds).
Test Case '-[StrandAnalyticsTests.VendorRespRateTests testNoRowsAndNoSessionsYieldNothing]' started.
Test Case '-[StrandAnalyticsTests.VendorRespRateTests testNoRowsAndNoSessionsYieldNothing]' passed (0.000 seconds).
Test Case '-[StrandAnalyticsTests.VendorRespRateTests testRespBaselineFoldsTheCurrentDeviceEraOnly]' started.
Test Case '-[StrandAnalyticsTests.VendorRespRateTests testRespBaselineFoldsTheCurrentDeviceEraOnly]' passed (0.007 seconds).
Test Case '-[StrandAnalyticsTests.VendorRespRateTests testRowsOutsideTheSessionAreIgnored]' started.
Test Case '-[StrandAnalyticsTests.VendorRespRateTests testRowsOutsideTheSessionAreIgnored]' passed (0.000 seconds).
Test Suite 'VendorRespRateTests' passed at 2026-09-21 23:30:14.720.
	 Executed 9 tests, with 0 failures (0 unexpected) in 1.089 (1.090) seconds
Test Suite 'VitalBandsTests' started at 2026-09-21 23:30:14.720.
Test Case '-[StrandAnalyticsTests.VitalBandsTests testCalendarSeriesDropsMalformedKeysEmptyIsEmpty]' started.
Test Case '-[StrandAnalyticsTests.VitalBandsTests testCalendarSeriesDropsMalformedKeysEmptyIsEmpty]' passed (0.000 seconds).
Test Case '-[StrandAnalyticsTests.VitalBandsTests testCalendarSeriesPadsMissingDays]' started.
Test Case '-[StrandAnalyticsTests.VitalBandsTests testCalendarSeriesPadsMissingDays]' passed (0.000 seconds).
Test Case '-[StrandAnalyticsTests.VitalBandsTests testImplausibleValueAlwaysOutOfRangeEvenWithTrustedBaseline]' started.
Test Case '-[StrandAnalyticsTests.VitalBandsTests testImplausibleValueAlwaysOutOfRangeEvenWithTrustedBaseline]' passed (0.005 seconds).
Test Case '-[StrandAnalyticsTests.VitalBandsTests testLowHrvAt14NightsPersonalInRange]' started.
Test Case '-[StrandAnalyticsTests.VitalBandsTests testLowHrvAt14NightsPersonalInRange]' passed (0.002 seconds).
Test Case '-[StrandAnalyticsTests.VitalBandsTests testLowHrvBelow14NightsPopulationOutOfRange]' started.
Test Case '-[StrandAnalyticsTests.VitalBandsTests testLowHrvBelow14NightsPopulationOutOfRange]' passed (0.002 seconds).
Test Case '-[StrandAnalyticsTests.VitalBandsTests testNilCfgSpo2StaysPopulationOnly]' started.
Test Case '-[StrandAnalyticsTests.VitalBandsTests testNilCfgSpo2StaysPopulationOnly]' passed (0.000 seconds).
Test Case '-[StrandAnalyticsTests.VitalBandsTests testNilNightsDoNotCountTowardTrust]' started.
Test Case '-[StrandAnalyticsTests.VitalBandsTests testNilNightsDoNotCountTowardTrust]' passed (0.004 seconds).
Test Case '-[StrandAnalyticsTests.VitalBandsTests testNullValueIsNoData]' started.
Test Case '-[StrandAnalyticsTests.VitalBandsTests testNullValueIsNoData]' passed (0.000 seconds).
Test Case '-[StrandAnalyticsTests.VitalBandsTests testPersonalBigDeviationOutOfRange]' started.
Test Case '-[StrandAnalyticsTests.VitalBandsTests testPersonalBigDeviationOutOfRange]' passed (0.005 seconds).
Test Case '-[StrandAnalyticsTests.VitalBandsTests testPersonalJustInside2SigmaInRange]' started.
Test Case '-[StrandAnalyticsTests.VitalBandsTests testPersonalJustInside2SigmaInRange]' passed (0.009 seconds).
Test Case '-[StrandAnalyticsTests.VitalBandsTests testSkinTempHistoryPartitionsMixedSemantics]' started.
Test Case '-[StrandAnalyticsTests.VitalBandsTests testSkinTempHistoryPartitionsMixedSemantics]' passed (0.000 seconds).
Test Case '-[StrandAnalyticsTests.VitalBandsTests testStaleBaselineFallsBackToPopulation]' started.
Test Case '-[StrandAnalyticsTests.VitalBandsTests testStaleBaselineFallsBackToPopulation]' passed (0.006 seconds).
Test Suite 'VitalBandsTests' passed at 2026-09-21 23:30:14.754.
	 Executed 12 tests, with 0 failures (0 unexpected) in 0.033 (0.034) seconds
Test Suite 'VitalCarryStalenessTests' started at 2026-09-21 23:30:14.754.
Test Case '-[StrandAnalyticsTests.VitalCarryStalenessTests testCarriesAValueInsideTheWindow]' started.
Test Case '-[StrandAnalyticsTests.VitalCarryStalenessTests testCarriesAValueInsideTheWindow]' passed (0.000 seconds).
Test Case '-[StrandAnalyticsTests.VitalCarryStalenessTests testCarryWindowIsShorterThanBaselineStaleness]' started.
Test Case '-[StrandAnalyticsTests.VitalCarryStalenessTests testCarryWindowIsShorterThanBaselineStaleness]' passed (0.000 seconds).
Test Case '-[StrandAnalyticsTests.VitalCarryStalenessTests testCutoffKeyCrossesMonthAndYearBoundaries]' started.
Test Case '-[StrandAnalyticsTests.VitalCarryStalenessTests testCutoffKeyCrossesMonthAndYearBoundaries]' passed (0.000 seconds).
Test Case '-[StrandAnalyticsTests.VitalCarryStalenessTests testCutoffKeyFailsClosedOnGarbage]' started.
Test Case '-[StrandAnalyticsTests.VitalCarryStalenessTests testCutoffKeyFailsClosedOnGarbage]' passed (0.000 seconds).
Test Case '-[StrandAnalyticsTests.VitalCarryStalenessTests testCutoffKeyHandlesLeapYear]' started.
Test Case '-[StrandAnalyticsTests.VitalCarryStalenessTests testCutoffKeyHandlesLeapYear]' passed (0.000 seconds).
Test Case '-[StrandAnalyticsTests.VitalCarryStalenessTests testCutoffKeyIsTodayMinusCarryDays]' started.
Test Case '-[StrandAnalyticsTests.VitalCarryStalenessTests testCutoffKeyIsTodayMinusCarryDays]' passed (0.000 seconds).
Test Case '-[StrandAnalyticsTests.VitalCarryStalenessTests testDropsTheFourteenDayOldImportThatShowed156]' started.
Test Case '-[StrandAnalyticsTests.VitalCarryStalenessTests testDropsTheFourteenDayOldImportThatShowed156]' passed (0.000 seconds).
Test Case '-[StrandAnalyticsTests.VitalCarryStalenessTests testEmptySeriesCarriesNothing]' started.
Test Case '-[StrandAnalyticsTests.VitalCarryStalenessTests testEmptySeriesCarriesNothing]' passed (0.000 seconds).
Test Case '-[StrandAnalyticsTests.VitalCarryStalenessTests testFutureDatedRowIsNotFilteredHere]' started.
Test Case '-[StrandAnalyticsTests.VitalCarryStalenessTests testFutureDatedRowIsNotFilteredHere]' passed (0.000 seconds).
Test Case '-[StrandAnalyticsTests.VitalCarryStalenessTests testJudgesOnlyTheNewestPoint]' started.
Test Case '-[StrandAnalyticsTests.VitalCarryStalenessTests testJudgesOnlyTheNewestPoint]' passed (0.000 seconds).
Test Case '-[StrandAnalyticsTests.VitalCarryStalenessTests testTodaysOwnValueAlwaysCarries]' started.
Test Case '-[StrandAnalyticsTests.VitalCarryStalenessTests testTodaysOwnValueAlwaysCarries]' passed (0.000 seconds).
Test Case '-[StrandAnalyticsTests.VitalCarryStalenessTests testWindowEdgeIsInclusive]' started.
Test Case '-[StrandAnalyticsTests.VitalCarryStalenessTests testWindowEdgeIsInclusive]' passed (0.000 seconds).
Test Suite 'VitalCarryStalenessTests' passed at 2026-09-21 23:30:14.755.
	 Executed 12 tests, with 0 failures (0 unexpected) in 0.001 (0.002) seconds
Test Suite 'VitalityEngineTests' started at 2026-09-21 23:30:14.755.
Test Case '-[StrandAnalyticsTests.VitalityEngineTests testAveragePersonReadsAtTheirAge]' started.
Test Case '-[StrandAnalyticsTests.VitalityEngineTests testAveragePersonReadsAtTheirAge]' passed (0.000 seconds).
Test Case '-[StrandAnalyticsTests.VitalityEngineTests testClamps]' started.
Test Case '-[StrandAnalyticsTests.VitalityEngineTests testClamps]' passed (0.000 seconds).
Test Case '-[StrandAnalyticsTests.VitalityEngineTests testContributionSigns]' started.
Test Case '-[StrandAnalyticsTests.VitalityEngineTests testContributionSigns]' passed (0.000 seconds).
Test Case '-[StrandAnalyticsTests.VitalityEngineTests testHealthyPersonIsYounger]' started.
Test Case '-[StrandAnalyticsTests.VitalityEngineTests testHealthyPersonIsYounger]' passed (0.000 seconds).
Test Case '-[StrandAnalyticsTests.VitalityEngineTests testNilBelowMinFactors]' started.
Test Case '-[StrandAnalyticsTests.VitalityEngineTests testNilBelowMinFactors]' passed (0.001 seconds).
Test Case '-[StrandAnalyticsTests.VitalityEngineTests testRmssdNormByAge]' started.
Test Case '-[StrandAnalyticsTests.VitalityEngineTests testRmssdNormByAge]' passed (0.000 seconds).
Test Case '-[StrandAnalyticsTests.VitalityEngineTests testSleepConsistency]' started.
Test Case '-[StrandAnalyticsTests.VitalityEngineTests testSleepConsistency]' passed (0.000 seconds).
Test Case '-[StrandAnalyticsTests.VitalityEngineTests testUnhealthyPersonIsOlder]' started.
Test Case '-[StrandAnalyticsTests.VitalityEngineTests testUnhealthyPersonIsOlder]' passed (0.000 seconds).
Test Suite 'VitalityEngineTests' passed at 2026-09-21 23:30:14.758.
	 Executed 8 tests, with 0 failures (0 unexpected) in 0.002 (0.003) seconds
Test Suite 'Vo2maxCaloriesTests' started at 2026-09-21 23:30:14.758.
Test Case '-[StrandAnalyticsTests.Vo2maxCaloriesTests testActiveRateFallsBackToBaseWhenNoVo2max]' started.
Test Case '-[StrandAnalyticsTests.Vo2maxCaloriesTests testActiveRateFallsBackToBaseWhenNoVo2max]' passed (0.000 seconds).
Test Case '-[StrandAnalyticsTests.Vo2maxCaloriesTests testActiveRateUsesFitnessModelWhenVo2maxKnown]' started.
Test Case '-[StrandAnalyticsTests.Vo2maxCaloriesTests testActiveRateUsesFitnessModelWhenVo2maxKnown]' passed (0.000 seconds).
Test Case '-[StrandAnalyticsTests.Vo2maxCaloriesTests testBoutThreadsVo2maxWhenRestingHRKnown]' started.
Test Case '-[StrandAnalyticsTests.Vo2maxCaloriesTests testBoutThreadsVo2maxWhenRestingHRKnown]' passed (0.002 seconds).
Test Case '-[StrandAnalyticsTests.Vo2maxCaloriesTests testFemaleAndNonbinaryFitnessCoeffs]' started.
Test Case '-[StrandAnalyticsTests.Vo2maxCaloriesTests testFemaleAndNonbinaryFitnessCoeffs]' passed (0.000 seconds).
Test Case '-[StrandAnalyticsTests.Vo2maxCaloriesTests testVo2maxForIsUthAndNilWithoutRestingHR]' started.
Test Case '-[StrandAnalyticsTests.Vo2maxCaloriesTests testVo2maxForIsUthAndNilWithoutRestingHR]' passed (0.000 seconds).
Test Suite 'Vo2maxCaloriesTests' passed at 2026-09-21 23:30:14.761.
	 Executed 5 tests, with 0 failures (0 unexpected) in 0.003 (0.003) seconds
Test Suite 'W4AutomaticSleepForwardingTests' started at 2026-09-21 23:30:14.761.
Test Case '-[StrandAnalyticsTests.W4AutomaticSleepForwardingTests testAuthoritativeEmptyAndMovedSetsBypassDetectionWithoutRemovingRawConsumers]' started.
Test Case '-[StrandAnalyticsTests.W4AutomaticSleepForwardingTests testAuthoritativeEmptyAndMovedSetsBypassDetectionWithoutRemovingRawConsumers]' passed (1.723 seconds).
Test Case '-[StrandAnalyticsTests.W4AutomaticSleepForwardingTests testAutomaticForwardingUsesTrueZoneAndFullTracedDTOEqualsCachedBothStagers]' started.
Test Case '-[StrandAnalyticsTests.W4AutomaticSleepForwardingTests testAutomaticForwardingUsesTrueZoneAndFullTracedDTOEqualsCachedBothStagers]' passed (1.580 seconds).
Test Case '-[StrandAnalyticsTests.W4AutomaticSleepForwardingTests testExplicitBoundsRemainIndependentAndEndMembershipIsHalfOpen]' started.
Test Case '-[StrandAnalyticsTests.W4AutomaticSleepForwardingTests testExplicitBoundsRemainIndependentAndEndMembershipIsHalfOpen]' passed (0.201 seconds).
Test Case '-[StrandAnalyticsTests.W4AutomaticSleepForwardingTests testResolvedMainExclusionsRetainOriginalIndicesUnderExplicitZone]' started.
Test Case '-[StrandAnalyticsTests.W4AutomaticSleepForwardingTests testResolvedMainExclusionsRetainOriginalIndicesUnderExplicitZone]' passed (0.296 seconds).
Test Suite 'W4AutomaticSleepForwardingTests' passed at 2026-09-21 23:30:18.562.
	 Executed 4 tests, with 0 failures (0 unexpected) in 3.801 (3.801) seconds
Test Suite 'W4AutomaticSleepTimezoneTests' started at 2026-09-21 23:30:18.562.
Test Case '-[StrandAnalyticsTests.W4AutomaticSleepTimezoneTests testActualSeventyMinuteBoundaryRunsChangeOnlyClockAdmissionForBothStagers]' started.
Test Case '-[StrandAnalyticsTests.W4AutomaticSleepTimezoneTests testActualSeventyMinuteBoundaryRunsChangeOnlyClockAdmissionForBothStagers]' passed (0.574 seconds).
Test Case '-[StrandAnalyticsTests.W4AutomaticSleepTimezoneTests testActualSpringOvernightKeepsSplitTailPastDaytimeBand]' started.
Test Case '-[StrandAnalyticsTests.W4AutomaticSleepTimezoneTests testActualSpringOvernightKeepsSplitTailPastDaytimeBand]' passed (0.877 seconds).
Test Case '-[StrandAnalyticsTests.W4AutomaticSleepTimezoneTests testConstantOffsetZoneEqualsLegacyNumericOffsetIncludingTrace]' started.
Test Case '-[StrandAnalyticsTests.W4AutomaticSleepTimezoneTests testConstantOffsetZoneEqualsLegacyNumericOffsetIncludingTrace]' passed (0.211 seconds).
Test Case '-[StrandAnalyticsTests.W4AutomaticSleepTimezoneTests testDenseDefaultAndExplicitNilAreExactForBothStagersAndTraces]' started.
Test Case '-[StrandAnalyticsTests.W4AutomaticSleepTimezoneTests testDenseDefaultAndExplicitNilAreExactForBothStagersAndTraces]' passed (0.285 seconds).
Test Case '-[StrandAnalyticsTests.W4AutomaticSleepTimezoneTests testElapsedContinuationMorningThresholdAndBandRescueRemainUnchanged]' started.
Test Case '-[StrandAnalyticsTests.W4AutomaticSleepTimezoneTests testElapsedContinuationMorningThresholdAndBandRescueRemainUnchanged]' passed (0.881 seconds).
Test Case '-[StrandAnalyticsTests.W4AutomaticSleepTimezoneTests testEmptyShortAndNoHRAreUnchangedByNilOrEquivalentUTC]' started.
Test Case '-[StrandAnalyticsTests.W4AutomaticSleepTimezoneTests testEmptyShortAndNoHRAreUnchangedByNilOrEquivalentUTC]' passed (0.080 seconds).
Test Case '-[StrandAnalyticsTests.W4AutomaticSleepTimezoneTests testExactLocalBandEdgesUseInstantOffsetAndIgnoreFallback]' started.
Test Case '-[StrandAnalyticsTests.W4AutomaticSleepTimezoneTests testExactLocalBandEdgesUseInstantOffsetAndIgnoreFallback]' passed (0.000 seconds).
Test Case '-[StrandAnalyticsTests.W4AutomaticSleepTimezoneTests testExplicitZoneCannotBypassOffWristOrSixteenHourCap]' started.
Test Case '-[StrandAnalyticsTests.W4AutomaticSleepTimezoneTests testExplicitZoneCannotBypassOffWristOrSixteenHourCap]' passed (0.157 seconds).
Test Case '-[StrandAnalyticsTests.W4AutomaticSleepTimezoneTests testNegativeEpochFlooredModuloAndDistinctOnsetCenterInstants]' started.
Test Case '-[StrandAnalyticsTests.W4AutomaticSleepTimezoneTests testNegativeEpochFlooredModuloAndDistinctOnsetCenterInstants]' passed (0.000 seconds).
Test Case '-[StrandAnalyticsTests.W4AutomaticSleepTimezoneTests testNoonTransitionOnsetKeepsRealDaytimeTailThatWrongPostOffsetLoses]' started.
Test Case '-[StrandAnalyticsTests.W4AutomaticSleepTimezoneTests testNoonTransitionOnsetKeepsRealDaytimeTailThatWrongPostOffsetLoses]' passed (1.056 seconds).
Test Case '-[StrandAnalyticsTests.W4AutomaticSleepTimezoneTests testRealOvernightsPhysicallyCrossBothOneHourAndHalfHourTransitions]' started.
Test Case '-[StrandAnalyticsTests.W4AutomaticSleepTimezoneTests testRealOvernightsPhysicallyCrossBothOneHourAndHalfHourTransitions]' passed (3.489 seconds).
Test Case '-[StrandAnalyticsTests.W4AutomaticSleepTimezoneTests testTimezoneIsPartOfCacheKeyAndTraceAlwaysExecutesBothStagers]' started.
Test Case '-[StrandAnalyticsTests.W4AutomaticSleepTimezoneTests testTimezoneIsPartOfCacheKeyAndTraceAlwaysExecutesBothStagers]' passed (0.251 seconds).
Test Suite 'W4AutomaticSleepTimezoneTests' passed at 2026-09-21 23:30:26.426.
	 Executed 12 tests, with 0 failures (0 unexpected) in 7.863 (7.864) seconds
Test Suite 'W4CycleCalendarTests' started at 2026-09-21 23:30:26.426.
Test Case '-[StrandAnalyticsTests.W4CycleCalendarTests testCurrentAdmissionGateAndObservedCountRemainRequired]' started.
Test Case '-[StrandAnalyticsTests.W4CycleCalendarTests testCurrentAdmissionGateAndObservedCountRemainRequired]' passed (0.027 seconds).
Test Case '-[StrandAnalyticsTests.W4CycleCalendarTests testDenseCalendarAndPeriodEvidenceMatchLegacyExactly]' started.
Test Case '-[StrandAnalyticsTests.W4CycleCalendarTests testDenseCalendarAndPeriodEvidenceMatchLegacyExactly]' passed (0.019 seconds).
Test Case '-[StrandAnalyticsTests.W4CycleCalendarTests testFutureNightsAndLogsDoNotChangeHistoricalResult]' started.
Test Case '-[StrandAnalyticsTests.W4CycleCalendarTests testFutureNightsAndLogsDoNotChangeHistoricalResult]' passed (0.020 seconds).
Test Case '-[StrandAnalyticsTests.W4CycleCalendarTests testMissingCurrentNeverProducesAConfidentHistoricalPhase]' started.
Test Case '-[StrandAnalyticsTests.W4CycleCalendarTests testMissingCurrentNeverProducesAConfidentHistoricalPhase]' passed (0.008 seconds).
Test Case '-[StrandAnalyticsTests.W4CycleCalendarTests testStrictKeysDuplicatesAndLeapDate]' started.
Test Case '-[StrandAnalyticsTests.W4CycleCalendarTests testStrictKeysDuplicatesAndLeapDate]' passed (0.008 seconds).
Test Case '-[StrandAnalyticsTests.W4CycleCalendarTests testUnknownDoesNotCreateFalseRisingEdge]' started.
Test Case '-[StrandAnalyticsTests.W4CycleCalendarTests testUnknownDoesNotCreateFalseRisingEdge]' passed (0.038 seconds).
Test Suite 'W4CycleCalendarTests' passed at 2026-09-21 23:30:26.547.
	 Executed 6 tests, with 0 failures (0 unexpected) in 0.120 (0.121) seconds
Test Suite 'W4DailyPresentationMathTests' started at 2026-09-21 23:30:26.547.
Test Case '-[StrandAnalyticsTests.W4DailyPresentationMathTests testConsistencyMinimumAndNoonWrap]' started.
Test Case '-[StrandAnalyticsTests.W4DailyPresentationMathTests testConsistencyMinimumAndNoonWrap]' passed (0.001 seconds).
Test Case '-[StrandAnalyticsTests.W4DailyPresentationMathTests testConsistencyTrailingFourteenDropsOldOutlierWithoutDroppingOutput]' started.
Test Case '-[StrandAnalyticsTests.W4DailyPresentationMathTests testConsistencyTrailingFourteenDropsOldOutlierWithoutDroppingOutput]' passed (0.000 seconds).
Test Case '-[StrandAnalyticsTests.W4DailyPresentationMathTests testEfficiencyKeepsFractionPercentNegativeAndNonfiniteSemantics]' started.
Test Case '-[StrandAnalyticsTests.W4DailyPresentationMathTests testEfficiencyKeepsFractionPercentNegativeAndNonfiniteSemantics]' passed (0.000 seconds).
Test Case '-[StrandAnalyticsTests.W4DailyPresentationMathTests testExplicitLocalMinutesAcrossDSTAndTravel]' started.
Test Case '-[StrandAnalyticsTests.W4DailyPresentationMathTests testExplicitLocalMinutesAcrossDSTAndTravel]' passed (0.001 seconds).
Test Case '-[StrandAnalyticsTests.W4DailyPresentationMathTests testHoursVsNeedDoesNotReplaceExplicitZeroOrClamp]' started.
Test Case '-[StrandAnalyticsTests.W4DailyPresentationMathTests testHoursVsNeedDoesNotReplaceExplicitZeroOrClamp]' passed (0.000 seconds).
Test Case '-[StrandAnalyticsTests.W4DailyPresentationMathTests testMeanPreservesEmptyOrderAndNonfiniteInputs]' started.
Test Case '-[StrandAnalyticsTests.W4DailyPresentationMathTests testMeanPreservesEmptyOrderAndNonfiniteInputs]' passed (0.000 seconds).
Test Case '-[StrandAnalyticsTests.W4DailyPresentationMathTests testPopulationDeviationKeepsProvidedMeanAndCountGate]' started.
Test Case '-[StrandAnalyticsTests.W4DailyPresentationMathTests testPopulationDeviationKeepsProvidedMeanAndCountGate]' passed (0.000 seconds).
Test Case '-[StrandAnalyticsTests.W4DailyPresentationMathTests testPositiveMeanAndDescriptiveNeedAreNotNormativeNeed]' started.
Test Case '-[StrandAnalyticsTests.W4DailyPresentationMathTests testPositiveMeanAndDescriptiveNeedAreNotNormativeNeed]' passed (0.001 seconds).
Test Case '-[StrandAnalyticsTests.W4DailyPresentationMathTests testRestorativeMissingIsNotZeroAndStageSignsAreNotChanged]' started.
Test Case '-[StrandAnalyticsTests.W4DailyPresentationMathTests testRestorativeMissingIsNotZeroAndStageSignsAreNotChanged]' passed (0.001 seconds).
Test Case '-[StrandAnalyticsTests.W4DailyPresentationMathTests testStressBothDirectionsAndNilTerms]' started.
Test Case '-[StrandAnalyticsTests.W4DailyPresentationMathTests testStressBothDirectionsAndNilTerms]' passed (0.000 seconds).
Test Case '-[StrandAnalyticsTests.W4DailyPresentationMathTests testStressSpreadGateIsStrictAndNonfiniteIsNotSilentlyFiltered]' started.
Test Case '-[StrandAnalyticsTests.W4DailyPresentationMathTests testStressSpreadGateIsStrictAndNonfiniteIsNotSilentlyFiltered]' passed (0.000 seconds).
Test Case '-[StrandAnalyticsTests.W4DailyPresentationMathTests testStressSquashBoundaryAndSymmetry]' started.
Test Case '-[StrandAnalyticsTests.W4DailyPresentationMathTests testStressSquashBoundaryAndSymmetry]' passed (0.000 seconds).
Test Suite 'W4DailyPresentationMathTests' passed at 2026-09-21 23:30:26.554.
	 Executed 12 tests, with 0 failures (0 unexpected) in 0.006 (0.007) seconds
Test Suite 'W4DaytimeBaselineTimezoneTests' started at 2026-09-21 23:30:26.554.
Test Case '-[StrandAnalyticsTests.W4DaytimeBaselineTimezoneTests testAggregateUsesSameZoneBucketsWakingAndNativeQuantilesAsScorer]' started.
Test Case '-[StrandAnalyticsTests.W4DaytimeBaselineTimezoneTests testAggregateUsesSameZoneBucketsWakingAndNativeQuantilesAsScorer]' passed (0.057 seconds).
Test Case '-[StrandAnalyticsTests.W4DaytimeBaselineTimezoneTests testEachHistoricalDayKeepsItsOwnZoneAndMissingSlotAgesFold]' started.
Test Case '-[StrandAnalyticsTests.W4DaytimeBaselineTimezoneTests testEachHistoricalDayKeepsItsOwnZoneAndMissingSlotAgesFold]' passed (0.140 seconds).
Test Case '-[StrandAnalyticsTests.W4DaytimeBaselineTimezoneTests testEmptySparseAndRrOnlyBucketsDoNotInventBaselineData]' started.
Test Case '-[StrandAnalyticsTests.W4DaytimeBaselineTimezoneTests testEmptySparseAndRrOnlyBucketsDoNotInventBaselineData]' passed (0.001 seconds).
Test Case '-[StrandAnalyticsTests.W4DaytimeBaselineTimezoneTests testPersonalModeKeepsRmssdFeatureGateAndStaleHistoryFallback]' started.
Test Case '-[StrandAnalyticsTests.W4DaytimeBaselineTimezoneTests testPersonalModeKeepsRmssdFeatureGateAndStaleHistoryFallback]' passed (0.168 seconds).
Test Suite 'W4DaytimeBaselineTimezoneTests' passed at 2026-09-21 23:30:26.921.
	 Executed 4 tests, with 0 failures (0 unexpected) in 0.367 (0.367) seconds
Test Suite 'W4DaytimeTimezoneTests' started at 2026-09-21 23:30:26.921.
Test Case '-[StrandAnalyticsTests.W4DaytimeTimezoneTests testCacheSeparatesZonesWithMatchingEarlierOffsetsAndHonorsExplicitZone]' started.
Test Case '-[StrandAnalyticsTests.W4DaytimeTimezoneTests testCacheSeparatesZonesWithMatchingEarlierOffsetsAndHonorsExplicitZone]' passed (0.026 seconds).
Test Case '-[StrandAnalyticsTests.W4DaytimeTimezoneTests testCivilDayLengthsAndHalfOpenRawAdmissionUseActualBounds]' started.
Test Case '-[StrandAnalyticsTests.W4DaytimeTimezoneTests testCivilDayLengthsAndHalfOpenRawAdmissionUseActualBounds]' passed (0.063 seconds).
Test Case '-[StrandAnalyticsTests.W4DaytimeTimezoneTests testExplicitLocalTruncationVectorsIncludingBothLordHoweTransitions]' started.
Test Case '-[StrandAnalyticsTests.W4DaytimeTimezoneTests testExplicitLocalTruncationVectorsIncludingBothLordHoweTransitions]' passed (0.002 seconds).
Test Case '-[StrandAnalyticsTests.W4DaytimeTimezoneTests testFoundationElapsedHourIsNotThePartialTransitionOracle]' started.
Test Case '-[StrandAnalyticsTests.W4DaytimeTimezoneTests testFoundationElapsedHourIsNotThePartialTransitionOracle]' passed (0.000 seconds).
Test Case '-[StrandAnalyticsTests.W4DaytimeTimezoneTests testFractionalConstantZoneMatchesLegacyModesAndFormula]' started.
Test Case '-[StrandAnalyticsTests.W4DaytimeTimezoneTests testFractionalConstantZoneMatchesLegacyModesAndFormula]' passed (0.073 seconds).
Test Case '-[StrandAnalyticsTests.W4DaytimeTimezoneTests testMissingMidnightSkippedDateAndNegativeEpochAreExplicit]' started.
Test Case '-[StrandAnalyticsTests.W4DaytimeTimezoneTests testMissingMidnightSkippedDateAndNegativeEpochAreExplicit]' passed (0.000 seconds).
Test Case '-[StrandAnalyticsTests.W4DaytimeTimezoneTests testSharedMapsKeepRrOrderMotionGateAndCountGateAcrossMiddayTransition]' started.
Test Case '-[StrandAnalyticsTests.W4DaytimeTimezoneTests testSharedMapsKeepRrOrderMotionGateAndCountGateAcrossMiddayTransition]' passed (0.056 seconds).
Test Suite 'W4DaytimeTimezoneTests' passed at 2026-09-21 23:30:27.141.
	 Executed 7 tests, with 0 failures (0 unexpected) in 0.220 (0.221) seconds
Test Suite 'W4FiveSeamCompatibilityTests' started at 2026-09-21 23:30:27.141.
Test Case '-[StrandAnalyticsTests.W4FiveSeamCompatibilityTests testNilDefaultsAndConstantZoneRemainExact]' started.
Test Case '-[StrandAnalyticsTests.W4FiveSeamCompatibilityTests testNilDefaultsAndConstantZoneRemainExact]' passed (0.020 seconds).
Test Case '-[StrandAnalyticsTests.W4FiveSeamCompatibilityTests testThirteenLiveV2DTOsMatchQualifiedReceiptAndRetainHistoricalBytes]' started.
Test Case '-[StrandAnalyticsTests.W4FiveSeamCompatibilityTests testThirteenLiveV2DTOsMatchQualifiedReceiptAndRetainHistoricalBytes]' passed (15.095 seconds).
Test Suite 'W4FiveSeamCompatibilityTests' passed at 2026-09-21 23:30:42.257.
	 Executed 2 tests, with 0 failures (0 unexpected) in 15.115 (15.115) seconds
Test Suite 'W4Kernel13CompatibilityTests' started at 2026-09-21 23:30:42.257.
Test Case '-[StrandAnalyticsTests.W4Kernel13CompatibilityTests testAllThirteenQualifiedDTOsAndImmutableHistoricalCases]' started.
Test Case '-[StrandAnalyticsTests.W4Kernel13CompatibilityTests testAllThirteenQualifiedDTOsAndImmutableHistoricalCases]' passed (12.051 seconds).
Test Suite 'W4Kernel13CompatibilityTests' passed at 2026-09-21 23:30:54.308.
	 Executed 1 test, with 0 failures (0 unexpected) in 12.051 (12.051) seconds
Test Suite 'W4PhysiologicalStepsTimezoneTests' started at 2026-09-21 23:30:54.308.
Test Case '-[StrandAnalyticsTests.W4PhysiologicalStepsTimezoneTests testEditsExplicitKindsAndLongDaytimeNapRemainAuthoritative]' started.
Test Case '-[StrandAnalyticsTests.W4PhysiologicalStepsTimezoneTests testEditsExplicitKindsAndLongDaytimeNapRemainAuthoritative]' passed (0.001 seconds).
Test Case '-[StrandAnalyticsTests.W4PhysiologicalStepsTimezoneTests testMidpointRankingUsesZoneAndOriginalIdentities]' started.
Test Case '-[StrandAnalyticsTests.W4PhysiologicalStepsTimezoneTests testMidpointRankingUsesZoneAndOriginalIdentities]' passed (0.001 seconds).
Test Case '-[StrandAnalyticsTests.W4PhysiologicalStepsTimezoneTests testNilDefaultConstantZoneAndUnrelatedOwnershipStayExact]' started.
Test Case '-[StrandAnalyticsTests.W4PhysiologicalStepsTimezoneTests testNilDefaultConstantZoneAndUnrelatedOwnershipStayExact]' passed (0.001 seconds).
Test Case '-[StrandAnalyticsTests.W4PhysiologicalStepsTimezoneTests testTailBridgeForwardsZoneAndRetainsOriginalOrder]' started.
Test Case '-[StrandAnalyticsTests.W4PhysiologicalStepsTimezoneTests testTailBridgeForwardsZoneAndRetainsOriginalOrder]' passed (0.004 seconds).
Test Case '-[StrandAnalyticsTests.W4PhysiologicalStepsTimezoneTests testThreeHourGateUsesEachOnsetOffset]' started.
Test Case '-[StrandAnalyticsTests.W4PhysiologicalStepsTimezoneTests testThreeHourGateUsesEachOnsetOffset]' passed (0.005 seconds).
Test Suite 'W4PhysiologicalStepsTimezoneTests' passed at 2026-09-21 23:30:54.321.
	 Executed 5 tests, with 0 failures (0 unexpected) in 0.012 (0.012) seconds
Test Suite 'W4ReadinessCalendarTests' started at 2026-09-21 23:30:54.321.
Test Case '-[StrandAnalyticsTests.W4ReadinessCalendarTests testAdmittedFeatureOmissionsDoNotEraseOtherBaselines]' started.
Test Case '-[StrandAnalyticsTests.W4ReadinessCalendarTests testAdmittedFeatureOmissionsDoNotEraseOtherBaselines]' passed (0.008 seconds).
Test Case '-[StrandAnalyticsTests.W4ReadinessCalendarTests testDenseCalendarMatchesLegacyIncludingAllEvidenceAndConfidence]' started.
Test Case '-[StrandAnalyticsTests.W4ReadinessCalendarTests testDenseCalendarMatchesLegacyIncludingAllEvidenceAndConfidence]' passed (0.021 seconds).
Test Case '-[StrandAnalyticsTests.W4ReadinessCalendarTests testLoadUsesOnlyContiguousSuffixEndingToday]' started.
Test Case '-[StrandAnalyticsTests.W4ReadinessCalendarTests testLoadUsesOnlyContiguousSuffixEndingToday]' passed (0.034 seconds).
Test Case '-[StrandAnalyticsTests.W4ReadinessCalendarTests testMissingCalendarTailAgesFreshnessInsteadOfCompressingIt]' started.
Test Case '-[StrandAnalyticsTests.W4ReadinessCalendarTests testMissingCalendarTailAgesFreshnessInsteadOfCompressingIt]' passed (0.016 seconds).
Test Case '-[StrandAnalyticsTests.W4ReadinessCalendarTests testMissingCurrentNeverUsesHistoricalOrFutureRow]' started.
Test Case '-[StrandAnalyticsTests.W4ReadinessCalendarTests testMissingCurrentNeverUsesHistoricalOrFutureRow]' passed (0.003 seconds).
Test Case '-[StrandAnalyticsTests.W4ReadinessCalendarTests testOldAndFutureRowsCannotEnterWindowOrLoad]' started.
Test Case '-[StrandAnalyticsTests.W4ReadinessCalendarTests testOldAndFutureRowsCannotEnterWindowOrLoad]' passed (0.021 seconds).
Test Case '-[StrandAnalyticsTests.W4ReadinessCalendarTests testSevenValidSlotsRequiredAndBaselineUsesActualOptionalFold]' started.
Test Case '-[StrandAnalyticsTests.W4ReadinessCalendarTests testSevenValidSlotsRequiredAndBaselineUsesActualOptionalFold]' passed (0.014 seconds).
Test Case '-[StrandAnalyticsTests.W4ReadinessCalendarTests testStrictKeysDuplicatesAndLeapDay]' started.
Test Case '-[StrandAnalyticsTests.W4ReadinessCalendarTests testStrictKeysDuplicatesAndLeapDay]' passed (0.002 seconds).
Test Suite 'W4ReadinessCalendarTests' passed at 2026-09-21 23:30:54.439.
	 Executed 8 tests, with 0 failures (0 unexpected) in 0.118 (0.118) seconds
Test Suite 'W4ResolvedSleepSeamTests' started at 2026-09-21 23:30:54.439.
Test Case '-[StrandAnalyticsTests.W4ResolvedSleepSeamTests testAllMainCandidatesExcludedLeaveSessionsAndPhysiologyButNoSleepDuration]' started.
Test Case '-[StrandAnalyticsTests.W4ResolvedSleepSeamTests testAllMainCandidatesExcludedLeaveSessionsAndPhysiologyButNoSleepDuration]' passed (0.771 seconds).
Test Case '-[StrandAnalyticsTests.W4ResolvedSleepSeamTests testExcludedStagedNapCannotSupplyEvidenceForUnstagedMain]' started.
Test Case '-[StrandAnalyticsTests.W4ResolvedSleepSeamTests testExcludedStagedNapCannotSupplyEvidenceForUnstagedMain]' passed (0.382 seconds).
Test Case '-[StrandAnalyticsTests.W4ResolvedSleepSeamTests testExplicitDismissalSuppressesDetectionButRetainsRawDrivenWorkoutsAndActivity]' started.
Test Case '-[StrandAnalyticsTests.W4ResolvedSleepSeamTests testExplicitDismissalSuppressesDetectionButRetainsRawDrivenWorkoutsAndActivity]' passed (1.198 seconds).
Test Case '-[StrandAnalyticsTests.W4ResolvedSleepSeamTests testMainExclusionMapsOriginalIndicesAndRetainsNapPhysiology]' started.
Test Case '-[StrandAnalyticsTests.W4ResolvedSleepSeamTests testMainExclusionMapsOriginalIndicesAndRetainsNapPhysiology]' passed (1.163 seconds).
Test Case '-[StrandAnalyticsTests.W4ResolvedSleepSeamTests testMovedOnlySetRemovesOldDetectionAndEnrichesFromUnchangedRawSignals]' started.
Test Case '-[StrandAnalyticsTests.W4ResolvedSleepSeamTests testMovedOnlySetRemovesOldDetectionAndEnrichesFromUnchangedRawSignals]' passed (1.243 seconds).
Test Case '-[StrandAnalyticsTests.W4ResolvedSleepSeamTests testNilResolvedKeepsSupplementalProvidedNapAndDetectedNight]' started.
Test Case '-[StrandAnalyticsTests.W4ResolvedSleepSeamTests testNilResolvedKeepsSupplementalProvidedNapAndDetectedNight]' passed (1.158 seconds).
Test Case '-[StrandAnalyticsTests.W4ResolvedSleepSeamTests testResolvedPreservesDirectRHRButDoesNotPromoteSuppliedUnqualifiedHRV]' started.
Test Case '-[StrandAnalyticsTests.W4ResolvedSleepSeamTests testResolvedPreservesDirectRHRButDoesNotPromoteSuppliedUnqualifiedHRV]' passed (0.748 seconds).
Test Case '-[StrandAnalyticsTests.W4ResolvedSleepSeamTests testUnstagedAuthoritativeIntervalIsUnavailableWithoutInventingStages]' started.
Test Case '-[StrandAnalyticsTests.W4ResolvedSleepSeamTests testUnstagedAuthoritativeIntervalIsUnavailableWithoutInventingStages]' passed (0.801 seconds).
Test Suite 'W4ResolvedSleepSeamTests' passed at 2026-09-21 23:31:01.903.
	 Executed 8 tests, with 0 failures (0 unexpected) in 7.463 (7.464) seconds
Test Suite 'W4TrueZoneSeamTests' started at 2026-09-21 23:31:01.903.
Test Case '-[StrandAnalyticsTests.W4TrueZoneSeamTests testActualCivilDayBoundsAcrossHourHalfHourAndMiddayTransitions]' started.
Test Case '-[StrandAnalyticsTests.W4TrueZoneSeamTests testActualCivilDayBoundsAcrossHourHalfHourAndMiddayTransitions]' passed (0.001 seconds).
Test Case '-[StrandAnalyticsTests.W4TrueZoneSeamTests testBoundsRejectMalformedNormalizedAndWhollySkippedDates]' started.
Test Case '-[StrandAnalyticsTests.W4TrueZoneSeamTests testBoundsRejectMalformedNormalizedAndWhollySkippedDates]' passed (0.000 seconds).
Test Case '-[StrandAnalyticsTests.W4TrueZoneSeamTests testEmptyExplicitRangeAdmitsNoSleepStepsOrCalorieSamples]' started.
Test Case '-[StrandAnalyticsTests.W4TrueZoneSeamTests testEmptyExplicitRangeAdmitsNoSleepStepsOrCalorieSamples]' passed (0.001 seconds).
Test Case '-[StrandAnalyticsTests.W4TrueZoneSeamTests testMainNightRankingUsesOffsetAtEachMidpointAndKeepsOriginalIndices]' started.
Test Case '-[StrandAnalyticsTests.W4TrueZoneSeamTests testMainNightRankingUsesOffsetAtEachMidpointAndKeepsOriginalIndices]' passed (0.001 seconds).
Test Case '-[StrandAnalyticsTests.W4TrueZoneSeamTests testNightTailBridgeUsesOffsetAtEachFragmentOnset]' started.
Test Case '-[StrandAnalyticsTests.W4TrueZoneSeamTests testNightTailBridgeUsesOffsetAtEachFragmentOnset]' passed (0.001 seconds).
Test Case '-[StrandAnalyticsTests.W4TrueZoneSeamTests testNilZoneAndConstantZonePreserveLegacyDayCycleValues]' started.
Test Case '-[StrandAnalyticsTests.W4TrueZoneSeamTests testNilZoneAndConstantZonePreserveLegacyDayCycleValues]' passed (0.000 seconds).
Test Case '-[StrandAnalyticsTests.W4TrueZoneSeamTests testSessionAndRawAdditiveAdmissionAtEveryTrueDayEdge]' started.
Test Case '-[StrandAnalyticsTests.W4TrueZoneSeamTests testSessionAndRawAdditiveAdmissionAtEveryTrueDayEdge]' passed (0.910 seconds).
Test Case '-[StrandAnalyticsTests.W4TrueZoneSeamTests testSleepCycleRetainsFortyHourCapAcrossOffsetTransitions]' started.
Test Case '-[StrandAnalyticsTests.W4TrueZoneSeamTests testSleepCycleRetainsFortyHourCapAcrossOffsetTransitions]' passed (0.001 seconds).
Test Case '-[StrandAnalyticsTests.W4TrueZoneSeamTests testTwentyFiveHourDayKeepsBothEdgesWithoutShiftingEpochs]' started.
Test Case '-[StrandAnalyticsTests.W4TrueZoneSeamTests testTwentyFiveHourDayKeepsBothEdgesWithoutShiftingEpochs]' passed (0.398 seconds).
Test Case '-[StrandAnalyticsTests.W4TrueZoneSeamTests testZoneCalendarAndFallbackUseActualMidnightWithElapsedMinimum]' started.
Test Case '-[StrandAnalyticsTests.W4TrueZoneSeamTests testZoneCalendarAndFallbackUseActualMidnightWithElapsedMinimum]' passed (0.002 seconds).
Test Suite 'W4TrueZoneSeamTests' passed at 2026-09-21 23:31:03.219.
	 Executed 10 tests, with 0 failures (0 unexpected) in 1.316 (1.317) seconds
Test Suite 'WakeMotionRefinementTests' started at 2026-09-21 23:31:03.219.
Test Case '-[StrandAnalyticsTests.WakeMotionRefinementTests testHotButStillNightReclaimsTheStillSpansAroundIsolatedBursts]' started.
Test Case '-[StrandAnalyticsTests.WakeMotionRefinementTests testHotButStillNightReclaimsTheStillSpansAroundIsolatedBursts]' passed (0.013 seconds).
Test Case '-[StrandAnalyticsTests.WakeMotionRefinementTests testRealGetUpStaysWake]' started.
Test Case '-[StrandAnalyticsTests.WakeMotionRefinementTests testRealGetUpStaysWake]' passed (0.000 seconds).
Test Case '-[StrandAnalyticsTests.WakeMotionRefinementTests testRecoversDifferentInjectedReclaimAmountsAcrossPatterns]' started.
Test Case '-[StrandAnalyticsTests.WakeMotionRefinementTests testRecoversDifferentInjectedReclaimAmountsAcrossPatterns]' passed (0.027 seconds).
Test Case '-[StrandAnalyticsTests.WakeMotionRefinementTests testSessionLevelRefineRecomputesEfficiency]' started.
Test Case '-[StrandAnalyticsTests.WakeMotionRefinementTests testSessionLevelRefineRecomputesEfficiency]' passed (0.013 seconds).
Test Case '-[StrandAnalyticsTests.WakeMotionRefinementTests testSparseMotionNightDeclinesToAct]' started.
Test Case '-[StrandAnalyticsTests.WakeMotionRefinementTests testSparseMotionNightDeclinesToAct]' passed (0.000 seconds).
Test Case '-[StrandAnalyticsTests.WakeMotionRefinementTests testToggleOffIsByteIdenticalPassthrough]' started.
Test Case '-[StrandAnalyticsTests.WakeMotionRefinementTests testToggleOffIsByteIdenticalPassthrough]' passed (0.013 seconds).
Test Suite 'WakeMotionRefinementTests' passed at 2026-09-21 23:31:03.288.
	 Executed 6 tests, with 0 failures (0 unexpected) in 0.068 (0.068) seconds
Test Suite 'WatchRecoveryTests' started at 2026-09-21 23:31:03.288.
Test Case '-[StrandAnalyticsTests.WatchRecoveryTests testAtBaselineGivesMidRecoverySolid]' started.
Test Case '-[StrandAnalyticsTests.WatchRecoveryTests testAtBaselineGivesMidRecoverySolid]' passed (0.005 seconds).
Test Case '-[StrandAnalyticsTests.WatchRecoveryTests testHighHRVLowRHRGivesHighRecovery]' started.
Test Case '-[StrandAnalyticsTests.WatchRecoveryTests testHighHRVLowRHRGivesHighRecovery]' passed (0.005 seconds).
Test Case '-[StrandAnalyticsTests.WatchRecoveryTests testHistoryAtGateScores]' started.
Test Case '-[StrandAnalyticsTests.WatchRecoveryTests testHistoryAtGateScores]' passed (0.003 seconds).
Test Case '-[StrandAnalyticsTests.WatchRecoveryTests testHistoryJustBelowGateCalibrates]' started.
Test Case '-[StrandAnalyticsTests.WatchRecoveryTests testHistoryJustBelowGateCalibrates]' passed (0.002 seconds).
Test Case '-[StrandAnalyticsTests.WatchRecoveryTests testInsufficientHistoryCalibrates]' started.
Test Case '-[StrandAnalyticsTests.WatchRecoveryTests testInsufficientHistoryCalibrates]' passed (0.001 seconds).
Test Case '-[StrandAnalyticsTests.WatchRecoveryTests testLowHRVHighRHRGivesLowRecovery]' started.
Test Case '-[StrandAnalyticsTests.WatchRecoveryTests testLowHRVHighRHRGivesLowRecovery]' passed (0.005 seconds).
Test Case '-[StrandAnalyticsTests.WatchRecoveryTests testMissingTodayCalibrates]' started.
Test Case '-[StrandAnalyticsTests.WatchRecoveryTests testMissingTodayCalibrates]' passed (0.004 seconds).
Test Case '-[StrandAnalyticsTests.WatchRecoveryTests testMissingTodayRHRStillScoresFromHRV]' started.
Test Case '-[StrandAnalyticsTests.WatchRecoveryTests testMissingTodayRHRStillScoresFromHRV]' passed (0.005 seconds).
Test Case '-[StrandAnalyticsTests.WatchRecoveryTests testSameScaleAsStrapRecovery]' started.
Test Case '-[StrandAnalyticsTests.WatchRecoveryTests testSameScaleAsStrapRecovery]' passed (0.009 seconds).
Test Suite 'WatchRecoveryTests' passed at 2026-09-21 23:31:03.327.
	 Executed 9 tests, with 0 failures (0 unexpected) in 0.039 (0.040) seconds
Test Suite 'WeeklyDigestTests' started at 2026-09-21 23:31:03.327.
Test Case '-[StrandAnalyticsTests.WeeklyDigestTests testAddDaysCrossesMonthAndYear]' started.
Test Case '-[StrandAnalyticsTests.WeeklyDigestTests testAddDaysCrossesMonthAndYear]' passed (0.000 seconds).
Test Case '-[StrandAnalyticsTests.WeeklyDigestTests testAddDaysLeapYear]' started.
Test Case '-[StrandAnalyticsTests.WeeklyDigestTests testAddDaysLeapYear]' passed (0.000 seconds).
Test Case '-[StrandAnalyticsTests.WeeklyDigestTests testBadAnchorGivesEmptyDigest]' started.
Test Case '-[StrandAnalyticsTests.WeeklyDigestTests testBadAnchorGivesEmptyDigest]' passed (0.001 seconds).
Test Case '-[StrandAnalyticsTests.WeeklyDigestTests testBalanceBalanced]' started.
Test Case '-[StrandAnalyticsTests.WeeklyDigestTests testBalanceBalanced]' passed (0.001 seconds).
Test Case '-[StrandAnalyticsTests.WeeklyDigestTests testBalanceInsufficientWithTooFewDays]' started.
Test Case '-[StrandAnalyticsTests.WeeklyDigestTests testBalanceInsufficientWithTooFewDays]' passed (0.001 seconds).
Test Case '-[StrandAnalyticsTests.WeeklyDigestTests testBalanceOverreaching]' started.
Test Case '-[StrandAnalyticsTests.WeeklyDigestTests testBalanceOverreaching]' passed (0.001 seconds).
Test Case '-[StrandAnalyticsTests.WeeklyDigestTests testBalanceUnderloaded]' started.
Test Case '-[StrandAnalyticsTests.WeeklyDigestTests testBalanceUnderloaded]' passed (0.001 seconds).
Test Case '-[StrandAnalyticsTests.WeeklyDigestTests testDaysOutsideTheWeekAreIgnored]' started.
Test Case '-[StrandAnalyticsTests.WeeklyDigestTests testDaysOutsideTheWeekAreIgnored]' passed (0.001 seconds).
Test Case '-[StrandAnalyticsTests.WeeklyDigestTests testDeterministicAcrossRuns]' started.
Test Case '-[StrandAnalyticsTests.WeeklyDigestTests testDeterministicAcrossRuns]' passed (0.003 seconds).
Test Case '-[StrandAnalyticsTests.WeeklyDigestTests testEffortDisplayFactorDefaultIsByteIdentical]' started.
Test Case '-[StrandAnalyticsTests.WeeklyDigestTests testEffortDisplayFactorDefaultIsByteIdentical]' passed (0.003 seconds).
Test Case '-[StrandAnalyticsTests.WeeklyDigestTests testEffortDisplayFactorRescalesEffortAveragesOnly]' started.
Test Case '-[StrandAnalyticsTests.WeeklyDigestTests testEffortDisplayFactorRescalesEffortAveragesOnly]' passed (0.003 seconds).
Test Case '-[StrandAnalyticsTests.WeeklyDigestTests testEffortDisplayFactorRescalesPtsFallback]' started.
Test Case '-[StrandAnalyticsTests.WeeklyDigestTests testEffortDisplayFactorRescalesPtsFallback]' passed (0.001 seconds).
Test Case '-[StrandAnalyticsTests.WeeklyDigestTests testFocalPointsCappedAtTwo]' started.
Test Case '-[StrandAnalyticsTests.WeeklyDigestTests testFocalPointsCappedAtTwo]' passed (0.002 seconds).
Test Case '-[StrandAnalyticsTests.WeeklyDigestTests testFocalPointSurfacesBiggestMover]' started.
Test Case '-[StrandAnalyticsTests.WeeklyDigestTests testFocalPointSurfacesBiggestMover]' passed (0.001 seconds).
Test Case '-[StrandAnalyticsTests.WeeklyDigestTests testIsRoughComparisonFlagsSparseSides]' started.
Test Case '-[StrandAnalyticsTests.WeeklyDigestTests testIsRoughComparisonFlagsSparseSides]' passed (0.004 seconds).
Test Case '-[StrandAnalyticsTests.WeeklyDigestTests testMondayOfWeek]' started.
Test Case '-[StrandAnalyticsTests.WeeklyDigestTests testMondayOfWeek]' passed (0.000 seconds).
Test Case '-[StrandAnalyticsTests.WeeklyDigestTests testRestingHRRiseReadsAsWorthALook]' started.
Test Case '-[StrandAnalyticsTests.WeeklyDigestTests testRestingHRRiseReadsAsWorthALook]' passed (0.001 seconds).
Test Case '-[StrandAnalyticsTests.WeeklyDigestTests testSleepConsistencyIsSDOfRest]' started.
Test Case '-[StrandAnalyticsTests.WeeklyDigestTests testSleepConsistencyIsSDOfRest]' passed (0.001 seconds).
Test Case '-[StrandAnalyticsTests.WeeklyDigestTests testSleepConsistencyNilWithOneNight]' started.
Test Case '-[StrandAnalyticsTests.WeeklyDigestTests testSleepConsistencyNilWithOneNight]' passed (0.001 seconds).
Test Case '-[StrandAnalyticsTests.WeeklyDigestTests testSparsePreviousWeekSaysRoughNotSteady]' started.
Test Case '-[StrandAnalyticsTests.WeeklyDigestTests testSparsePreviousWeekSaysRoughNotSteady]' passed (0.001 seconds).
Test Case '-[StrandAnalyticsTests.WeeklyDigestTests testSparseWeekSaysTooEarlyNotSteady]' started.
Test Case '-[StrandAnalyticsTests.WeeklyDigestTests testSparseWeekSaysTooEarlyNotSteady]' passed (0.001 seconds).
Test Case '-[StrandAnalyticsTests.WeeklyDigestTests testSteadyWeekGivesCalmLine]' started.
Test Case '-[StrandAnalyticsTests.WeeklyDigestTests testSteadyWeekGivesCalmLine]' passed (0.002 seconds).
Test Case '-[StrandAnalyticsTests.WeeklyDigestTests testVsBaselineUsesFourPriorWeeks]' started.
Test Case '-[StrandAnalyticsTests.WeeklyDigestTests testVsBaselineUsesFourPriorWeeks]' passed (0.001 seconds).
Test Case '-[StrandAnalyticsTests.WeeklyDigestTests testWeekdaySakamoto]' started.
Test Case '-[StrandAnalyticsTests.WeeklyDigestTests testWeekdaySakamoto]' passed (0.000 seconds).
Test Case '-[StrandAnalyticsTests.WeeklyDigestTests testWeekSplitAndWoW]' started.
Test Case '-[StrandAnalyticsTests.WeeklyDigestTests testWeekSplitAndWoW]' passed (0.001 seconds).
Test Suite 'WeeklyDigestTests' passed at 2026-09-21 23:31:03.361.
	 Executed 25 tests, with 0 failures (0 unexpected) in 0.033 (0.034) seconds
Test Suite 'WholeDaySwiftCurrentCorpusTests' started at 2026-09-21 23:31:03.361.
Test Case '-[StrandAnalyticsTests.WholeDaySwiftCurrentCorpusTests testActualCurrentSwiftCorpusPreservesCapabilityAbstention]' started.
Test Case '-[StrandAnalyticsTests.WholeDaySwiftCurrentCorpusTests testActualCurrentSwiftCorpusPreservesCapabilityAbstention]' passed (19.855 seconds).
Test Case '-[StrandAnalyticsTests.WholeDaySwiftCurrentCorpusTests testCurrentWriterRejectsHistoricalOrExistingTargets]' started.
Test Case '-[StrandAnalyticsTests.WholeDaySwiftCurrentCorpusTests testCurrentWriterRejectsHistoricalOrExistingTargets]' passed (0.001 seconds).
Test Suite 'WholeDaySwiftCurrentCorpusTests' passed at 2026-09-21 23:31:23.218.
	 Executed 2 tests, with 0 failures (0 unexpected) in 19.856 (19.856) seconds
Test Suite 'WholeDaySwiftHistoricalProvenanceTests' started at 2026-09-21 23:31:23.218.
Test Case '-[StrandAnalyticsTests.WholeDaySwiftHistoricalProvenanceTests testActualHistoricalGitBlobsMatchBothImmutableSourceInventories]' started.
Test Case '-[StrandAnalyticsTests.WholeDaySwiftHistoricalProvenanceTests testActualHistoricalGitBlobsMatchBothImmutableSourceInventories]' passed (34.642 seconds).
Test Case '-[StrandAnalyticsTests.WholeDaySwiftHistoricalProvenanceTests testActualMissingPromisorObjectFailsWithoutStartingAnyFetch]' started.
Test Case '-[StrandAnalyticsTests.WholeDaySwiftHistoricalProvenanceTests testActualMissingPromisorObjectFailsWithoutStartingAnyFetch]' passed (0.350 seconds).
Test Case '-[StrandAnalyticsTests.WholeDaySwiftHistoricalProvenanceTests testBothImmutableManifestAndSourceInventoriesArePinned]' started.
Test Case '-[StrandAnalyticsTests.WholeDaySwiftHistoricalProvenanceTests testBothImmutableManifestAndSourceInventoriesArePinned]' passed (0.000 seconds).
Test Case '-[StrandAnalyticsTests.WholeDaySwiftHistoricalProvenanceTests testChangedOrMissingHistoricalBlobFails]' started.
Test Case '-[StrandAnalyticsTests.WholeDaySwiftHistoricalProvenanceTests testChangedOrMissingHistoricalBlobFails]' passed (0.000 seconds).
Test Case '-[StrandAnalyticsTests.WholeDaySwiftHistoricalProvenanceTests testEmptySourcesAndUnsafePathOrDigestCannotReachReader]' started.
Test Case '-[StrandAnalyticsTests.WholeDaySwiftHistoricalProvenanceTests testEmptySourcesAndUnsafePathOrDigestCannotReachReader]' passed (0.000 seconds).
Test Case '-[StrandAnalyticsTests.WholeDaySwiftHistoricalProvenanceTests testVerifiesEveryExactBlobAtOnePinnedCheckpoint]' started.
Test Case '-[StrandAnalyticsTests.WholeDaySwiftHistoricalProvenanceTests testVerifiesEveryExactBlobAtOnePinnedCheckpoint]' passed (0.000 seconds).
Test Suite 'WholeDaySwiftHistoricalProvenanceTests' passed at 2026-09-21 23:31:58.211.
	 Executed 6 tests, with 0 failures (0 unexpected) in 34.993 (34.993) seconds
Test Suite 'WholeDaySwiftParityExporterTests' started at 2026-09-21 23:31:58.211.
Test Case '-[StrandAnalyticsTests.WholeDaySwiftParityExporterTests testActualSwiftCorpusAndSelectedRRIdentities]' started.
Test Case '-[StrandAnalyticsTests.WholeDaySwiftParityExporterTests testActualSwiftCorpusAndSelectedRRIdentities]' passed (14.269 seconds).
Test Case '-[StrandAnalyticsTests.WholeDaySwiftParityExporterTests testIndependentStoreExportsAreByteDeterministic]' started.
Test Case '-[StrandAnalyticsTests.WholeDaySwiftParityExporterTests testIndependentStoreExportsAreByteDeterministic]' passed (17.908 seconds).
Test Case '-[StrandAnalyticsTests.WholeDaySwiftParityExporterTests testSameCountRRCorrectionChangesExportedIdentityOrder]' started.
Test Case '-[StrandAnalyticsTests.WholeDaySwiftParityExporterTests testSameCountRRCorrectionChangesExportedIdentityOrder]' passed (0.311 seconds).
Test Case '-[StrandAnalyticsTests.WholeDaySwiftParityExporterTests testSQLiteBoundarySelectionExcludesForeignAndInvalidRows]' started.
Test Case '-[StrandAnalyticsTests.WholeDaySwiftParityExporterTests testSQLiteBoundarySelectionExcludesForeignAndInvalidRows]' passed (0.170 seconds).
Test Case '-[StrandAnalyticsTests.WholeDaySwiftParityExporterTests testWriterRefusesAnExistingHistoricalCorpusWithoutChangingManifest]' started.
Test Case '-[StrandAnalyticsTests.WholeDaySwiftParityExporterTests testWriterRefusesAnExistingHistoricalCorpusWithoutChangingManifest]' passed (0.000 seconds).
Test Suite 'WholeDaySwiftParityExporterTests' passed at 2026-09-21 23:32:30.870.
	 Executed 5 tests, with 0 failures (0 unexpected) in 32.658 (32.659) seconds
Test Suite 'WholeDaySwiftV2CorpusTests' started at 2026-09-21 23:32:30.870.
Test Case '-[StrandAnalyticsTests.WholeDaySwiftV2CorpusTests testActualDecoderRejectsHistoricalPairAndRetainsAllFlagBits]' started.
Test Case '-[StrandAnalyticsTests.WholeDaySwiftV2CorpusTests testActualDecoderRejectsHistoricalPairAndRetainsAllFlagBits]' passed (0.036 seconds).
Test Case '-[StrandAnalyticsTests.WholeDaySwiftV2CorpusTests testOnlyReviewedSyntheticInputChangesAndNoProvenanceIsInvented]' started.
Test Case '-[StrandAnalyticsTests.WholeDaySwiftV2CorpusTests testOnlyReviewedSyntheticInputChangesAndNoProvenanceIsInvented]' passed (2.491 seconds).
Test Case '-[StrandAnalyticsTests.WholeDaySwiftV2CorpusTests testVersionedActualSwiftExportAndImmutableParent]' started.
Test Case '-[StrandAnalyticsTests.WholeDaySwiftV2CorpusTests testVersionedActualSwiftExportAndImmutableParent]' passed (19.764 seconds).
Test Case '-[StrandAnalyticsTests.WholeDaySwiftV2CorpusTests testWriterRefusesParentAndExistingDirectory]' started.
Test Case '-[StrandAnalyticsTests.WholeDaySwiftV2CorpusTests testWriterRefusesParentAndExistingDirectory]' passed (0.000 seconds).
Test Suite 'WholeDaySwiftV2CorpusTests' passed at 2026-09-21 23:32:53.161.
	 Executed 4 tests, with 0 failures (0 unexpected) in 22.291 (22.291) seconds
Test Suite 'WindowedStreamPlanTests' started at 2026-09-21 23:32:53.162.
Test Case '-[StrandAnalyticsTests.WindowedStreamPlanTests testBackwardWalkExtendsByExactlyOneStridePerDay]' started.
Test Case '-[StrandAnalyticsTests.WindowedStreamPlanTests testBackwardWalkExtendsByExactlyOneStridePerDay]' passed (0.000 seconds).
Test Case '-[StrandAnalyticsTests.WindowedStreamPlanTests testCoveredServesAndBoundaryNeverDoubleReads]' started.
Test Case '-[StrandAnalyticsTests.WindowedStreamPlanTests testCoveredServesAndBoundaryNeverDoubleReads]' passed (0.000 seconds).
Test Case '-[StrandAnalyticsTests.WindowedStreamPlanTests testLogLine]' started.
Test Case '-[StrandAnalyticsTests.WindowedStreamPlanTests testLogLine]' passed (0.000 seconds).
Test Case '-[StrandAnalyticsTests.WindowedStreamPlanTests testUnprovableCasesReadInFull]' started.
Test Case '-[StrandAnalyticsTests.WindowedStreamPlanTests testUnprovableCasesReadInFull]' passed (0.000 seconds).
Test Suite 'WindowedStreamPlanTests' passed at 2026-09-21 23:32:53.162.
	 Executed 4 tests, with 0 failures (0 unexpected) in 0.000 (0.001) seconds
Test Suite 'WorkoutDetectorBackfillTests' started at 2026-09-21 23:32:53.162.
Test Case '-[StrandAnalyticsTests.WorkoutDetectorBackfillTests testFillsAllMissingFieldsAndPreservesSteps]' started.
Test Case '-[StrandAnalyticsTests.WorkoutDetectorBackfillTests testFillsAllMissingFieldsAndPreservesSteps]' passed (0.000 seconds).
Test Case '-[StrandAnalyticsTests.WorkoutDetectorBackfillTests testNeverOverridesFieldsAlreadyPresent]' started.
Test Case '-[StrandAnalyticsTests.WorkoutDetectorBackfillTests testNeverOverridesFieldsAlreadyPresent]' passed (0.000 seconds).
Test Case '-[StrandAnalyticsTests.WorkoutDetectorBackfillTests testRowWithStepsAndEverythingAlreadyPresentIsUnchanged]' started.
Test Case '-[StrandAnalyticsTests.WorkoutDetectorBackfillTests testRowWithStepsAndEverythingAlreadyPresentIsUnchanged]' passed (0.000 seconds).
Test Suite 'WorkoutDetectorBackfillTests' passed at 2026-09-21 23:32:53.162.
	 Executed 3 tests, with 0 failures (0 unexpected) in 0.000 (0.000) seconds
Test Suite 'WorkoutDetectorTests' started at 2026-09-21 23:32:53.162.
Test Case '-[StrandAnalyticsTests.WorkoutDetectorTests testActivitySeriesEmpty]' started.
Test Case '-[StrandAnalyticsTests.WorkoutDetectorTests testActivitySeriesEmpty]' passed (0.000 seconds).
Test Case '-[StrandAnalyticsTests.WorkoutDetectorTests testActivitySeriesFirstIsZero]' started.
Test Case '-[StrandAnalyticsTests.WorkoutDetectorTests testActivitySeriesFirstIsZero]' passed (0.000 seconds).
Test Case '-[StrandAnalyticsTests.WorkoutDetectorTests testBackdateDoesNotCrossPreviousWorkoutContinuousMotion]' started.
Test Case '-[StrandAnalyticsTests.WorkoutDetectorTests testBackdateDoesNotCrossPreviousWorkoutContinuousMotion]' passed (0.193 seconds).
Test Case '-[StrandAnalyticsTests.WorkoutDetectorTests testCaloriesActiveAndRestingMale]' started.
Test Case '-[StrandAnalyticsTests.WorkoutDetectorTests testCaloriesActiveAndRestingMale]' passed (0.021 seconds).
Test Case '-[StrandAnalyticsTests.WorkoutDetectorTests testCaloriesRestingBelowThreshold]' started.
Test Case '-[StrandAnalyticsTests.WorkoutDetectorTests testCaloriesRestingBelowThreshold]' passed (0.001 seconds).
Test Case '-[StrandAnalyticsTests.WorkoutDetectorTests testCaloriesSexCoefficientsDiffer]' started.
Test Case '-[StrandAnalyticsTests.WorkoutDetectorTests testCaloriesSexCoefficientsDiffer]' passed (0.042 seconds).
Test Case '-[StrandAnalyticsTests.WorkoutDetectorTests testDetectEmptyStreams]' started.
Test Case '-[StrandAnalyticsTests.WorkoutDetectorTests testDetectEmptyStreams]' passed (0.000 seconds).
Test Case '-[StrandAnalyticsTests.WorkoutDetectorTests testDetectFindsWorkout]' started.
Test Case '-[StrandAnalyticsTests.WorkoutDetectorTests testDetectFindsWorkout]' passed (0.126 seconds).
Test Case '-[StrandAnalyticsTests.WorkoutDetectorTests testDetectRejectsLowIntensityBlip]' started.
Test Case '-[StrandAnalyticsTests.WorkoutDetectorTests testDetectRejectsLowIntensityBlip]' passed (0.083 seconds).
Test Case '-[StrandAnalyticsTests.WorkoutDetectorTests testDetectRejectsShortBout]' started.
Test Case '-[StrandAnalyticsTests.WorkoutDetectorTests testDetectRejectsShortBout]' passed (0.001 seconds).
Test Case '-[StrandAnalyticsTests.WorkoutDetectorTests testDetectWithProfileEstimatesCalories]' started.
Test Case '-[StrandAnalyticsTests.WorkoutDetectorTests testDetectWithProfileEstimatesCalories]' passed (0.164 seconds).
Test Case '-[StrandAnalyticsTests.WorkoutDetectorTests testGenuinelySeparateWorkoutsStaySeparate]' started.
Test Case '-[StrandAnalyticsTests.WorkoutDetectorTests testGenuinelySeparateWorkoutsStaySeparate]' passed (0.239 seconds).
Test Case '-[StrandAnalyticsTests.WorkoutDetectorTests testLongRideWithBriefDipsIsOneWorkout]' started.
Test Case '-[StrandAnalyticsTests.WorkoutDetectorTests testLongRideWithBriefDipsIsOneWorkout]' passed (1.411 seconds).
Test Case '-[StrandAnalyticsTests.WorkoutDetectorTests testWarmupBeforeHrRisesBackdatesStartToMotionOnset]' started.
Test Case '-[StrandAnalyticsTests.WorkoutDetectorTests testWarmupBeforeHrRisesBackdatesStartToMotionOnset]' passed (0.143 seconds).
Test Suite 'WorkoutDetectorTests' passed at 2026-09-21 23:32:55.587.
	 Executed 14 tests, with 0 failures (0 unexpected) in 2.424 (2.425) seconds
Test Suite 'WorkoutTypeClassifierTests' started at 2026-09-21 23:32:55.588.
Test Case '-[StrandAnalyticsTests.WorkoutTypeClassifierTests testAmbiguousWindow_isOtherOrLowConfidence]' started.
Test Case '-[StrandAnalyticsTests.WorkoutTypeClassifierTests testAmbiguousWindow_isOtherOrLowConfidence]' passed (0.002 seconds).
Test Case '-[StrandAnalyticsTests.WorkoutTypeClassifierTests testBriskWalk_higherHR_stillClassifiedWalk]' started.
Test Case '-[StrandAnalyticsTests.WorkoutTypeClassifierTests testBriskWalk_higherHR_stillClassifiedWalk]' passed (0.002 seconds).
Test Case '-[StrandAnalyticsTests.WorkoutTypeClassifierTests testCleanSignatureIsMoreConfidentThanAmbiguous]' started.
Test Case '-[StrandAnalyticsTests.WorkoutTypeClassifierTests testCleanSignatureIsMoreConfidentThanAmbiguous]' passed (0.004 seconds).
Test Case '-[StrandAnalyticsTests.WorkoutTypeClassifierTests testDownhillSkiSession_isClassifiedSki]' started.
Test Case '-[StrandAnalyticsTests.WorkoutTypeClassifierTests testDownhillSkiSession_isClassifiedSki]' passed (0.002 seconds).
Test Case '-[StrandAnalyticsTests.WorkoutTypeClassifierTests testEasySpin_noTicksAtAll_isClassifiedCycle]' started.
Test Case '-[StrandAnalyticsTests.WorkoutTypeClassifierTests testEasySpin_noTicksAtAll_isClassifiedCycle]' passed (0.002 seconds).
Test Case '-[StrandAnalyticsTests.WorkoutTypeClassifierTests testHeuristicWorkoutClassifierMatchesStaticClassify]' started.
Test Case '-[StrandAnalyticsTests.WorkoutTypeClassifierTests testHeuristicWorkoutClassifierMatchesStaticClassify]' passed (0.004 seconds).
Test Case '-[StrandAnalyticsTests.WorkoutTypeClassifierTests testHighHRLowCadenceWindow_isClassifiedStrength]' started.
Test Case '-[StrandAnalyticsTests.WorkoutTypeClassifierTests testHighHRLowCadenceWindow_isClassifiedStrength]' passed (0.002 seconds).
Test Case '-[StrandAnalyticsTests.WorkoutTypeClassifierTests testLowHRWalk_isClassifiedWalk]' started.
Test Case '-[StrandAnalyticsTests.WorkoutTypeClassifierTests testLowHRWalk_isClassifiedWalk]' passed (0.002 seconds).
Test Case '-[StrandAnalyticsTests.WorkoutTypeClassifierTests testModerateHRBurstySets_isClassifiedStrength]' started.
Test Case '-[StrandAnalyticsTests.WorkoutTypeClassifierTests testModerateHRBurstySets_isClassifiedStrength]' passed (0.002 seconds).
Test Case '-[StrandAnalyticsTests.WorkoutTypeClassifierTests testRunShapedWindow_dominantRunTicks_isClassifiedRun]' started.
Test Case '-[StrandAnalyticsTests.WorkoutTypeClassifierTests testRunShapedWindow_dominantRunTicks_isClassifiedRun]' passed (0.002 seconds).
Test Case '-[StrandAnalyticsTests.WorkoutTypeClassifierTests testRunShapedWindow_noTicks_fallsBackToHRAndMotion]' started.
Test Case '-[StrandAnalyticsTests.WorkoutTypeClassifierTests testRunShapedWindow_noTicks_fallsBackToHRAndMotion]' passed (0.002 seconds).
Test Case '-[StrandAnalyticsTests.WorkoutTypeClassifierTests testScoresCoverAllConcreteClassesNeverOther]' started.
Test Case '-[StrandAnalyticsTests.WorkoutTypeClassifierTests testScoresCoverAllConcreteClassesNeverOther]' passed (0.002 seconds).
Test Case '-[StrandAnalyticsTests.WorkoutTypeClassifierTests testSkiSession_lighterDay_isClassifiedSki]' started.
Test Case '-[StrandAnalyticsTests.WorkoutTypeClassifierTests testSkiSession_lighterDay_isClassifiedSki]' passed (0.002 seconds).
Test Case '-[StrandAnalyticsTests.WorkoutTypeClassifierTests testSteadyCycle_isClassifiedCycle]' started.
Test Case '-[StrandAnalyticsTests.WorkoutTypeClassifierTests testSteadyCycle_isClassifiedCycle]' passed (0.002 seconds).
Test Case '-[StrandAnalyticsTests.WorkoutTypeClassifierTests testVeryThinData_lowConfidence]' started.
Test Case '-[StrandAnalyticsTests.WorkoutTypeClassifierTests testVeryThinData_lowConfidence]' passed (0.002 seconds).
Test Suite 'WorkoutTypeClassifierTests' passed at 2026-09-21 23:32:55.623.
	 Executed 15 tests, with 0 failures (0 unexpected) in 0.035 (0.036) seconds
Test Suite 'WorkoutTypeFeatureExtractorTests' started at 2026-09-21 23:32:55.623.
Test Case '-[StrandAnalyticsTests.WorkoutTypeFeatureExtractorTests testExtractDegenerateWindow_returnsNil]' started.
Test Case '-[StrandAnalyticsTests.WorkoutTypeFeatureExtractorTests testExtractDegenerateWindow_returnsNil]' passed (0.000 seconds).
Test Case '-[StrandAnalyticsTests.WorkoutTypeFeatureExtractorTests testExtractRunWindow_recoversRunDominantComposition]' started.
Test Case '-[StrandAnalyticsTests.WorkoutTypeFeatureExtractorTests testExtractRunWindow_recoversRunDominantComposition]' passed (0.044 seconds).
Test Case '-[StrandAnalyticsTests.WorkoutTypeFeatureExtractorTests testExtractWalkWindow_recoversWalkDominantComposition]' started.
Test Case '-[StrandAnalyticsTests.WorkoutTypeFeatureExtractorTests testExtractWalkWindow_recoversWalkDominantComposition]' passed (0.065 seconds).
Test Case '-[StrandAnalyticsTests.WorkoutTypeFeatureExtractorTests testExtractWithNoCaloriesInput_kcalPerMinIsNil]' started.
Test Case '-[StrandAnalyticsTests.WorkoutTypeFeatureExtractorTests testExtractWithNoCaloriesInput_kcalPerMinIsNil]' passed (0.001 seconds).
Test Case '-[StrandAnalyticsTests.WorkoutTypeFeatureExtractorTests testExtractWithNoHRInWindow_returnsNil]' started.
Test Case '-[StrandAnalyticsTests.WorkoutTypeFeatureExtractorTests testExtractWithNoHRInWindow_returnsNil]' passed (0.000 seconds).
Test Case '-[StrandAnalyticsTests.WorkoutTypeFeatureExtractorTests testExtractWithNoStepData_tickCoverageIsZero]' started.
Test Case '-[StrandAnalyticsTests.WorkoutTypeFeatureExtractorTests testExtractWithNoStepData_tickCoverageIsZero]' passed (0.001 seconds).
Test Suite 'WorkoutTypeFeatureExtractorTests' passed at 2026-09-21 23:32:55.735.
	 Executed 6 tests, with 0 failures (0 unexpected) in 0.111 (0.112) seconds
Test Suite 'StrandAnalyticsPackageTests.xctest' passed at 2026-09-21 23:32:55.735.
	 Executed 2224 tests, with 0 failures (0 unexpected) in 1276.495 (1276.630) seconds
Test Suite 'All tests' passed at 2026-09-21 23:32:55.735.
	 Executed 2224 tests, with 0 failures (0 unexpected) in 1276.495 (1276.631) seconds
OLD (neutral 0.5, need 8h):            Rest  81.0
regular good sleeper:  need 8.0 cons 1.00  Rest  86.0
irregular sleeper:     need 9.5 cons 0.67  Rest  75.8
chronic short (5.5h):  need 8.0 cons 1.00  Rest  86.0
long sleeper (9.2h):   need 9.2 cons 1.00  Rest  80.3
S10 actual Swift: 3 days, 253 source/manifest hashes unchanged, 33638799 probe bytes; not full server_day
S11 raw long-history: 131 actual days, 65 restarted suffix days, 5 cold checkpoints, 257 source hashes stable
S11 correction: raw day5 changed, 103-day dependent suffix re-executed; old predecessor rejected
S12 independent stores: actual sleep/complete DayResult/cycle equality; 260 current source hashes and both historical manifests unchanged
S11 WHOOP4: 32 raw nights, sliding 21-civil-day anchor, 31 prior-night native funnel replays, 4 cold/restart controls
W4 automatic sleep Foundation tzdb=2025b
W4 Khartoum v2=false first=947925181..<947946420 tail=947949181..<947953199
W4 Khartoum v2=true first=947925181..<947946420 tail=947949181..<947953199
SWIFT_HOUR_VECTOR America/Los_Angeles 2026-11-01T08:30:00Z 1793520000 1
SWIFT_HOUR_VECTOR America/Los_Angeles 2026-11-01T09:30:00Z 1793523600 1
SWIFT_HOUR_VECTOR America/Los_Angeles 2026-03-08T09:45:00Z 1772960400 1
SWIFT_HOUR_VECTOR America/Los_Angeles 2026-03-08T10:45:00Z 1772964000 3
SWIFT_HOUR_VECTOR Australia/Lord_Howe 2026-04-04T14:45:00Z 1775311200 1
SWIFT_HOUR_VECTOR Australia/Lord_Howe 2026-04-04T15:15:00Z 1775311200 1
SWIFT_HOUR_VECTOR Australia/Lord_Howe 2026-10-03T15:45:00Z 1791041400 2
SWIFT_HOUR_VECTOR Asia/Kathmandu 2026-06-15T00:45:00Z 1781482500 6
SWIFT_HOUR_VECTOR Africa/Khartoum 2000-01-15T09:45:00Z 947926800 11
SWIFT_HOUR_VECTOR Africa/Khartoum 2000-01-15T10:15:00Z 947930400 13
FIVE_SEAM_DEFAULT_V2 empty-utc sha256=361c45e55f3a98fd914fe6d6c7b5278dd230bc3367bca661e383a0d8582c932d
FIVE_SEAM_DEFAULT_V2 whoop4-legacy-boundaries sha256=5d4263e77acf2790a2d01f76eb37d7dbbf427db70f6edf9472fc719fc2464b97
FIVE_SEAM_DEFAULT_V2 whoop5-channel5-order-exclusions sha256=81ff42a5c8dff0588f941b6ea1d6ad93365e756c85e06498ad444f867cbfd27d
FIVE_SEAM_DEFAULT_V2 whoop5-channel7-suspect5-future5 sha256=32184ebb5c7543888d474c9ddf12b54d5cab655a18cc602cb72cbbf6ff54c2cd
FIVE_SEAM_DEFAULT_V2 whoop5-hr-only-night sha256=7909a4b5334ffbb517a924ea24e1f3868ba563c8c199625bf5945d333b36036e
FIVE_SEAM_DEFAULT_V2 dense-night-v1 sha256=9da0a4b87c60706bec01c9ee9b13f31a195c7500ab7d8c953441b6988813c9a9
FIVE_SEAM_DEFAULT_V2 dense-night-v2 sha256=898568d6cb1509236f226d75b296648872e2cc8d3d8a262ebd69eb7ee1f739a0
FIVE_SEAM_DEFAULT_V2 dense-night-v1-deep-hrv sha256=5155853cc017c608416b9bd491803c855f095b3b99ef681b84e8a39ebd293564
FIVE_SEAM_DEFAULT_V2 dense-night-v2-no-deep-hrv sha256=5553b1e360f2f9ec007b7dbc9466a001d66c5c7c4cdd00737567559f3f962ef8
FIVE_SEAM_DEFAULT_V2 dense-night-v1-no-rr-deep-hrv sha256=3ed9c4d4e02448cb37fddd2ac0bdb55d464c1345c0de696597ee72b337293bcd
FIVE_SEAM_DEFAULT_V2 whoop5-hr-only-raw-gap sha256=59f8ba01a9dd50537816c6f0149abfa60134f395734f2978b9b30af4e03afe15
FIVE_SEAM_DEFAULT_V2 fragmented-main-night-and-nap sha256=022d46d24792f1a2a7d60f05cbcd2d53abff4ecabac0120acec6e7d6e16978aa
FIVE_SEAM_DEFAULT_V2 dense-night-v2-and-workout sha256=8b90fec69ae9505ffb91104d04cd17905d5a250c6eccbf997df1c130958c095c
IMMUTABLE_KERNEL_COMPAT empty-utc sha256=361c45e55f3a98fd914fe6d6c7b5278dd230bc3367bca661e383a0d8582c932d
IMMUTABLE_KERNEL_COMPAT whoop4-legacy-boundaries sha256=5d4263e77acf2790a2d01f76eb37d7dbbf427db70f6edf9472fc719fc2464b97
IMMUTABLE_KERNEL_COMPAT whoop5-channel5-order-exclusions sha256=81ff42a5c8dff0588f941b6ea1d6ad93365e756c85e06498ad444f867cbfd27d
IMMUTABLE_KERNEL_COMPAT whoop5-channel7-suspect5-future5 sha256=32184ebb5c7543888d474c9ddf12b54d5cab655a18cc602cb72cbbf6ff54c2cd
IMMUTABLE_KERNEL_COMPAT whoop5-hr-only-night sha256=7909a4b5334ffbb517a924ea24e1f3868ba563c8c199625bf5945d333b36036e
IMMUTABLE_KERNEL_COMPAT dense-night-v1 sha256=f05a33b7db31adb56a09f7d1a665cccf3986fece1cf7077d804692308f6fc599
IMMUTABLE_KERNEL_COMPAT dense-night-v2 sha256=6f89ff4a9e950530f4209810cb4c2818fa16e2fb30b69ab7e76b28bbcc086530
IMMUTABLE_KERNEL_COMPAT dense-night-v1-deep-hrv sha256=9018ee573d6ab1e002d9a7bf64862c17b4f7dd371df01756a9bbbd7770a235ce
IMMUTABLE_KERNEL_COMPAT dense-night-v2-no-deep-hrv sha256=62b7966827ae9ae81fcc8a50849f11970b5163f10f4e47ef4e8085a54b8a0ef5
IMMUTABLE_KERNEL_COMPAT dense-night-v1-no-rr-deep-hrv sha256=e36e96dd3ed0540348a5bf02768aebffb8688735b866e2deda44b10da7935abb
IMMUTABLE_KERNEL_COMPAT whoop5-hr-only-raw-gap sha256=59f8ba01a9dd50537816c6f0149abfa60134f395734f2978b9b30af4e03afe15
IMMUTABLE_KERNEL_COMPAT fragmented-main-night-and-nap sha256=a57df79c3856ef68cf211e6719ba8075e63277207e27dc2b635609a08d18e1fc
IMMUTABLE_KERNEL_COMPAT dense-night-v2-and-workout sha256=7c51bad8956d6d941babd7f4c4a1bf48119da87908d316572e5aec117441888e
SWIFT_CURRENT_CASE empty-utc windows=0 measurement=unavailable
SWIFT_CURRENT_CASE whoop4-legacy-boundaries windows=0 measurement=unavailable
SWIFT_CURRENT_CASE whoop5-channel5-order-exclusions windows=0 measurement=unavailable
SWIFT_CURRENT_CASE whoop5-channel7-suspect5-future5 windows=0 measurement=unavailable
SWIFT_CURRENT_CASE whoop5-hr-only-night windows=13 measurement=unavailable
SWIFT_CURRENT_CASE dense-night-v1 windows=36 measurement=unavailable
SWIFT_CURRENT_CASE dense-night-v2 windows=36 measurement=unavailable
SWIFT_CURRENT_CASE dense-night-v1-deep-hrv windows=36 measurement=unavailable
SWIFT_CURRENT_CASE dense-night-v2-no-deep-hrv windows=36 measurement=unavailable
SWIFT_CURRENT_CASE dense-night-v1-no-rr-deep-hrv windows=36 measurement=unavailable
SWIFT_CURRENT_CASE whoop5-hr-only-raw-gap windows=13 measurement=unavailable
SWIFT_CURRENT_CASE fragmented-main-night-and-nap windows=96 measurement=unavailable
SWIFT_CURRENT_CASE dense-night-v2-and-workout windows=36 measurement=unavailable
SWIFT_DAY_CASE empty-utc sleep=0 main=[] windows=0 stages=[] hrv=<null>
SWIFT_DAY_CASE whoop4-legacy-boundaries sleep=0 main=[] windows=0 stages=[] hrv=<null>
SWIFT_DAY_CASE whoop5-channel5-order-exclusions sleep=0 main=[] windows=0 stages=[] hrv=<null>
SWIFT_DAY_CASE whoop5-channel7-suspect5-future5 sleep=0 main=[] windows=0 stages=[] hrv=<null>
SWIFT_DAY_CASE whoop5-hr-only-night sleep=1 main=[0] windows=13 stages=["?", "unknown"] hrv=<null>
SWIFT_DAY_CASE dense-night-v1 sleep=1 main=[0] windows=36 stages=["deep", "light", "rem"] hrv=<null>
SWIFT_DAY_CASE dense-night-v2 sleep=1 main=[0] windows=36 stages=["light", "rem"] hrv=<null>
SWIFT_DAY_CASE dense-night-v1-deep-hrv sleep=1 main=[0] windows=36 stages=["deep", "light", "rem"] hrv=<null>
SWIFT_DAY_CASE dense-night-v2-no-deep-hrv sleep=1 main=[0] windows=36 stages=["light", "rem"] hrv=<null>
SWIFT_DAY_CASE dense-night-v1-no-rr-deep-hrv sleep=1 main=[0] windows=36 stages=["deep", "light", "rem"] hrv=<null>
SWIFT_DAY_CASE whoop5-hr-only-raw-gap sleep=1 main=[0] windows=13 stages=["?", "unknown"] hrv=<null>
SWIFT_DAY_CASE fragmented-main-night-and-nap sleep=3 main=[0, 1] windows=96 stages=["?", "light", "rem"] hrv=<null>
SWIFT_DAY_CASE dense-night-v2-and-workout sleep=1 main=[0] windows=36 stages=["?", "light", "rem"] hrv=<null>
SWIFT_V2_CASE empty-utc sha256=361c45e55f3a98fd914fe6d6c7b5278dd230bc3367bca661e383a0d8582c932d qualifiedContract=true
SWIFT_V2_CASE whoop4-legacy-boundaries sha256=5d4263e77acf2790a2d01f76eb37d7dbbf427db70f6edf9472fc719fc2464b97 qualifiedContract=true
SWIFT_V2_CASE whoop5-channel5-order-exclusions sha256=81ff42a5c8dff0588f941b6ea1d6ad93365e756c85e06498ad444f867cbfd27d qualifiedContract=true
SWIFT_V2_CASE whoop5-channel7-suspect5-future5 sha256=32184ebb5c7543888d474c9ddf12b54d5cab655a18cc602cb72cbbf6ff54c2cd qualifiedContract=true
SWIFT_V2_CASE whoop5-hr-only-night sha256=7909a4b5334ffbb517a924ea24e1f3868ba563c8c199625bf5945d333b36036e qualifiedContract=true
SWIFT_V2_CASE dense-night-v1 sha256=9da0a4b87c60706bec01c9ee9b13f31a195c7500ab7d8c953441b6988813c9a9 qualifiedContract=true
SWIFT_V2_CASE dense-night-v2 sha256=898568d6cb1509236f226d75b296648872e2cc8d3d8a262ebd69eb7ee1f739a0 qualifiedContract=true
SWIFT_V2_CASE dense-night-v1-deep-hrv sha256=5155853cc017c608416b9bd491803c855f095b3b99ef681b84e8a39ebd293564 qualifiedContract=true
SWIFT_V2_CASE dense-night-v2-no-deep-hrv sha256=5553b1e360f2f9ec007b7dbc9466a001d66c5c7c4cdd00737567559f3f962ef8 qualifiedContract=true
SWIFT_V2_CASE dense-night-v1-no-rr-deep-hrv sha256=3ed9c4d4e02448cb37fddd2ac0bdb55d464c1345c0de696597ee72b337293bcd qualifiedContract=true
SWIFT_V2_CASE whoop5-hr-only-raw-gap sha256=59f8ba01a9dd50537816c6f0149abfa60134f395734f2978b9b30af4e03afe15 qualifiedContract=true
SWIFT_V2_CASE fragmented-main-night-and-nap sha256=022d46d24792f1a2a7d60f05cbcd2d53abff4ecabac0120acec6e7d6e16978aa qualifiedContract=true
SWIFT_V2_CASE dense-night-v2-and-workout sha256=8b90fec69ae9505ffb91104d04cd17905d5a250c6eccbf997df1c130958c095c qualifiedContract=true
◇ Test run started.
↳ Testing Library Version: 1501
↳ Target Platform: arm64e-apple-macos14.0
✔ Test run with 0 tests in 0 suites passed after 0.001 seconds.
