[0/1] Planning build
Building for debugging...
[0/2] Write swift-version-30D7331401001902.txt
Build complete! (0.32s)
Test Suite 'All tests' started at 2026-09-21 23:13:28.472.
Test Suite 'WhoopStorePackageTests.xctest' started at 2026-09-21 23:13:28.473.
Test Suite 'AccountOwnershipTests' started at 2026-09-21 23:13:28.473.
Test Case '-[WhoopStoreTests.AccountOwnershipTests testFreshStoreBindsOnceAndRejectsAnotherOwner]' started.
Test Case '-[WhoopStoreTests.AccountOwnershipTests testFreshStoreBindsOnceAndRejectsAnotherOwner]' passed (0.019 seconds).
Test Case '-[WhoopStoreTests.AccountOwnershipTests testOwnerPersistsAcrossReopenAndProjectChangesAreRejected]' started.
Test Case '-[WhoopStoreTests.AccountOwnershipTests testOwnerPersistsAcrossReopenAndProjectChangesAreRejected]' passed (0.043 seconds).
Test Case '-[WhoopStoreTests.AccountOwnershipTests testPopulatedLegacyStoreRequiresExplicitRecoveryWithoutDeletingData]' started.
Test Case '-[WhoopStoreTests.AccountOwnershipTests testPopulatedLegacyStoreRequiresExplicitRecoveryWithoutDeletingData]' passed (0.017 seconds).
Test Suite 'AccountOwnershipTests' passed at 2026-09-21 23:13:28.552.
	 Executed 3 tests, with 0 failures (0 unexpected) in 0.079 (0.079) seconds
Test Suite 'AppleStepHourStoreTests' started at 2026-09-21 23:13:28.552.
Test Case '-[WhoopStoreTests.AppleStepHourStoreTests testRangeReadReturnsOldestFirstWithinBoundsInclusive]' started.
Test Case '-[WhoopStoreTests.AppleStepHourStoreTests testRangeReadReturnsOldestFirstWithinBoundsInclusive]' passed (0.016 seconds).
Test Case '-[WhoopStoreTests.AppleStepHourStoreTests testUpsertIsIdempotentByNaturalKey]' started.
Test Case '-[WhoopStoreTests.AppleStepHourStoreTests testUpsertIsIdempotentByNaturalKey]' passed (0.014 seconds).
Test Case '-[WhoopStoreTests.AppleStepHourStoreTests testUpsertPartitionsByDevice]' started.
Test Case '-[WhoopStoreTests.AppleStepHourStoreTests testUpsertPartitionsByDevice]' passed (0.015 seconds).
Test Suite 'AppleStepHourStoreTests' passed at 2026-09-21 23:13:28.597.
	 Executed 3 tests, with 0 failures (0 unexpected) in 0.044 (0.045) seconds
Test Suite 'BackfillFrontierTests' started at 2026-09-21 23:13:28.597.
Test Case '-[WhoopStoreTests.BackfillFrontierTests testDisorderedChunkBelowFrontierStillInsertsWhenSkipDisabled]' started.
Test Case '-[WhoopStoreTests.BackfillFrontierTests testDisorderedChunkBelowFrontierStillInsertsWhenSkipDisabled]' passed (0.017 seconds).
Test Case '-[WhoopStoreTests.BackfillFrontierTests testDuplicateChunkReplayDoesNotInsertOrRefreshDebt]' started.
Test Case '-[WhoopStoreTests.BackfillFrontierTests testDuplicateChunkReplayDoesNotInsertOrRefreshDebt]' passed (0.016 seconds).
Test Case '-[WhoopStoreTests.BackfillFrontierTests testEveryLegacyFrontierAllowsAbsentOlderRowsAndReplayKeepsDebtToken]' started.
Test Case '-[WhoopStoreTests.BackfillFrontierTests testEveryLegacyFrontierAllowsAbsentOlderRowsAndReplayKeepsDebtToken]' passed (0.023 seconds).
Test Case '-[WhoopStoreTests.BackfillFrontierTests testExactReplaySkipsWhenSkipEnabled]' started.
Test Case '-[WhoopStoreTests.BackfillFrontierTests testExactReplaySkipsWhenSkipEnabled]' passed (0.015 seconds).
Test Case '-[WhoopStoreTests.BackfillFrontierTests testLiveInsertDoesNotConsultFrontier]' started.
Test Case '-[WhoopStoreTests.BackfillFrontierTests testLiveInsertDoesNotConsultFrontier]' passed (0.015 seconds).
Test Case '-[WhoopStoreTests.BackfillFrontierTests testReplayWithNewerRowInsertsOnlyAbsentRows]' started.
Test Case '-[WhoopStoreTests.BackfillFrontierTests testReplayWithNewerRowInsertsOnlyAbsentRows]' passed (0.015 seconds).
Test Case '-[WhoopStoreTests.BackfillFrontierTests testSameSecondDistinctAndEqualOccurrenceIdentitiesSurviveAcrossChunks]' started.
Test Case '-[WhoopStoreTests.BackfillFrontierTests testSameSecondDistinctAndEqualOccurrenceIdentitiesSurviveAcrossChunks]' passed (0.016 seconds).
Test Case '-[WhoopStoreTests.BackfillFrontierTests testV45AddsBackfillFrontierTable]' started.
Test Case '-[WhoopStoreTests.BackfillFrontierTests testV45AddsBackfillFrontierTable]' passed (0.014 seconds).
Test Suite 'BackfillFrontierTests' passed at 2026-09-21 23:13:28.727.
	 Executed 8 tests, with 0 failures (0 unexpected) in 0.130 (0.130) seconds
Test Suite 'BackupProvenanceTests' started at 2026-09-21 23:13:28.727.
Test Case '-[WhoopStoreTests.BackupProvenanceTests test_manifest_json_is_sorted_and_parity_with_kotlin]' started.
Test Case '-[WhoopStoreTests.BackupProvenanceTests test_manifest_json_is_sorted_and_parity_with_kotlin]' passed (0.000 seconds).
Test Case '-[WhoopStoreTests.BackupProvenanceTests test_shouldRecord_only_on_a_real_transition]' started.
Test Case '-[WhoopStoreTests.BackupProvenanceTests test_shouldRecord_only_on_a_real_transition]' passed (0.000 seconds).
Test Case '-[WhoopStoreTests.BackupProvenanceTests test_versionEvent_payload_escapes_named_controls_like_kotlin]' started.
Test Case '-[WhoopStoreTests.BackupProvenanceTests test_versionEvent_payload_escapes_named_controls_like_kotlin]' passed (0.000 seconds).
Test Case '-[WhoopStoreTests.BackupProvenanceTests test_versionEvent_payload_is_sorted]' started.
Test Case '-[WhoopStoreTests.BackupProvenanceTests test_versionEvent_payload_is_sorted]' passed (0.000 seconds).
Test Case '-[WhoopStoreTests.BackupProvenanceTests test_versionEvent_payload_round_trips_every_json_control_character]' started.
Test Case '-[WhoopStoreTests.BackupProvenanceTests test_versionEvent_payload_round_trips_every_json_control_character]' passed (0.000 seconds).
Test Suite 'BackupProvenanceTests' passed at 2026-09-21 23:13:28.728.
	 Executed 5 tests, with 0 failures (0 unexpected) in 0.001 (0.001) seconds
Test Suite 'BackupSettingsTests' started at 2026-09-21 23:13:28.728.
Test Case '-[WhoopStoreTests.BackupSettingsTests testApplyClearsStaleDateOfBirthWhenAgeRestored]' started.
Test Case '-[WhoopStoreTests.BackupSettingsTests testApplyClearsStaleDateOfBirthWhenAgeRestored]' passed (0.003 seconds).
Test Case '-[WhoopStoreTests.BackupSettingsTests testApplyLeavesDateOfBirthWhenNoAgeInPayload]' started.
Test Case '-[WhoopStoreTests.BackupSettingsTests testApplyLeavesDateOfBirthWhenNoAgeInPayload]' passed (0.002 seconds).
Test Case '-[WhoopStoreTests.BackupSettingsTests testApplyWritesPlatformKeysAndLeavesUntouchedKeysAlone]' started.
Test Case '-[WhoopStoreTests.BackupSettingsTests testApplyWritesPlatformKeysAndLeavesUntouchedKeysAlone]' passed (0.002 seconds).
Test Case '-[WhoopStoreTests.BackupSettingsTests testEncodeDecodeRoundTripsEveryWhitelistedKey]' started.
Test Case '-[WhoopStoreTests.BackupSettingsTests testEncodeDecodeRoundTripsEveryWhitelistedKey]' passed (0.000 seconds).
Test Case '-[WhoopStoreTests.BackupSettingsTests testEncodeIsDeterministic]' started.
Test Case '-[WhoopStoreTests.BackupSettingsTests testEncodeIsDeterministic]' passed (0.000 seconds).
Test Case '-[WhoopStoreTests.BackupSettingsTests testEncodeReturnsNilWhenNothingWhitelistedIsPresent]' started.
Test Case '-[WhoopStoreTests.BackupSettingsTests testEncodeReturnsNilWhenNothingWhitelistedIsPresent]' passed (0.000 seconds).
Test Case '-[WhoopStoreTests.BackupSettingsTests testFullExportImportShapedRoundTripThroughDefaults]' started.
Test Case '-[WhoopStoreTests.BackupSettingsTests testFullExportImportShapedRoundTripThroughDefaults]' passed (0.003 seconds).
Test Case '-[WhoopStoreTests.BackupSettingsTests testGarbageAndNonObjectJsonDecodeToEmpty]' started.
Test Case '-[WhoopStoreTests.BackupSettingsTests testGarbageAndNonObjectJsonDecodeToEmpty]' passed (0.000 seconds).
Test Case '-[WhoopStoreTests.BackupSettingsTests testIntegralDoubleDecodesToIntForIntKeys]' started.
Test Case '-[WhoopStoreTests.BackupSettingsTests testIntegralDoubleDecodesToIntForIntKeys]' passed (0.000 seconds).
Test Case '-[WhoopStoreTests.BackupSettingsTests testNonWhitelistedKeysAreDroppedOnEncodeAndDecode]' started.
Test Case '-[WhoopStoreTests.BackupSettingsTests testNonWhitelistedKeysAreDroppedOnEncodeAndDecode]' passed (0.000 seconds).
Test Case '-[WhoopStoreTests.BackupSettingsTests testSnapshotOmitsUnsetKeysAndMapsHrMaxOverride]' started.
Test Case '-[WhoopStoreTests.BackupSettingsTests testSnapshotOmitsUnsetKeysAndMapsHrMaxOverride]' passed (0.002 seconds).
Test Case '-[WhoopStoreTests.BackupSettingsTests testWrongTypedValuesAreDroppedNotCoerced]' started.
Test Case '-[WhoopStoreTests.BackupSettingsTests testWrongTypedValuesAreDroppedNotCoerced]' passed (0.000 seconds).
Test Suite 'BackupSettingsTests' passed at 2026-09-21 23:13:28.741.
	 Executed 12 tests, with 0 failures (0 unexpected) in 0.012 (0.013) seconds
Test Suite 'BiometricStreamTests' started at 2026-09-21 23:13:28.741.
Test Case '-[WhoopStoreTests.BiometricStreamTests testBackwardCompatHrRrOnly]' started.
Test Case '-[WhoopStoreTests.BiometricStreamTests testBackwardCompatHrRrOnly]' passed (0.014 seconds).
Test Case '-[WhoopStoreTests.BiometricStreamTests testBiometricReadsRespectRangeAndScope]' started.
Test Case '-[WhoopStoreTests.BiometricStreamTests testBiometricReadsRespectRangeAndScope]' passed (0.015 seconds).
Test Case '-[WhoopStoreTests.BiometricStreamTests testBiometricReadsRoundTrip]' started.
Test Case '-[WhoopStoreTests.BiometricStreamTests testBiometricReadsRoundTrip]' passed (0.015 seconds).
Test Case '-[WhoopStoreTests.BiometricStreamTests testInsertBiometricIsIdempotent]' started.
Test Case '-[WhoopStoreTests.BiometricStreamTests testInsertBiometricIsIdempotent]' passed (0.015 seconds).
Test Case '-[WhoopStoreTests.BiometricStreamTests testInsertReturnsBiometricCounts]' started.
Test Case '-[WhoopStoreTests.BiometricStreamTests testInsertReturnsBiometricCounts]' passed (0.014 seconds).
Test Case '-[WhoopStoreTests.BiometricStreamTests testV3AppliesOnTopOfV1V2]' started.
Test Case '-[WhoopStoreTests.BiometricStreamTests testV3AppliesOnTopOfV1V2]' passed (0.014 seconds).
Test Case '-[WhoopStoreTests.BiometricStreamTests testV3CreatesBiometricTables]' started.
Test Case '-[WhoopStoreTests.BiometricStreamTests testV3CreatesBiometricTables]' passed (0.015 seconds).
Test Case '-[WhoopStoreTests.BiometricStreamTests testV3PrimaryKeysAreDeviceIdTs]' started.
Test Case '-[WhoopStoreTests.BiometricStreamTests testV3PrimaryKeysAreDeviceIdTs]' passed (0.015 seconds).
Test Suite 'BiometricStreamTests' passed at 2026-09-21 23:13:28.858.
	 Executed 8 tests, with 0 failures (0 unexpected) in 0.116 (0.117) seconds
Test Suite 'CanonicalRrSourceOracleTests' started at 2026-09-21 23:13:28.858.
Test Case '-[WhoopStoreTests.CanonicalRrSourceOracleTests testCanonicalNativeReadMatchesSharedServerFixture]' started.
Test Case '-[WhoopStoreTests.CanonicalRrSourceOracleTests testCanonicalNativeReadMatchesSharedServerFixture]' passed (0.115 seconds).
Test Case '-[WhoopStoreTests.CanonicalRrSourceOracleTests testPacketToStoreReplayKeepsDecodedUnitsAndSource]' started.
Test Case '-[WhoopStoreTests.CanonicalRrSourceOracleTests testPacketToStoreReplayKeepsDecodedUnitsAndSource]' passed (0.179 seconds).
Test Suite 'CanonicalRrSourceOracleTests' passed at 2026-09-21 23:13:29.152.
	 Executed 2 tests, with 0 failures (0 unexpected) in 0.294 (0.294) seconds
Test Suite 'CloudIngestionRegistryTests' started at 2026-09-21 23:13:29.152.
Test Case '-[WhoopStoreTests.CloudIngestionRegistryTests testEveryGrdbTableHasCloudDestination]' started.
Test Case '-[WhoopStoreTests.CloudIngestionRegistryTests testEveryGrdbTableHasCloudDestination]' passed (0.020 seconds).
Test Case '-[WhoopStoreTests.CloudIngestionRegistryTests testRegistryCopiesAreIdentical]' started.
Test Case '-[WhoopStoreTests.CloudIngestionRegistryTests testRegistryCopiesAreIdentical]' passed (0.000 seconds).
Test Case '-[WhoopStoreTests.CloudIngestionRegistryTests testShippedStreamsAreUnique]' started.
Test Case '-[WhoopStoreTests.CloudIngestionRegistryTests testShippedStreamsAreUnique]' passed (0.000 seconds).
Test Suite 'CloudIngestionRegistryTests' passed at 2026-09-21 23:13:29.174.
	 Executed 3 tests, with 0 failures (0 unexpected) in 0.021 (0.021) seconds
Test Suite 'CursorTests' started at 2026-09-21 23:13:29.174.
Test Case '-[WhoopStoreTests.CursorTests testCursorRoundTrips]' started.
Test Case '-[WhoopStoreTests.CursorTests testCursorRoundTrips]' passed (0.014 seconds).
Test Case '-[WhoopStoreTests.CursorTests testCursorUpsertsOnConflict]' started.
Test Case '-[WhoopStoreTests.CursorTests testCursorUpsertsOnConflict]' passed (0.014 seconds).
Test Case '-[WhoopStoreTests.CursorTests testHighwaterRoundTripsUnderPrefix]' started.
Test Case '-[WhoopStoreTests.CursorTests testHighwaterRoundTripsUnderPrefix]' passed (0.015 seconds).
Test Case '-[WhoopStoreTests.CursorTests testHighwaterStreamsAreIndependent]' started.
Test Case '-[WhoopStoreTests.CursorTests testHighwaterStreamsAreIndependent]' passed (0.015 seconds).
Test Case '-[WhoopStoreTests.CursorTests testV2CreatesCursorsTable]' started.
Test Case '-[WhoopStoreTests.CursorTests testV2CreatesCursorsTable]' passed (0.015 seconds).
Test Suite 'CursorTests' passed at 2026-09-21 23:13:29.247.
	 Executed 5 tests, with 0 failures (0 unexpected) in 0.073 (0.073) seconds
Test Suite 'DailyMetricLastVitalsDayTests' started at 2026-09-21 23:13:29.247.
Test Case '-[WhoopStoreTests.DailyMetricLastVitalsDayTests testBothSkinNumbersComeFromOneNight]' started.
Test Case '-[WhoopStoreTests.DailyMetricLastVitalsDayTests testBothSkinNumbersComeFromOneNight]' passed (0.000 seconds).
Test Case '-[WhoopStoreTests.DailyMetricLastVitalsDayTests testCarriesLastNightsOwnVitals_evenWhenItsRecoveryIsNull]' started.
Test Case '-[WhoopStoreTests.DailyMetricLastVitalsDayTests testCarriesLastNightsOwnVitals_evenWhenItsRecoveryIsNull]' passed (0.000 seconds).
Test Case '-[WhoopStoreTests.DailyMetricLastVitalsDayTests testCarriesYesterdaysVitals_whenTodayHasNoneYet]' started.
Test Case '-[WhoopStoreTests.DailyMetricLastVitalsDayTests testCarriesYesterdaysVitals_whenTodayHasNoneYet]' passed (0.000 seconds).
Test Case '-[WhoopStoreTests.DailyMetricLastVitalsDayTests testExcludesTodaysOwnRow_soItNeverEchoesToday]' started.
Test Case '-[WhoopStoreTests.DailyMetricLastVitalsDayTests testExcludesTodaysOwnRow_soItNeverEchoesToday]' passed (0.000 seconds).
Test Case '-[WhoopStoreTests.DailyMetricLastVitalsDayTests testFindsANightWithOnlyAnAbsolute]' started.
Test Case '-[WhoopStoreTests.DailyMetricLastVitalsDayTests testFindsANightWithOnlyAnAbsolute]' passed (0.000 seconds).
Test Case '-[WhoopStoreTests.DailyMetricLastVitalsDayTests testLastSkinTempDay_neverCarriesAFutureDatedRow]' started.
Test Case '-[WhoopStoreTests.DailyMetricLastVitalsDayTests testLastSkinTempDay_neverCarriesAFutureDatedRow]' passed (0.000 seconds).
Test Case '-[WhoopStoreTests.DailyMetricLastVitalsDayTests testLastSkinTempDay_resolvesIndependently_ofVitalsAndSpo2]' started.
Test Case '-[WhoopStoreTests.DailyMetricLastVitalsDayTests testLastSkinTempDay_resolvesIndependently_ofVitalsAndSpo2]' passed (0.000 seconds).
Test Case '-[WhoopStoreTests.DailyMetricLastVitalsDayTests testLastSpo2Day_neverCarriesAFutureDatedRow]' started.
Test Case '-[WhoopStoreTests.DailyMetricLastVitalsDayTests testLastSpo2Day_neverCarriesAFutureDatedRow]' passed (0.000 seconds).
Test Case '-[WhoopStoreTests.DailyMetricLastVitalsDayTests testLastSpo2Day_nil_whenNoPriorRowEverHadAReading_staysHonestNoData]' started.
Test Case '-[WhoopStoreTests.DailyMetricLastVitalsDayTests testLastSpo2Day_nil_whenNoPriorRowEverHadAReading_staysHonestNoData]' passed (0.000 seconds).
Test Case '-[WhoopStoreTests.DailyMetricLastVitalsDayTests testLastSpo2Day_skipsANewerVitalsRowWithNullSpo2_documentsTheWholeRowBug]' started.
Test Case '-[WhoopStoreTests.DailyMetricLastVitalsDayTests testLastSpo2Day_skipsANewerVitalsRowWithNullSpo2_documentsTheWholeRowBug]' passed (0.000 seconds).
Test Case '-[WhoopStoreTests.DailyMetricLastVitalsDayTests testNeverSelectsAFutureDatedRow]' started.
Test Case '-[WhoopStoreTests.DailyMetricLastVitalsDayTests testNeverSelectsAFutureDatedRow]' passed (0.000 seconds).
Test Case '-[WhoopStoreTests.DailyMetricLastVitalsDayTests testNil_whenNoPriorDayHasAnyVital]' started.
Test Case '-[WhoopStoreTests.DailyMetricLastVitalsDayTests testNil_whenNoPriorDayHasAnyVital]' passed (0.000 seconds).
Test Case '-[WhoopStoreTests.DailyMetricLastVitalsDayTests testNil_whenOnlyFutureRowsHaveVitals]' started.
Test Case '-[WhoopStoreTests.DailyMetricLastVitalsDayTests testNil_whenOnlyFutureRowsHaveVitals]' passed (0.000 seconds).
Test Case '-[WhoopStoreTests.DailyMetricLastVitalsDayTests testPerFieldCarriesNothingWhenNoRowHasTheField]' started.
Test Case '-[WhoopStoreTests.DailyMetricLastVitalsDayTests testPerFieldCarriesNothingWhenNoRowHasTheField]' passed (0.000 seconds).
Test Case '-[WhoopStoreTests.DailyMetricLastVitalsDayTests testPerFieldCarriesTheFreshestRowHoldingTheField]' started.
Test Case '-[WhoopStoreTests.DailyMetricLastVitalsDayTests testPerFieldCarriesTheFreshestRowHoldingTheField]' passed (0.000 seconds).
Test Case '-[WhoopStoreTests.DailyMetricLastVitalsDayTests testPerFieldNeverCarriesTodayOrLater]' started.
Test Case '-[WhoopStoreTests.DailyMetricLastVitalsDayTests testPerFieldNeverCarriesTodayOrLater]' passed (0.000 seconds).
Test Case '-[WhoopStoreTests.DailyMetricLastVitalsDayTests testSelectsRowWithAnyOneVital_notRequiringAllThree]' started.
Test Case '-[WhoopStoreTests.DailyMetricLastVitalsDayTests testSelectsRowWithAnyOneVital_notRequiringAllThree]' passed (0.000 seconds).
Test Case '-[WhoopStoreTests.DailyMetricLastVitalsDayTests testSharedPredicateSelectsARowWithNoHrv_perFieldDoesNot]' started.
Test Case '-[WhoopStoreTests.DailyMetricLastVitalsDayTests testSharedPredicateSelectsARowWithNoHrv_perFieldDoesNot]' passed (0.000 seconds).
Test Case '-[WhoopStoreTests.DailyMetricLastVitalsDayTests testSkinReadingRowNeverCarriesTodayOrLater]' started.
Test Case '-[WhoopStoreTests.DailyMetricLastVitalsDayTests testSkinReadingRowNeverCarriesTodayOrLater]' passed (0.000 seconds).
Test Case '-[WhoopStoreTests.DailyMetricLastVitalsDayTests testSkinRowsWithNeitherNumberAreSkipped]' started.
Test Case '-[WhoopStoreTests.DailyMetricLastVitalsDayTests testSkinRowsWithNeitherNumberAreSkipped]' passed (0.000 seconds).
Test Suite 'DailyMetricLastVitalsDayTests' passed at 2026-09-21 23:13:29.249.
	 Executed 20 tests, with 0 failures (0 unexpected) in 0.001 (0.002) seconds
Test Suite 'DailySkinTempAbsoluteTests' started at 2026-09-21 23:13:29.249.
Test Case '-[WhoopStoreTests.DailySkinTempAbsoluteTests testFillSkinTempC_fillsNullAndTouchesNothingElse]' started.
Test Case '-[WhoopStoreTests.DailySkinTempAbsoluteTests testFillSkinTempC_fillsNullAndTouchesNothingElse]' passed (0.014 seconds).
Test Case '-[WhoopStoreTests.DailySkinTempAbsoluteTests testFillSkinTempC_noOpWhenRowDoesNotExist]' started.
Test Case '-[WhoopStoreTests.DailySkinTempAbsoluteTests testFillSkinTempC_noOpWhenRowDoesNotExist]' passed (0.014 seconds).
Test Case '-[WhoopStoreTests.DailySkinTempAbsoluteTests testFillSkinTempC_refusesToOverwriteAnExistingAbsolute]' started.
Test Case '-[WhoopStoreTests.DailySkinTempAbsoluteTests testFillSkinTempC_refusesToOverwriteAnExistingAbsolute]' passed (0.015 seconds).
Test Case '-[WhoopStoreTests.DailySkinTempAbsoluteTests testOmittingTheAbsoluteKeepsItNil]' started.
Test Case '-[WhoopStoreTests.DailySkinTempAbsoluteTests testOmittingTheAbsoluteKeepsItNil]' passed (0.015 seconds).
Test Case '-[WhoopStoreTests.DailySkinTempAbsoluteTests testUpsertOverAnExistingDayUpdatesTheAbsolute]' started.
Test Case '-[WhoopStoreTests.DailySkinTempAbsoluteTests testUpsertOverAnExistingDayUpdatesTheAbsolute]' passed (0.014 seconds).
Test Case '-[WhoopStoreTests.DailySkinTempAbsoluteTests testV40RoundTripKeepsAbsoluteAndDeviationDistinct]' started.
Test Case '-[WhoopStoreTests.DailySkinTempAbsoluteTests testV40RoundTripKeepsAbsoluteAndDeviationDistinct]' passed (0.015 seconds).
Test Case '-[WhoopStoreTests.DailySkinTempAbsoluteTests testV40SkinTempAbsoluteColumnPresent]' started.
Test Case '-[WhoopStoreTests.DailySkinTempAbsoluteTests testV40SkinTempAbsoluteColumnPresent]' passed (0.014 seconds).
Test Suite 'DailySkinTempAbsoluteTests' passed at 2026-09-21 23:13:29.350.
	 Executed 7 tests, with 0 failures (0 unexpected) in 0.100 (0.101) seconds
Test Suite 'DatabaseIntegrityTests' started at 2026-09-21 23:13:29.350.
Test Case '-[WhoopStoreTests.DatabaseIntegrityTests testGarbageBehindValidMagicFailsQuickCheck]' started.
Test Case '-[WhoopStoreTests.DatabaseIntegrityTests testGarbageBehindValidMagicFailsQuickCheck]' passed (0.001 seconds).
Test Case '-[WhoopStoreTests.DatabaseIntegrityTests testHealthyDatabasePassesQuickCheck]' started.
Test Case '-[WhoopStoreTests.DatabaseIntegrityTests testHealthyDatabasePassesQuickCheck]' passed (0.003 seconds).
Test Case '-[WhoopStoreTests.DatabaseIntegrityTests testMissingFileFailsQuickCheck]' started.
Test Case '-[WhoopStoreTests.DatabaseIntegrityTests testMissingFileFailsQuickCheck]' passed (0.000 seconds).
Test Case '-[WhoopStoreTests.DatabaseIntegrityTests testTruncatedDatabaseFailsQuickCheck]' started.
Test Case '-[WhoopStoreTests.DatabaseIntegrityTests testTruncatedDatabaseFailsQuickCheck]' passed (0.004 seconds).
Test Case '-[WhoopStoreTests.DatabaseIntegrityTests testVerdictGoldenVectors]' started.
Test Case '-[WhoopStoreTests.DatabaseIntegrityTests testVerdictGoldenVectors]' passed (0.000 seconds).
Test Suite 'DatabaseIntegrityTests' passed at 2026-09-21 23:13:29.358.
	 Executed 5 tests, with 0 failures (0 unexpected) in 0.008 (0.009) seconds
Test Suite 'DatabasePoolConcurrencyTests' started at 2026-09-21 23:13:29.358.
Test Case '-[WhoopStoreTests.DatabasePoolConcurrencyTests testConcurrentOpensOfSameFreshFileAllSucceed]' started.
Test Case '-[WhoopStoreTests.DatabasePoolConcurrencyTests testConcurrentOpensOfSameFreshFileAllSucceed]' passed (0.070 seconds).
Test Case '-[WhoopStoreTests.DatabasePoolConcurrencyTests testConcurrentReadDuringOpenWriteReturnsCommittedData]' started.
Test Case '-[WhoopStoreTests.DatabasePoolConcurrencyTests testConcurrentReadDuringOpenWriteReturnsCommittedData]' passed (0.003 seconds).
Test Case '-[WhoopStoreTests.DatabasePoolConcurrencyTests testFileBackedStoreWritesAndReadsBackUnchanged]' started.
Test Case '-[WhoopStoreTests.DatabasePoolConcurrencyTests testFileBackedStoreWritesAndReadsBackUnchanged]' passed (0.030 seconds).
Test Case '-[WhoopStoreTests.DatabasePoolConcurrencyTests testProductionPoolRunsPrepareDatabaseOnReaderConnections]' started.
Test Case '-[WhoopStoreTests.DatabasePoolConcurrencyTests testProductionPoolRunsPrepareDatabaseOnReaderConnections]' passed (0.026 seconds).
Test Suite 'DatabasePoolConcurrencyTests' passed at 2026-09-21 23:13:29.487.
	 Executed 4 tests, with 0 failures (0 unexpected) in 0.129 (0.129) seconds
Test Suite 'DeepCaptureChannelsTests' started at 2026-09-21 23:13:29.488.
Test Case '-[WhoopStoreTests.DeepCaptureChannelsTests testAbsentSlotsStayAbsentAcrossStorage]' started.
Test Case '-[WhoopStoreTests.DeepCaptureChannelsTests testAbsentSlotsStayAbsentAcrossStorage]' passed (0.025 seconds).
Test Case '-[WhoopStoreTests.DeepCaptureChannelsTests testAllAbsentSampleBanksNoRow]' started.
Test Case '-[WhoopStoreTests.DeepCaptureChannelsTests testAllAbsentSampleBanksNoRow]' passed (0.021 seconds).
Test Case '-[WhoopStoreTests.DeepCaptureChannelsTests testAuxRowsAreCappedNewestFirst]' started.
Test Case '-[WhoopStoreTests.DeepCaptureChannelsTests testAuxRowsAreCappedNewestFirst]' passed (0.034 seconds).
Test Case '-[WhoopStoreTests.DeepCaptureChannelsTests testAuxSlotsRoundTripThroughTheBlob]' started.
Test Case '-[WhoopStoreTests.DeepCaptureChannelsTests testAuxSlotsRoundTripThroughTheBlob]' passed (0.016 seconds).
Test Case '-[WhoopStoreTests.DeepCaptureChannelsTests testCodecHeaderShapeAndSize]' started.
Test Case '-[WhoopStoreTests.DeepCaptureChannelsTests testCodecHeaderShapeAndSize]' passed (0.000 seconds).
Test Case '-[WhoopStoreTests.DeepCaptureChannelsTests testDeleteAllDataClearsAuxRows]' started.
Test Case '-[WhoopStoreTests.DeepCaptureChannelsTests testDeleteAllDataClearsAuxRows]' passed (0.016 seconds).
Test Case '-[WhoopStoreTests.DeepCaptureChannelsTests testEmptySamplePacksToEmptyData]' started.
Test Case '-[WhoopStoreTests.DeepCaptureChannelsTests testEmptySamplePacksToEmptyData]' passed (0.000 seconds).
Test Case '-[WhoopStoreTests.DeepCaptureChannelsTests testFixtureRowPacksToTheExactCrossPlatformBytes]' started.
Test Case '-[WhoopStoreTests.DeepCaptureChannelsTests testFixtureRowPacksToTheExactCrossPlatformBytes]' passed (0.000 seconds).
Test Case '-[WhoopStoreTests.DeepCaptureChannelsTests testMalformedBlobsDegradeToAbsentRatherThanThrow]' started.
Test Case '-[WhoopStoreTests.DeepCaptureChannelsTests testMalformedBlobsDegradeToAbsentRatherThanThrow]' passed (0.000 seconds).
Test Case '-[WhoopStoreTests.DeepCaptureChannelsTests testNoAuxRowsMeansNoRetentionSweep]' started.
Test Case '-[WhoopStoreTests.DeepCaptureChannelsTests testNoAuxRowsMeansNoRetentionSweep]' passed (0.016 seconds).
Test Case '-[WhoopStoreTests.DeepCaptureChannelsTests testPreV31StyleRowsReadBackAbsentNotZero]' started.
Test Case '-[WhoopStoreTests.DeepCaptureChannelsTests testPreV31StyleRowsReadBackAbsentNotZero]' passed (0.015 seconds).
Test Case '-[WhoopStoreTests.DeepCaptureChannelsTests testResyncIsIdempotent]' started.
Test Case '-[WhoopStoreTests.DeepCaptureChannelsTests testResyncIsIdempotent]' passed (0.015 seconds).
Test Case '-[WhoopStoreTests.DeepCaptureChannelsTests testRetentionIsScopedToTheDevice]' started.
Test Case '-[WhoopStoreTests.DeepCaptureChannelsTests testRetentionIsScopedToTheDevice]' passed (0.018 seconds).
Test Case '-[WhoopStoreTests.DeepCaptureChannelsTests testRetentionSweepIsDeferredBelowTheThreshold]' started.
Test Case '-[WhoopStoreTests.DeepCaptureChannelsTests testRetentionSweepIsDeferredBelowTheThreshold]' passed (0.017 seconds).
Test Case '-[WhoopStoreTests.DeepCaptureChannelsTests testRetentionSweepRunsOnceTheThresholdIsCrossed]' started.
Test Case '-[WhoopStoreTests.DeepCaptureChannelsTests testRetentionSweepRunsOnceTheThresholdIsCrossed]' passed (0.017 seconds).
Test Case '-[WhoopStoreTests.DeepCaptureChannelsTests testShippedRetentionConstant]' started.
Test Case '-[WhoopStoreTests.DeepCaptureChannelsTests testShippedRetentionConstant]' passed (0.000 seconds).
Test Case '-[WhoopStoreTests.DeepCaptureChannelsTests testTheAmortisationBudgetIsNotSharedBetweenDevices]' started.
Test Case '-[WhoopStoreTests.DeepCaptureChannelsTests testTheAmortisationBudgetIsNotSharedBetweenDevices]' passed (0.017 seconds).
Test Case '-[WhoopStoreTests.DeepCaptureChannelsTests testTheAmortisationCounterResetsAfterEachSweep]' started.
Test Case '-[WhoopStoreTests.DeepCaptureChannelsTests testTheAmortisationCounterResetsAfterEachSweep]' passed (0.018 seconds).
Test Case '-[WhoopStoreTests.DeepCaptureChannelsTests testTheFourNamedChannelsRoundTrip]' started.
Test Case '-[WhoopStoreTests.DeepCaptureChannelsTests testTheFourNamedChannelsRoundTrip]' passed (0.015 seconds).
Test Case '-[WhoopStoreTests.DeepCaptureChannelsTests testTheNewColumnsAreNullableWithNoDefault]' started.
Test Case '-[WhoopStoreTests.DeepCaptureChannelsTests testTheNewColumnsAreNullableWithNoDefault]' passed (0.014 seconds).
Test Case '-[WhoopStoreTests.DeepCaptureChannelsTests testV31AddsTheAdditiveColumnsAndTheAuxTable]' started.
Test Case '-[WhoopStoreTests.DeepCaptureChannelsTests testV31AddsTheAdditiveColumnsAndTheAuxTable]' passed (0.015 seconds).
Test Case '-[WhoopStoreTests.DeepCaptureChannelsTests testWideSlotsSurviveAtFullWidth]' started.
Test Case '-[WhoopStoreTests.DeepCaptureChannelsTests testWideSlotsSurviveAtFullWidth]' passed (0.000 seconds).
Test Suite 'DeepCaptureChannelsTests' passed at 2026-09-21 23:13:29.779.
	 Executed 22 tests, with 0 failures (0 unexpected) in 0.290 (0.291) seconds
Test Suite 'DeviceBrandCatalogTests' started at 2026-09-21 23:13:29.779.
Test Case '-[WhoopStoreTests.DeviceBrandCatalogTests testBrandStringsUnique]' started.
Test Case '-[WhoopStoreTests.DeviceBrandCatalogTests testBrandStringsUnique]' passed (0.000 seconds).
Test Case '-[WhoopStoreTests.DeviceBrandCatalogTests testIsOuraByRegistryIdPrefix]' started.
Test Case '-[WhoopStoreTests.DeviceBrandCatalogTests testIsOuraByRegistryIdPrefix]' passed (0.000 seconds).
Test Case '-[WhoopStoreTests.DeviceBrandCatalogTests testMiBandWinsOverAmazfit]' started.
Test Case '-[WhoopStoreTests.DeviceBrandCatalogTests testMiBandWinsOverAmazfit]' passed (0.000 seconds).
Test Case '-[WhoopStoreTests.DeviceBrandCatalogTests testRecognisesEachBrandFromAdvertisedName]' started.
Test Case '-[WhoopStoreTests.DeviceBrandCatalogTests testRecognisesEachBrandFromAdvertisedName]' passed (0.000 seconds).
Test Case '-[WhoopStoreTests.DeviceBrandCatalogTests testRoutingAndTierFacts]' started.
Test Case '-[WhoopStoreTests.DeviceBrandCatalogTests testRoutingAndTierFacts]' passed (0.000 seconds).
Test Case '-[WhoopStoreTests.DeviceBrandCatalogTests testUnknownNameIsNil]' started.
Test Case '-[WhoopStoreTests.DeviceBrandCatalogTests testUnknownNameIsNil]' passed (0.000 seconds).
Test Suite 'DeviceBrandCatalogTests' passed at 2026-09-21 23:13:29.780.
	 Executed 6 tests, with 0 failures (0 unexpected) in 0.001 (0.001) seconds
Test Suite 'DeviceRegistryStoreTests' started at 2026-09-21 23:13:29.780.
Test Case '-[WhoopStoreTests.DeviceRegistryStoreTests testAdoptSerialCarriesTheComputedSibling]' started.
Test Case '-[WhoopStoreTests.DeviceRegistryStoreTests testAdoptSerialCarriesTheComputedSibling]' passed (0.016 seconds).
Test Case '-[WhoopStoreTests.DeviceRegistryStoreTests testAdoptSerialLeavesOtherOuraPairingsUntouched]' started.
Test Case '-[WhoopStoreTests.DeviceRegistryStoreTests testAdoptSerialLeavesOtherOuraPairingsUntouched]' passed (0.017 seconds).
Test Case '-[WhoopStoreTests.DeviceRegistryStoreTests testAdoptSerialMergesComputedSiblingsOnClash]' started.
Test Case '-[WhoopStoreTests.DeviceRegistryStoreTests testAdoptSerialMergesComputedSiblingsOnClash]' passed (0.016 seconds).
Test Case '-[WhoopStoreTests.DeviceRegistryStoreTests testAdoptSerialMergesWhenSerialAlreadyExists]' started.
Test Case '-[WhoopStoreTests.DeviceRegistryStoreTests testAdoptSerialMergesWhenSerialAlreadyExists]' passed (0.016 seconds).
Test Case '-[WhoopStoreTests.DeviceRegistryStoreTests testAdoptSerialNoOpWhenSameOrAbsent]' started.
Test Case '-[WhoopStoreTests.DeviceRegistryStoreTests testAdoptSerialNoOpWhenSameOrAbsent]' passed (0.014 seconds).
Test Case '-[WhoopStoreTests.DeviceRegistryStoreTests testAdoptSerialRenamesWhenSerialIsNew]' started.
Test Case '-[WhoopStoreTests.DeviceRegistryStoreTests testAdoptSerialRenamesWhenSerialIsNew]' passed (0.016 seconds).
Test Case '-[WhoopStoreTests.DeviceRegistryStoreTests testArchiveKeepsRowAndClearsActive]' started.
Test Case '-[WhoopStoreTests.DeviceRegistryStoreTests testArchiveKeepsRowAndClearsActive]' passed (0.015 seconds).
Test Case '-[WhoopStoreTests.DeviceRegistryStoreTests testDayOwnershipUpsertAndRead]' started.
Test Case '-[WhoopStoreTests.DeviceRegistryStoreTests testDayOwnershipUpsertAndRead]' passed (0.015 seconds).
Test Case '-[WhoopStoreTests.DeviceRegistryStoreTests testDecodeTrimsWhitespaceBearingCapabilityTokens]' started.
Test Case '-[WhoopStoreTests.DeviceRegistryStoreTests testDecodeTrimsWhitespaceBearingCapabilityTokens]' passed (0.015 seconds).
Test Case '-[WhoopStoreTests.DeviceRegistryStoreTests testDeleteAllDataClearsOnlyTheTargetDevicesRows]' started.
Test Case '-[WhoopStoreTests.DeviceRegistryStoreTests testDeleteAllDataClearsOnlyTheTargetDevicesRows]' passed (0.014 seconds).
Test Case '-[WhoopStoreTests.DeviceRegistryStoreTests testDeviceForPeripheralIdFindsIt]' started.
Test Case '-[WhoopStoreTests.DeviceRegistryStoreTests testDeviceForPeripheralIdFindsIt]' passed (0.014 seconds).
Test Case '-[WhoopStoreTests.DeviceRegistryStoreTests testDeviceScopedTablesCoversEveryDeviceIdKeyedTable]' started.
Test Case '-[WhoopStoreTests.DeviceRegistryStoreTests testDeviceScopedTablesCoversEveryDeviceIdKeyedTable]' passed (0.016 seconds).
Test Case '-[WhoopStoreTests.DeviceRegistryStoreTests testPeripheralIdRoundTripsThroughAddAndAll]' started.
Test Case '-[WhoopStoreTests.DeviceRegistryStoreTests testPeripheralIdRoundTripsThroughAddAndAll]' passed (0.014 seconds).
Test Case '-[WhoopStoreTests.DeviceRegistryStoreTests testRemoveDeletesOnlyTheGivenRegistryRow]' started.
Test Case '-[WhoopStoreTests.DeviceRegistryStoreTests testRemoveDeletesOnlyTheGivenRegistryRow]' passed (0.014 seconds).
Test Case '-[WhoopStoreTests.DeviceRegistryStoreTests testRemoveIsANoOpForAnAbsentId]' started.
Test Case '-[WhoopStoreTests.DeviceRegistryStoreTests testRemoveIsANoOpForAnAbsentId]' passed (0.015 seconds).
Test Case '-[WhoopStoreTests.DeviceRegistryStoreTests testSeededWhoopHasNilPeripheralId]' started.
Test Case '-[WhoopStoreTests.DeviceRegistryStoreTests testSeededWhoopHasNilPeripheralId]' passed (0.014 seconds).
Test Case '-[WhoopStoreTests.DeviceRegistryStoreTests testSeededWhoopIsActive]' started.
Test Case '-[WhoopStoreTests.DeviceRegistryStoreTests testSeededWhoopIsActive]' passed (0.015 seconds).
Test Case '-[WhoopStoreTests.DeviceRegistryStoreTests testSetActiveEnforcesSingleActive]' started.
Test Case '-[WhoopStoreTests.DeviceRegistryStoreTests testSetActiveEnforcesSingleActive]' passed (0.015 seconds).
Test Case '-[WhoopStoreTests.DeviceRegistryStoreTests testSetPeripheralIdUpdatesIt]' started.
Test Case '-[WhoopStoreTests.DeviceRegistryStoreTests testSetPeripheralIdUpdatesIt]' passed (0.015 seconds).
Test Suite 'DeviceRegistryStoreTests' passed at 2026-09-21 23:13:30.068.
	 Executed 19 tests, with 0 failures (0 unexpected) in 0.286 (0.288) seconds
Test Suite 'DismissedSleepDedupInteractionTests' started at 2026-09-21 23:13:30.068.
Test Case '-[WhoopStoreTests.DismissedSleepDedupInteractionTests testDismissedWindowIsDroppedBeforeBankingAndStaysDroppedAfterDedup]' started.
Test Case '-[WhoopStoreTests.DismissedSleepDedupInteractionTests testDismissedWindowIsDroppedBeforeBankingAndStaysDroppedAfterDedup]' passed (0.000 seconds).
Test Case '-[WhoopStoreTests.DismissedSleepDedupInteractionTests testEditedNightIsNeverSuppressedByTheDedupSurvivorRule]' started.
Test Case '-[WhoopStoreTests.DismissedSleepDedupInteractionTests testEditedNightIsNeverSuppressedByTheDedupSurvivorRule]' passed (0.000 seconds).
Test Case '-[WhoopStoreTests.DismissedSleepDedupInteractionTests testRemovingTheTombstoneReAdmitsTheNightOnTheNextPass]' started.
Test Case '-[WhoopStoreTests.DismissedSleepDedupInteractionTests testRemovingTheTombstoneReAdmitsTheNightOnTheNextPass]' passed (0.000 seconds).
Test Suite 'DismissedSleepDedupInteractionTests' passed at 2026-09-21 23:13:30.068.
	 Executed 3 tests, with 0 failures (0 unexpected) in 0.000 (0.001) seconds
Test Suite 'DismissedSleepSpansTests' started at 2026-09-21 23:13:30.068.
Test Case '-[WhoopStoreTests.DismissedSleepSpansTests testAddIsIdempotent]' started.
Test Case '-[WhoopStoreTests.DismissedSleepSpansTests testAddIsIdempotent]' passed (0.000 seconds).
Test Case '-[WhoopStoreTests.DismissedSleepSpansTests testAddThenRemoveRoundTripsToEmpty]' started.
Test Case '-[WhoopStoreTests.DismissedSleepSpansTests testAddThenRemoveRoundTripsToEmpty]' passed (0.000 seconds).
Test Case '-[WhoopStoreTests.DismissedSleepSpansTests testDetectedNightWritesTombstoneButUserEditedDoesNot]' started.
Test Case '-[WhoopStoreTests.DismissedSleepSpansTests testDetectedNightWritesTombstoneButUserEditedDoesNot]' passed (0.000 seconds).
Test Case '-[WhoopStoreTests.DismissedSleepSpansTests testDisjointSessionIsNotSuppressed]' started.
Test Case '-[WhoopStoreTests.DismissedSleepSpansTests testDisjointSessionIsNotSuppressed]' passed (0.000 seconds).
Test Case '-[WhoopStoreTests.DismissedSleepSpansTests testEmptyWindowsSuppressNothing]' started.
Test Case '-[WhoopStoreTests.DismissedSleepSpansTests testEmptyWindowsSuppressNothing]' passed (0.000 seconds).
Test Case '-[WhoopStoreTests.DismissedSleepSpansTests testHardCapKeepsNewestByEndTime]' started.
Test Case '-[WhoopStoreTests.DismissedSleepSpansTests testHardCapKeepsNewestByEndTime]' passed (0.072 seconds).
Test Case '-[WhoopStoreTests.DismissedSleepSpansTests testOverlappingSessionIsSuppressed]' started.
Test Case '-[WhoopStoreTests.DismissedSleepSpansTests testOverlappingSessionIsSuppressed]' passed (0.000 seconds).
Test Case '-[WhoopStoreTests.DismissedSleepSpansTests testRemoveNonMemberIsNoOp]' started.
Test Case '-[WhoopStoreTests.DismissedSleepSpansTests testRemoveNonMemberIsNoOp]' passed (0.000 seconds).
Test Case '-[WhoopStoreTests.DismissedSleepSpansTests testWindowsDropsMalformedAndNonPositiveWidthTokens]' started.
Test Case '-[WhoopStoreTests.DismissedSleepSpansTests testWindowsDropsMalformedAndNonPositiveWidthTokens]' passed (0.000 seconds).
Test Suite 'DismissedSleepSpansTests' passed at 2026-09-21 23:13:30.141.
	 Executed 9 tests, with 0 failures (0 unexpected) in 0.072 (0.073) seconds
Test Suite 'DurableIngestTests' started at 2026-09-21 23:13:30.141.
Test Case '-[WhoopStoreTests.DurableIngestTests testPersistedTrueCannotSkipHoleOrSameSecondRecord]' started.
Test Case '-[WhoopStoreTests.DurableIngestTests testPersistedTrueCannotSkipHoleOrSameSecondRecord]' passed (0.017 seconds).
Test Case '-[WhoopStoreTests.DurableIngestTests testPpgAndAuxWithoutReceiptsSurviveCapAndOnlyVerifiedBytesPrune]' started.
Test Case '-[WhoopStoreTests.DurableIngestTests testPpgAndAuxWithoutReceiptsSurviveCapAndOnlyVerifiedBytesPrune]' passed (0.019 seconds).
Test Case '-[WhoopStoreTests.DurableIngestTests testQuarantineCapacityRollsBackWholeChunkAndDebt]' started.
Test Case '-[WhoopStoreTests.DurableIngestTests testQuarantineCapacityRollsBackWholeChunkAndDebt]' passed (0.018 seconds).
Test Case '-[WhoopStoreTests.DurableIngestTests testQuarantineReceiptsRequireScopeChecksumAndGrace]' started.
Test Case '-[WhoopStoreTests.DurableIngestTests testQuarantineReceiptsRequireScopeChecksumAndGrace]' passed (0.018 seconds).
Test Case '-[WhoopStoreTests.DurableIngestTests testQuarantineSurvivesReopenAndNeverAdoptsUnassigned]' started.
Test Case '-[WhoopStoreTests.DurableIngestTests testQuarantineSurvivesReopenAndNeverAdoptsUnassigned]' passed (0.037 seconds).
Test Case '-[WhoopStoreTests.DurableIngestTests testRawOutboxLegacySyncedFlagCannotAuthorizeRetention]' started.
Test Case '-[WhoopStoreTests.DurableIngestTests testRawOutboxLegacySyncedFlagCannotAuthorizeRetention]' passed (0.016 seconds).
Test Case '-[WhoopStoreTests.DurableIngestTests testSerialAdoptionCannotLoseConflictingCapturedPayloadOrTransferReceipt]' started.
Test Case '-[WhoopStoreTests.DurableIngestTests testSerialAdoptionCannotLoseConflictingCapturedPayloadOrTransferReceipt]' passed (0.017 seconds).
Test Suite 'DurableIngestTests' passed at 2026-09-21 23:13:30.282.
	 Executed 7 tests, with 0 failures (0 unexpected) in 0.140 (0.141) seconds
Test Suite 'ForeignDatabaseQuarantineTests' started at 2026-09-21 23:13:30.282.
Test Case '-[WhoopStoreTests.ForeignDatabaseQuarantineTests testForeignDatabaseRemainsInPlaceAndFreshStoreRequiresSeparatePath]' started.
Test Case '-[WhoopStoreTests.ForeignDatabaseQuarantineTests testForeignDatabaseRemainsInPlaceAndFreshStoreRequiresSeparatePath]' passed (0.783 seconds).
Test Case '-[WhoopStoreTests.ForeignDatabaseQuarantineTests testValidGrdbBackupIsNotQuarantined]' started.
Test Case '-[WhoopStoreTests.ForeignDatabaseQuarantineTests testValidGrdbBackupIsNotQuarantined]' passed (0.196 seconds).
Test Suite 'ForeignDatabaseQuarantineTests' passed at 2026-09-21 23:13:31.261.
	 Executed 2 tests, with 0 failures (0 unexpected) in 0.979 (0.979) seconds
Test Suite 'GenericCaptureStoreTests' started at 2026-09-21 23:13:31.261.
Test Case '-[WhoopStoreTests.GenericCaptureStoreTests testBeginReplayRecoveryBeforeNewSessionAndAbandonedSeal]' started.
Test Case '-[WhoopStoreTests.GenericCaptureStoreTests testBeginReplayRecoveryBeforeNewSessionAndAbandonedSeal]' passed (0.021 seconds).
Test Case '-[WhoopStoreTests.GenericCaptureStoreTests testByteCapCountsActualPayloadPlusSessionMetadata]' started.
Test Case '-[WhoopStoreTests.GenericCaptureStoreTests testByteCapCountsActualPayloadPlusSessionMetadata]' passed (0.877 seconds).
Test Case '-[WhoopStoreTests.GenericCaptureStoreTests testCanonicalFirstWinsAndRRBatchOrderMatchExistingOneNotificationMapping]' started.
Test Case '-[WhoopStoreTests.GenericCaptureStoreTests testCanonicalFirstWinsAndRRBatchOrderMatchExistingOneNotificationMapping]' passed (0.035 seconds).
Test Case '-[WhoopStoreTests.GenericCaptureStoreTests testCorruptDigestBlocksLaterProjection]' started.
Test Case '-[WhoopStoreTests.GenericCaptureStoreTests testCorruptDigestBlocksLaterProjection]' passed (0.017 seconds).
Test Case '-[WhoopStoreTests.GenericCaptureStoreTests testCountCapAtReal300000SQLRowsAllowsExactRetry]' started.
Test Case '-[WhoopStoreTests.GenericCaptureStoreTests testCountCapAtReal300000SQLRowsAllowsExactRetry]' passed (2.465 seconds).
Test Case '-[WhoopStoreTests.GenericCaptureStoreTests testDistinctOccurrencesExactReplayConflictsAndSealedRetry]' started.
Test Case '-[WhoopStoreTests.GenericCaptureStoreTests testDistinctOccurrencesExactReplayConflictsAndSealedRetry]' passed (0.020 seconds).
Test Case '-[WhoopStoreTests.GenericCaptureStoreTests testFailedBookkeepingAndUnknownVersionNeverSkipPendingHead]' started.
Test Case '-[WhoopStoreTests.GenericCaptureStoreTests testFailedBookkeepingAndUnknownVersionNeverSkipPendingHead]' passed (0.018 seconds).
Test Case '-[WhoopStoreTests.GenericCaptureStoreTests testFrozenProjectionRejectsUnknownMissingReorderedAndNonstandardStreams]' started.
Test Case '-[WhoopStoreTests.GenericCaptureStoreTests testFrozenProjectionRejectsUnknownMissingReorderedAndNonstandardStreams]' passed (0.016 seconds).
Test Case '-[WhoopStoreTests.GenericCaptureStoreTests testLengthPrefixedDigestAndOwnerStringsRemainExact]' started.
Test Case '-[WhoopStoreTests.GenericCaptureStoreTests testLengthPrefixedDigestAndOwnerStringsRemainExact]' passed (0.016 seconds).
Test Case '-[WhoopStoreTests.GenericCaptureStoreTests testLiveProjectionIgnoresBackfillFrontierAndPreservesExistingDebtTokenOnReplay]' started.
Test Case '-[WhoopStoreTests.GenericCaptureStoreTests testLiveProjectionIgnoresBackfillFrontierAndPreservesExistingDebtTokenOnReplay]' passed (0.018 seconds).
Test Case '-[WhoopStoreTests.GenericCaptureStoreTests testNativeCommitFailureCannotIssueReceipt]' started.
Test Case '-[WhoopStoreTests.GenericCaptureStoreTests testNativeCommitFailureCannotIssueReceipt]' passed (0.017 seconds).
Test Case '-[WhoopStoreTests.GenericCaptureStoreTests testOwnerRecheckedForEveryOperationAndProjection]' started.
Test Case '-[WhoopStoreTests.GenericCaptureStoreTests testOwnerRecheckedForEveryOperationAndProjection]' passed (0.016 seconds).
Test Case '-[WhoopStoreTests.GenericCaptureStoreTests testPreV53PopulatedRowsSurviveAdditiveMigrationExactly]' started.
Test Case '-[WhoopStoreTests.GenericCaptureStoreTests testPreV53PopulatedRowsSurviveAdditiveMigrationExactly]' passed (0.015 seconds).
Test Case '-[WhoopStoreTests.GenericCaptureStoreTests testProcessGateHoldsAcrossT2CommitAndT3ForBothHandles]' started.
Test Case '-[WhoopStoreTests.GenericCaptureStoreTests testProcessGateHoldsAcrossT2CommitAndT3ForBothHandles]' passed (0.055 seconds).
Test Case '-[WhoopStoreTests.GenericCaptureStoreTests testRecoveryLimitAndConcurrentTwoHandleAppendAndProjection]' started.
Test Case '-[WhoopStoreTests.GenericCaptureStoreTests testRecoveryLimitAndConcurrentTwoHandleAppendAndProjection]' passed (0.170 seconds).
Test Case '-[WhoopStoreTests.GenericCaptureStoreTests testRecoveryOrdersBySessionOrdinalThenSequenceNotClockOrUUID]' started.
Test Case '-[WhoopStoreTests.GenericCaptureStoreTests testRecoveryOrdersBySessionOrdinalThenSequenceNotClockOrUUID]' passed (0.020 seconds).
Test Case '-[WhoopStoreTests.GenericCaptureStoreTests testSchemaIsEmptyAdditiveAndDoesNotAdoptGuest]' started.
Test Case '-[WhoopStoreTests.GenericCaptureStoreTests testSchemaIsEmptyAdditiveAndDoesNotAdoptGuest]' passed (0.016 seconds).
Test Case '-[WhoopStoreTests.GenericCaptureStoreTests testSequenceGapAndRollbackDoNotSpendCounters]' started.
Test Case '-[WhoopStoreTests.GenericCaptureStoreTests testSequenceGapAndRollbackDoNotSpendCounters]' passed (0.018 seconds).
Test Case '-[WhoopStoreTests.GenericCaptureStoreTests testSessionCapRetainsProjectedUsageAndAllowsExactBeginRetry]' started.
Test Case '-[WhoopStoreTests.GenericCaptureStoreTests testSessionCapRetainsProjectedUsageAndAllowsExactBeginRetry]' passed (0.269 seconds).
Test Case '-[WhoopStoreTests.GenericCaptureStoreTests testSQLIdentityDeletionCountersAndCompletedWitnessAreImmutable]' started.
Test Case '-[WhoopStoreTests.GenericCaptureStoreTests testSQLIdentityDeletionCountersAndCompletedWitnessAreImmutable]' passed (0.019 seconds).
Test Case '-[WhoopStoreTests.GenericCaptureStoreTests testSQLNullTypesRangesAndInitialStateFailAtomically]' started.
Test Case '-[WhoopStoreTests.GenericCaptureStoreTests testSQLNullTypesRangesAndInitialStateFailAtomically]' passed (0.025 seconds).
Test Case '-[WhoopStoreTests.GenericCaptureStoreTests testSQLSessionUUIDNullOwnerAndInitialCountersFailWithoutSeedingMetadata]' started.
Test Case '-[WhoopStoreTests.GenericCaptureStoreTests testSQLSessionUUIDNullOwnerAndInitialCountersFailWithoutSeedingMetadata]' passed (0.018 seconds).
Test Case '-[WhoopStoreTests.GenericCaptureStoreTests testSwiftEncodingsMatchAllFourSizingFixtures]' started.
Test Case '-[WhoopStoreTests.GenericCaptureStoreTests testSwiftEncodingsMatchAllFourSizingFixtures]' passed (0.019 seconds).
Test Case '-[WhoopStoreTests.GenericCaptureStoreTests testT1ReopenRecoversExactRawEnergyAndTrailingByte]' started.
Test Case '-[WhoopStoreTests.GenericCaptureStoreTests testT1ReopenRecoversExactRawEnergyAndTrailingByte]' passed (0.058 seconds).
Test Case '-[WhoopStoreTests.GenericCaptureStoreTests testT2FailureRollsBackCanonicalAndUploadDebtButKeepsT1]' started.
Test Case '-[WhoopStoreTests.GenericCaptureStoreTests testT2FailureRollsBackCanonicalAndUploadDebtButKeepsT1]' passed (0.018 seconds).
Test Case '-[WhoopStoreTests.GenericCaptureStoreTests testT3FailureReopenReplaysWithoutRefreshingSettledDebt]' started.
Test Case '-[WhoopStoreTests.GenericCaptureStoreTests testT3FailureReopenReplaysWithoutRefreshingSettledDebt]' passed (0.044 seconds).
Test Suite 'GenericCaptureStoreTests' passed at 2026-09-21 23:13:35.565.
	 Executed 26 tests, with 0 failures (0 unexpected) in 4.301 (4.304) seconds
Test Suite 'HistoricalChunkCommitTests' started at 2026-09-21 23:13:35.565.
Test Case '-[WhoopStoreTests.HistoricalChunkCommitTests testActualCommitRejectionRollsBackTheCompleteChunk]' started.
Test Case '-[WhoopStoreTests.HistoricalChunkCommitTests testActualCommitRejectionRollsBackTheCompleteChunk]' passed (0.017 seconds).
Test Case '-[WhoopStoreTests.HistoricalChunkCommitTests testCapacityFailureDoesNotPruneReceiptEligibleEvidenceOnCriticalPath]' started.
Test Case '-[WhoopStoreTests.HistoricalChunkCommitTests testCapacityFailureDoesNotPruneReceiptEligibleEvidenceOnCriticalPath]' passed (0.017 seconds).
Test Case '-[WhoopStoreTests.HistoricalChunkCommitTests testCapturedOwnerAndExactReceiptIdentityRemainAuthoritative]' started.
Test Case '-[WhoopStoreTests.HistoricalChunkCommitTests testCapturedOwnerAndExactReceiptIdentityRemainAuthoritative]' passed (0.020 seconds).
Test Case '-[WhoopStoreTests.HistoricalChunkCommitTests testDueRetentionCannotAddTransactionsToOrdinaryChunk]' started.
Test Case '-[WhoopStoreTests.HistoricalChunkCommitTests testDueRetentionCannotAddTransactionsToOrdinaryChunk]' passed (0.018 seconds).
Test Case '-[WhoopStoreTests.HistoricalChunkCommitTests testEmptyDecodedChunkStillPreservesArchiveAndCursor]' started.
Test Case '-[WhoopStoreTests.HistoricalChunkCommitTests testEmptyDecodedChunkStillPreservesArchiveAndCursor]' passed (0.017 seconds).
Test Case '-[WhoopStoreTests.HistoricalChunkCommitTests testEmptyEndStillWritesOneScopedCursor]' started.
Test Case '-[WhoopStoreTests.HistoricalChunkCommitTests testEmptyEndStillWritesOneScopedCursor]' passed (0.015 seconds).
Test Case '-[WhoopStoreTests.HistoricalChunkCommitTests testEveryRequiredWriteFailureRollsBackRowsArchiveDebtFrontiersAndCursor]' started.
Test Case '-[WhoopStoreTests.HistoricalChunkCommitTests testEveryRequiredWriteFailureRollsBackRowsArchiveDebtFrontiersAndCursor]' passed (0.078 seconds).
Test Case '-[WhoopStoreTests.HistoricalChunkCommitTests testOrdinaryChunkUsesOneFullDurabilityTransactionAndSurvivesReopen]' started.
Test Case '-[WhoopStoreTests.HistoricalChunkCommitTests testOrdinaryChunkUsesOneFullDurabilityTransactionAndSurvivesReopen]' passed (0.055 seconds).
Test Case '-[WhoopStoreTests.HistoricalChunkCommitTests testReplayPreservesOccurrenceIdentityExactBytesAndExistingDebt]' started.
Test Case '-[WhoopStoreTests.HistoricalChunkCommitTests testReplayPreservesOccurrenceIdentityExactBytesAndExistingDebt]' passed (0.020 seconds).
Test Suite 'HistoricalChunkCommitTests' passed at 2026-09-21 23:13:35.823.
	 Executed 9 tests, with 0 failures (0 unexpected) in 0.257 (0.258) seconds
Test Suite 'HistoricalSensorProgressTests' started at 2026-09-21 23:13:35.823.
Test Case '-[WhoopStoreTests.HistoricalSensorProgressTests testAllAdditionalSensorStreamsContributeProgress]' started.
Test Case '-[WhoopStoreTests.HistoricalSensorProgressTests testAllAdditionalSensorStreamsContributeProgress]' passed (0.015 seconds).
Test Case '-[WhoopStoreTests.HistoricalSensorProgressTests testDuplicateReplayDoesNotSpendAuxiliaryOrWaveformRetentionBudget]' started.
Test Case '-[WhoopStoreTests.HistoricalSensorProgressTests testDuplicateReplayDoesNotSpendAuxiliaryOrWaveformRetentionBudget]' passed (0.018 seconds).
Test Case '-[WhoopStoreTests.HistoricalSensorProgressTests testEmptyAuxiliaryPayloadDoesNotClaimProgress]' started.
Test Case '-[WhoopStoreTests.HistoricalSensorProgressTests testEmptyAuxiliaryPayloadDoesNotClaimProgress]' passed (0.014 seconds).
Test Case '-[WhoopStoreTests.HistoricalSensorProgressTests testEventsAndBatteryDoNotEstablishSensorProgress]' started.
Test Case '-[WhoopStoreTests.HistoricalSensorProgressTests testEventsAndBatteryDoNotEstablishSensorProgress]' passed (0.014 seconds).
Test Case '-[WhoopStoreTests.HistoricalSensorProgressTests testLegacyOutcomeDefaultExcludesHousekeepingRows]' started.
Test Case '-[WhoopStoreTests.HistoricalSensorProgressTests testLegacyOutcomeDefaultExcludesHousekeepingRows]' passed (0.000 seconds).
Test Case '-[WhoopStoreTests.HistoricalSensorProgressTests testRawOnlyProgressCountsActualInsertsWithoutScoringDebt]' started.
Test Case '-[WhoopStoreTests.HistoricalSensorProgressTests testRawOnlyProgressCountsActualInsertsWithoutScoringDebt]' passed (0.015 seconds).
Test Case '-[WhoopStoreTests.HistoricalSensorProgressTests testWaveformIgnoresLegacyTimestampFrontierWhenRangeSkipEnabled]' started.
Test Case '-[WhoopStoreTests.HistoricalSensorProgressTests testWaveformIgnoresLegacyTimestampFrontierWhenRangeSkipEnabled]' passed (0.015 seconds).
Test Suite 'HistoricalSensorProgressTests' passed at 2026-09-21 23:13:35.914.
	 Executed 7 tests, with 0 failures (0 unexpected) in 0.091 (0.092) seconds
Test Suite 'HypnogramCoverageTests' started at 2026-09-21 23:13:35.914.
Test Case '-[WhoopStoreTests.HypnogramCoverageTests testBoolBoundConvertsOnBothSides]' started.
Test Case '-[WhoopStoreTests.HypnogramCoverageTests testBoolBoundConvertsOnBothSides]' passed (0.000 seconds).
Test Case '-[WhoopStoreTests.HypnogramCoverageTests testEmptyAndMalformedAreUnmeasurable]' started.
Test Case '-[WhoopStoreTests.HypnogramCoverageTests testEmptyAndMalformedAreUnmeasurable]' passed (0.000 seconds).
Test Case '-[WhoopStoreTests.HypnogramCoverageTests testFractionClampsAboveOne]' started.
Test Case '-[WhoopStoreTests.HypnogramCoverageTests testFractionClampsAboveOne]' passed (0.000 seconds).
Test Case '-[WhoopStoreTests.HypnogramCoverageTests testFractionIsCoveredOverSpan]' started.
Test Case '-[WhoopStoreTests.HypnogramCoverageTests testFractionIsCoveredOverSpan]' passed (0.000 seconds).
Test Case '-[WhoopStoreTests.HypnogramCoverageTests testFractionNilWhenNothingToMeasure]' started.
Test Case '-[WhoopStoreTests.HypnogramCoverageTests testFractionNilWhenNothingToMeasure]' passed (0.000 seconds).
Test Case '-[WhoopStoreTests.HypnogramCoverageTests testGroupFractionAllTimestampFreeIsUnmeasurable]' started.
Test Case '-[WhoopStoreTests.HypnogramCoverageTests testGroupFractionAllTimestampFreeIsUnmeasurable]' passed (0.000 seconds).
Test Case '-[WhoopStoreTests.HypnogramCoverageTests testGroupFractionExcludesTheInterFragmentGap]' started.
Test Case '-[WhoopStoreTests.HypnogramCoverageTests testGroupFractionExcludesTheInterFragmentGap]' passed (0.000 seconds).
Test Case '-[WhoopStoreTests.HypnogramCoverageTests testGroupFractionMatchesTheObservedHoledNight]' started.
Test Case '-[WhoopStoreTests.HypnogramCoverageTests testGroupFractionMatchesTheObservedHoledNight]' passed (0.000 seconds).
Test Case '-[WhoopStoreTests.HypnogramCoverageTests testGroupFractionMixedSourceReadsAsHoled]' started.
Test Case '-[WhoopStoreTests.HypnogramCoverageTests testGroupFractionMixedSourceReadsAsHoled]' passed (0.000 seconds).
Test Case '-[WhoopStoreTests.HypnogramCoverageTests testGroupFractionSumsAcrossBridgedFragments]' started.
Test Case '-[WhoopStoreTests.HypnogramCoverageTests testGroupFractionSumsAcrossBridgedFragments]' passed (0.000 seconds).
Test Case '-[WhoopStoreTests.HypnogramCoverageTests testGroupWithNoTimestampedStagesIsUnmeasurableNotHoled]' started.
Test Case '-[WhoopStoreTests.HypnogramCoverageTests testGroupWithNoTimestampedStagesIsUnmeasurableNotHoled]' passed (0.000 seconds).
Test Case '-[WhoopStoreTests.HypnogramCoverageTests testHealthConnectStageMinArrayIsUnmeasurable]' started.
Test Case '-[WhoopStoreTests.HypnogramCoverageTests testHealthConnectStageMinArrayIsUnmeasurable]' passed (0.000 seconds).
Test Case '-[WhoopStoreTests.HypnogramCoverageTests testHoledTimelineIsDetected]' started.
Test Case '-[WhoopStoreTests.HypnogramCoverageTests testHoledTimelineIsDetected]' passed (0.000 seconds).
Test Case '-[WhoopStoreTests.HypnogramCoverageTests testImportedMinuteDictIsUnmeasurable]' started.
Test Case '-[WhoopStoreTests.HypnogramCoverageTests testImportedMinuteDictIsUnmeasurable]' passed (0.000 seconds).
Test Case '-[WhoopStoreTests.HypnogramCoverageTests testInteriorHoleCounts]' started.
Test Case '-[WhoopStoreTests.HypnogramCoverageTests testInteriorHoleCounts]' passed (0.000 seconds).
Test Case '-[WhoopStoreTests.HypnogramCoverageTests testMixedSourceGroupReadsAsHoled]' started.
Test Case '-[WhoopStoreTests.HypnogramCoverageTests testMixedSourceGroupReadsAsHoled]' passed (0.000 seconds).
Test Case '-[WhoopStoreTests.HypnogramCoverageTests testNonObjectElementMakesThePayloadUnmeasurable]' started.
Test Case '-[WhoopStoreTests.HypnogramCoverageTests testNonObjectElementMakesThePayloadUnmeasurable]' passed (0.000 seconds).
Test Case '-[WhoopStoreTests.HypnogramCoverageTests testNullBoundSkipsTheSegment]' started.
Test Case '-[WhoopStoreTests.HypnogramCoverageTests testNullBoundSkipsTheSegment]' passed (0.000 seconds).
Test Case '-[WhoopStoreTests.HypnogramCoverageTests testPrintedPercentageNeverContradictsTheGate]' started.
Test Case '-[WhoopStoreTests.HypnogramCoverageTests testPrintedPercentageNeverContradictsTheGate]' passed (0.000 seconds).
Test Case '-[WhoopStoreTests.HypnogramCoverageTests testSessionOverloadUsesItsOwnSpan]' started.
Test Case '-[WhoopStoreTests.HypnogramCoverageTests testSessionOverloadUsesItsOwnSpan]' passed (0.000 seconds).
Test Case '-[WhoopStoreTests.HypnogramCoverageTests testStringBoundsAreNotCounted]' started.
Test Case '-[WhoopStoreTests.HypnogramCoverageTests testStringBoundsAreNotCounted]' passed (0.000 seconds).
Test Case '-[WhoopStoreTests.HypnogramCoverageTests testThresholdBoundaryIsInclusive]' started.
Test Case '-[WhoopStoreTests.HypnogramCoverageTests testThresholdBoundaryIsInclusive]' passed (0.000 seconds).
Test Case '-[WhoopStoreTests.HypnogramCoverageTests testTilingTimelineCoversItsSpan]' started.
Test Case '-[WhoopStoreTests.HypnogramCoverageTests testTilingTimelineCoversItsSpan]' passed (0.000 seconds).
Test Case '-[WhoopStoreTests.HypnogramCoverageTests testTimestampedImportIsInScope]' started.
Test Case '-[WhoopStoreTests.HypnogramCoverageTests testTimestampedImportIsInScope]' passed (0.000 seconds).
Test Suite 'HypnogramCoverageTests' passed at 2026-09-21 23:13:35.918.
	 Executed 24 tests, with 0 failures (0 unexpected) in 0.002 (0.003) seconds
Test Suite 'InsertTests' started at 2026-09-21 23:13:35.918.
Test Case '-[WhoopStoreTests.InsertTests testInsertIsIdempotentByNaturalKey]' started.
Test Case '-[WhoopStoreTests.InsertTests testInsertIsIdempotentByNaturalKey]' passed (0.015 seconds).
Test Case '-[WhoopStoreTests.InsertTests testInsertReturnsRowCounts]' started.
Test Case '-[WhoopStoreTests.InsertTests testInsertReturnsRowCounts]' passed (0.015 seconds).
Test Case '-[WhoopStoreTests.InsertTests testTwoDevicesAreIndependent]' started.
Test Case '-[WhoopStoreTests.InsertTests testTwoDevicesAreIndependent]' passed (0.014 seconds).
Test Case '-[WhoopStoreTests.InsertTests testUpsertDeviceUpdatesFields]' started.
Test Case '-[WhoopStoreTests.InsertTests testUpsertDeviceUpdatesFields]' passed (0.014 seconds).
Test Suite 'InsertTests' passed at 2026-09-21 23:13:35.976.
	 Executed 4 tests, with 0 failures (0 unexpected) in 0.058 (0.058) seconds
Test Suite 'IntegratedMigrationTests' started at 2026-09-21 23:13:35.976.
Test Case '-[WhoopStoreTests.IntegratedMigrationTests testPR15UpgradeAppliesOtherFeatureMigrationsWithoutRebuildingPpg]' started.
Test Case '-[WhoopStoreTests.IntegratedMigrationTests testPR15UpgradeAppliesOtherFeatureMigrationsWithoutRebuildingPpg]' passed (0.014 seconds).
Test Case '-[WhoopStoreTests.IntegratedMigrationTests testPR16UpgradePreservesScoreCacheAndLegacyPpgBytes]' started.
Test Case '-[WhoopStoreTests.IntegratedMigrationTests testPR16UpgradePreservesScoreCacheAndLegacyPpgBytes]' passed (0.015 seconds).
Test Suite 'IntegratedMigrationTests' passed at 2026-09-21 23:13:36.005.
	 Executed 2 tests, with 0 failures (0 unexpected) in 0.029 (0.029) seconds
Test Suite 'JournalWorkoutAppleCacheTests' started at 2026-09-21 23:13:36.005.
Test Case '-[WhoopStoreTests.JournalWorkoutAppleCacheTests testAppleDailyDayRangeFilter]' started.
Test Case '-[WhoopStoreTests.JournalWorkoutAppleCacheTests testAppleDailyDayRangeFilter]' passed (0.014 seconds).
Test Case '-[WhoopStoreTests.JournalWorkoutAppleCacheTests testAppleDailyNullableMetricsRoundTripAsNil]' started.
Test Case '-[WhoopStoreTests.JournalWorkoutAppleCacheTests testAppleDailyNullableMetricsRoundTripAsNil]' passed (0.014 seconds).
Test Case '-[WhoopStoreTests.JournalWorkoutAppleCacheTests testAppleDailyUpsertReadAndIdempotency]' started.
Test Case '-[WhoopStoreTests.JournalWorkoutAppleCacheTests testAppleDailyUpsertReadAndIdempotency]' passed (0.014 seconds).
Test Case '-[WhoopStoreTests.JournalWorkoutAppleCacheTests testDeleteJournalTouchesOnlyTheNamedSource]' started.
Test Case '-[WhoopStoreTests.JournalWorkoutAppleCacheTests testDeleteJournalTouchesOnlyTheNamedSource]' passed (0.015 seconds).
Test Case '-[WhoopStoreTests.JournalWorkoutAppleCacheTests testDeleteWorkoutsBySportAndRange]' started.
Test Case '-[WhoopStoreTests.JournalWorkoutAppleCacheTests testDeleteWorkoutsBySportAndRange]' passed (0.015 seconds).
Test Case '-[WhoopStoreTests.JournalWorkoutAppleCacheTests testExistingTablesStillPresentAfterV8]' started.
Test Case '-[WhoopStoreTests.JournalWorkoutAppleCacheTests testExistingTablesStillPresentAfterV8]' passed (0.014 seconds).
Test Case '-[WhoopStoreTests.JournalWorkoutAppleCacheTests testJournalDayRangeAndDeviceFilter]' started.
Test Case '-[WhoopStoreTests.JournalWorkoutAppleCacheTests testJournalDayRangeAndDeviceFilter]' passed (0.015 seconds).
Test Case '-[WhoopStoreTests.JournalWorkoutAppleCacheTests testJournalDistinctQuestionsCoexist]' started.
Test Case '-[WhoopStoreTests.JournalWorkoutAppleCacheTests testJournalDistinctQuestionsCoexist]' passed (0.014 seconds).
Test Case '-[WhoopStoreTests.JournalWorkoutAppleCacheTests testJournalNumericValueRoundTrips]' started.
Test Case '-[WhoopStoreTests.JournalWorkoutAppleCacheTests testJournalNumericValueRoundTrips]' passed (0.015 seconds).
Test Case '-[WhoopStoreTests.JournalWorkoutAppleCacheTests testJournalNumericValueUpdatesOnConflict]' started.
Test Case '-[WhoopStoreTests.JournalWorkoutAppleCacheTests testJournalNumericValueUpdatesOnConflict]' passed (0.015 seconds).
Test Case '-[WhoopStoreTests.JournalWorkoutAppleCacheTests testJournalPlainAnswerHasNilNumericValue]' started.
Test Case '-[WhoopStoreTests.JournalWorkoutAppleCacheTests testJournalPlainAnswerHasNilNumericValue]' passed (0.014 seconds).
Test Case '-[WhoopStoreTests.JournalWorkoutAppleCacheTests testJournalUpsertReadAndIdempotency]' started.
Test Case '-[WhoopStoreTests.JournalWorkoutAppleCacheTests testJournalUpsertReadAndIdempotency]' passed (0.016 seconds).
Test Case '-[WhoopStoreTests.JournalWorkoutAppleCacheTests testSumWorkoutStepsAddsAcrossSameDaySessionsAndIsIdempotent]' started.
Test Case '-[WhoopStoreTests.JournalWorkoutAppleCacheTests testSumWorkoutStepsAddsAcrossSameDaySessionsAndIsIdempotent]' passed (0.014 seconds).
Test Case '-[WhoopStoreTests.JournalWorkoutAppleCacheTests testSumWorkoutStepsIgnoresSteplessSessionsAndOtherDaysAndSources]' started.
Test Case '-[WhoopStoreTests.JournalWorkoutAppleCacheTests testSumWorkoutStepsIgnoresSteplessSessionsAndOtherDaysAndSources]' passed (0.015 seconds).
Test Case '-[WhoopStoreTests.JournalWorkoutAppleCacheTests testUpsertJournalReturnsChangeCount]' started.
Test Case '-[WhoopStoreTests.JournalWorkoutAppleCacheTests testUpsertJournalReturnsChangeCount]' passed (0.017 seconds).
Test Case '-[WhoopStoreTests.JournalWorkoutAppleCacheTests testV20AddsNumericValueColumn]' started.
Test Case '-[WhoopStoreTests.JournalWorkoutAppleCacheTests testV20AddsNumericValueColumn]' passed (0.016 seconds).
Test Case '-[WhoopStoreTests.JournalWorkoutAppleCacheTests testV8CreatesTables]' started.
Test Case '-[WhoopStoreTests.JournalWorkoutAppleCacheTests testV8CreatesTables]' passed (0.015 seconds).
Test Case '-[WhoopStoreTests.JournalWorkoutAppleCacheTests testWorkoutDistinctSportSameStartCoexist]' started.
Test Case '-[WhoopStoreTests.JournalWorkoutAppleCacheTests testWorkoutDistinctSportSameStartCoexist]' passed (0.017 seconds).
Test Case '-[WhoopStoreTests.JournalWorkoutAppleCacheTests testWorkoutNullableMetricsRoundTripAsNil]' started.
Test Case '-[WhoopStoreTests.JournalWorkoutAppleCacheTests testWorkoutNullableMetricsRoundTripAsNil]' passed (0.015 seconds).
Test Case '-[WhoopStoreTests.JournalWorkoutAppleCacheTests testWorkoutRangeAndLimit]' started.
Test Case '-[WhoopStoreTests.JournalWorkoutAppleCacheTests testWorkoutRangeAndLimit]' passed (0.015 seconds).
Test Case '-[WhoopStoreTests.JournalWorkoutAppleCacheTests testWorkoutStepsRoundTrip]' started.
Test Case '-[WhoopStoreTests.JournalWorkoutAppleCacheTests testWorkoutStepsRoundTrip]' passed (0.014 seconds).
Test Case '-[WhoopStoreTests.JournalWorkoutAppleCacheTests testWorkoutUpsertReadAndIdempotency]' started.
Test Case '-[WhoopStoreTests.JournalWorkoutAppleCacheTests testWorkoutUpsertReadAndIdempotency]' passed (0.015 seconds).
Test Suite 'JournalWorkoutAppleCacheTests' passed at 2026-09-21 23:13:36.336.
	 Executed 22 tests, with 0 failures (0 unexpected) in 0.328 (0.330) seconds
Test Suite 'LabMarkerStoreTests' started at 2026-09-21 23:13:36.336.
Test Case '-[WhoopStoreTests.LabMarkerStoreTests testDeleteOneOfManyReProjectsRemainder]' started.
Test Case '-[WhoopStoreTests.LabMarkerStoreTests testDeleteOneOfManyReProjectsRemainder]' passed (0.016 seconds).
Test Case '-[WhoopStoreTests.LabMarkerStoreTests testDeleteRemovesRowAndProjection]' started.
Test Case '-[WhoopStoreTests.LabMarkerStoreTests testDeleteRemovesRowAndProjection]' passed (0.015 seconds).
Test Case '-[WhoopStoreTests.LabMarkerStoreTests testQualitativeReadingDoesNotProject]' started.
Test Case '-[WhoopStoreTests.LabMarkerStoreTests testQualitativeReadingDoesNotProject]' passed (0.016 seconds).
Test Case '-[WhoopStoreTests.LabMarkerStoreTests testSchemaVersionIs18]' started.
Test Case '-[WhoopStoreTests.LabMarkerStoreTests testSchemaVersionIs18]' passed (0.000 seconds).
Test Case '-[WhoopStoreTests.LabMarkerStoreTests testUpsertIdempotentByNaturalKey]' started.
Test Case '-[WhoopStoreTests.LabMarkerStoreTests testUpsertIdempotentByNaturalKey]' passed (0.015 seconds).
Test Case '-[WhoopStoreTests.LabMarkerStoreTests testUpsertReadByMarkerAndCategory]' started.
Test Case '-[WhoopStoreTests.LabMarkerStoreTests testUpsertReadByMarkerAndCategory]' passed (0.015 seconds).
Test Case '-[WhoopStoreTests.LabMarkerStoreTests testV17CreatesIndexes]' started.
Test Case '-[WhoopStoreTests.LabMarkerStoreTests testV17CreatesIndexes]' passed (0.016 seconds).
Test Case '-[WhoopStoreTests.LabMarkerStoreTests testV17CreatesLabMarkerTable]' started.
Test Case '-[WhoopStoreTests.LabMarkerStoreTests testV17CreatesLabMarkerTable]' passed (0.016 seconds).
Test Case '-[WhoopStoreTests.LabMarkerStoreTests testV17IsAdditive]' started.
Test Case '-[WhoopStoreTests.LabMarkerStoreTests testV17IsAdditive]' passed (0.015 seconds).
Test Case '-[WhoopStoreTests.LabMarkerStoreTests testWriteProjectsLatestNumericPerDayToMetricSeries]' started.
Test Case '-[WhoopStoreTests.LabMarkerStoreTests testWriteProjectsLatestNumericPerDayToMetricSeries]' passed (0.014 seconds).
Test Suite 'LabMarkerStoreTests' passed at 2026-09-21 23:13:36.474.
	 Executed 10 tests, with 0 failures (0 unexpected) in 0.137 (0.138) seconds
Test Suite 'LatestSampleTests' started at 2026-09-21 23:13:36.474.
Test Case '-[WhoopStoreTests.LatestSampleTests testLatestHRSampleTsIncludesPpgFallbackRows]' started.
Test Case '-[WhoopStoreTests.LatestSampleTests testLatestHRSampleTsIncludesPpgFallbackRows]' passed (0.014 seconds).
Test Case '-[WhoopStoreTests.LatestSampleTests testLatestHRSampleTsIsScopedToTheRequestedDevice]' started.
Test Case '-[WhoopStoreTests.LatestSampleTests testLatestHRSampleTsIsScopedToTheRequestedDevice]' passed (0.014 seconds).
Test Case '-[WhoopStoreTests.LatestSampleTests testLatestHRSampleTsPrefersNewerMeasuredRowOverOlderPpg]' started.
Test Case '-[WhoopStoreTests.LatestSampleTests testLatestHRSampleTsPrefersNewerMeasuredRowOverOlderPpg]' passed (0.015 seconds).
Test Case '-[WhoopStoreTests.LatestSampleTests testLatestHRSampleTs]' started.
Test Case '-[WhoopStoreTests.LatestSampleTests testLatestHRSampleTs]' passed (0.014 seconds).
Test Suite 'LatestSampleTests' passed at 2026-09-21 23:13:36.532.
	 Executed 4 tests, with 0 failures (0 unexpected) in 0.058 (0.058) seconds
Test Suite 'LiveSessionStoreTests' started at 2026-09-21 23:13:36.532.
Test Case '-[WhoopStoreTests.LiveSessionStoreTests test_charge_may_be_unknown]' started.
Test Case '-[WhoopStoreTests.LiveSessionStoreTests test_charge_may_be_unknown]' passed (0.014 seconds).
Test Case '-[WhoopStoreTests.LiveSessionStoreTests test_in_progress_row_still_accepts_updates]' started.
Test Case '-[WhoopStoreTests.LiveSessionStoreTests test_in_progress_row_still_accepts_updates]' passed (0.014 seconds).
Test Case '-[WhoopStoreTests.LiveSessionStoreTests test_late_start_write_cannot_overwrite_an_ended_row]' started.
Test Case '-[WhoopStoreTests.LiveSessionStoreTests test_late_start_write_cannot_overwrite_an_ended_row]' passed (0.014 seconds).
Test Case '-[WhoopStoreTests.LiveSessionStoreTests test_recent_is_newest_first_and_device_scoped]' started.
Test Case '-[WhoopStoreTests.LiveSessionStoreTests test_recent_is_newest_first_and_device_scoped]' passed (0.015 seconds).
Test Case '-[WhoopStoreTests.LiveSessionStoreTests test_start_then_end_upserts_same_row]' started.
Test Case '-[WhoopStoreTests.LiveSessionStoreTests test_start_then_end_upserts_same_row]' passed (0.014 seconds).
Test Suite 'LiveSessionStoreTests' passed at 2026-09-21 23:13:36.604.
	 Executed 5 tests, with 0 failures (0 unexpected) in 0.071 (0.072) seconds
Test Suite 'MetricSeriesStoreTests' started at 2026-09-21 23:13:36.604.
Test Case '-[WhoopStoreTests.MetricSeriesStoreTests testDeletePointUsesFullNaturalKeyAndIsIdempotent]' started.
Test Case '-[WhoopStoreTests.MetricSeriesStoreTests testDeletePointUsesFullNaturalKeyAndIsIdempotent]' passed (0.014 seconds).
Test Case '-[WhoopStoreTests.MetricSeriesStoreTests testDeleteSeriesIsAtomicToSourceAndKey]' started.
Test Case '-[WhoopStoreTests.MetricSeriesStoreTests testDeleteSeriesIsAtomicToSourceAndKey]' passed (0.014 seconds).
Test Case '-[WhoopStoreTests.MetricSeriesStoreTests testDeviceIsolation]' started.
Test Case '-[WhoopStoreTests.MetricSeriesStoreTests testDeviceIsolation]' passed (0.014 seconds).
Test Case '-[WhoopStoreTests.MetricSeriesStoreTests testExistingTablesStillPresentAfterV9]' started.
Test Case '-[WhoopStoreTests.MetricSeriesStoreTests testExistingTablesStillPresentAfterV9]' passed (0.016 seconds).
Test Case '-[WhoopStoreTests.MetricSeriesStoreTests testIdempotencyAndConflictUpdate]' started.
Test Case '-[WhoopStoreTests.MetricSeriesStoreTests testIdempotencyAndConflictUpdate]' passed (0.015 seconds).
Test Case '-[WhoopStoreTests.MetricSeriesStoreTests testMetricDaysNilWhenAbsent]' started.
Test Case '-[WhoopStoreTests.MetricSeriesStoreTests testMetricDaysNilWhenAbsent]' passed (0.017 seconds).
Test Case '-[WhoopStoreTests.MetricSeriesStoreTests testMetricDaysReturnsEarliestAndLatest]' started.
Test Case '-[WhoopStoreTests.MetricSeriesStoreTests testMetricDaysReturnsEarliestAndLatest]' passed (0.016 seconds).
Test Case '-[WhoopStoreTests.MetricSeriesStoreTests testMetricKeysDistinctAndSorted]' started.
Test Case '-[WhoopStoreTests.MetricSeriesStoreTests testMetricKeysDistinctAndSorted]' passed (0.014 seconds).
Test Case '-[WhoopStoreTests.MetricSeriesStoreTests testMetricKeysEmptyForUnknownDevice]' started.
Test Case '-[WhoopStoreTests.MetricSeriesStoreTests testMetricKeysEmptyForUnknownDevice]' passed (0.014 seconds).
Test Case '-[WhoopStoreTests.MetricSeriesStoreTests testUpsertReadByKeyAndRangeOrdering]' started.
Test Case '-[WhoopStoreTests.MetricSeriesStoreTests testUpsertReadByKeyAndRangeOrdering]' passed (0.014 seconds).
Test Case '-[WhoopStoreTests.MetricSeriesStoreTests testUpsertReturnsChangeCount]' started.
Test Case '-[WhoopStoreTests.MetricSeriesStoreTests testUpsertReturnsChangeCount]' passed (0.015 seconds).
Test Case '-[WhoopStoreTests.MetricSeriesStoreTests testV9CreatesMetricSeriesTable]' started.
Test Case '-[WhoopStoreTests.MetricSeriesStoreTests testV9CreatesMetricSeriesTable]' passed (0.015 seconds).
Test Case '-[WhoopStoreTests.MetricSeriesStoreTests testV9CreatesPerMetricIndex]' started.
Test Case '-[WhoopStoreTests.MetricSeriesStoreTests testV9CreatesPerMetricIndex]' passed (0.014 seconds).
Test Suite 'MetricSeriesStoreTests' passed at 2026-09-21 23:13:36.798.
	 Executed 13 tests, with 0 failures (0 unexpected) in 0.193 (0.194) seconds
Test Suite 'MetricsCacheTests' started at 2026-09-21 23:13:36.798.
Test Case '-[WhoopStoreTests.MetricsCacheTests testApplySleepEditStoresAdjustedOnsetAndSurvivesRecompute]' started.
Test Case '-[WhoopStoreTests.MetricsCacheTests testApplySleepEditStoresAdjustedOnsetAndSurvivesRecompute]' passed (0.015 seconds).
Test Case '-[WhoopStoreTests.MetricsCacheTests testDailyMetricDayRangeFilter]' started.
Test Case '-[WhoopStoreTests.MetricsCacheTests testDailyMetricDayRangeFilter]' passed (0.016 seconds).
Test Case '-[WhoopStoreTests.MetricsCacheTests testDailyMetricUpsertReadAndIdempotency]' started.
Test Case '-[WhoopStoreTests.MetricsCacheTests testDailyMetricUpsertReadAndIdempotency]' passed (0.022 seconds).
Test Case '-[WhoopStoreTests.MetricsCacheTests testDeleteDailyMetricsInRangeKeepsImportedAndOutOfRange]' started.
Test Case '-[WhoopStoreTests.MetricsCacheTests testDeleteDailyMetricsInRangeKeepsImportedAndOutOfRange]' passed (0.015 seconds).
Test Case '-[WhoopStoreTests.MetricsCacheTests testEditedNapStagesAndSurvivesRecomputeNoDuplicate]' started.
Test Case '-[WhoopStoreTests.MetricsCacheTests testEditedNapStagesAndSurvivesRecomputeNoDuplicate]' passed (0.014 seconds).
Test Case '-[WhoopStoreTests.MetricsCacheTests testInsertManualNapCreatesOwnEditedSession]' started.
Test Case '-[WhoopStoreTests.MetricsCacheTests testInsertManualNapCreatesOwnEditedSession]' passed (0.016 seconds).
Test Case '-[WhoopStoreTests.MetricsCacheTests testInsertManualNapDoesNotAlterMainSleep]' started.
Test Case '-[WhoopStoreTests.MetricsCacheTests testInsertManualNapDoesNotAlterMainSleep]' passed (0.016 seconds).
Test Case '-[WhoopStoreTests.MetricsCacheTests testInsertManualNapIsNoopOnConflictingOnset]' started.
Test Case '-[WhoopStoreTests.MetricsCacheTests testInsertManualNapIsNoopOnConflictingOnset]' passed (0.015 seconds).
Test Case '-[WhoopStoreTests.MetricsCacheTests testReadHighwaterRoundTripsUnderDistinctPrefix]' started.
Test Case '-[WhoopStoreTests.MetricsCacheTests testReadHighwaterRoundTripsUnderDistinctPrefix]' passed (0.015 seconds).
Test Case '-[WhoopStoreTests.MetricsCacheTests testRecomputeUpsertPreservesUserEditedBounds]' started.
Test Case '-[WhoopStoreTests.MetricsCacheTests testRecomputeUpsertPreservesUserEditedBounds]' passed (0.015 seconds).
Test Case '-[WhoopStoreTests.MetricsCacheTests testRecomputeUpsertStillOverwritesUnEditedSession]' started.
Test Case '-[WhoopStoreTests.MetricsCacheTests testRecomputeUpsertStillOverwritesUnEditedSession]' passed (0.016 seconds).
Test Case '-[WhoopStoreTests.MetricsCacheTests testSchemaVersionBumped]' started.
Test Case '-[WhoopStoreTests.MetricsCacheTests testSchemaVersionBumped]' passed (0.000 seconds).
Test Case '-[WhoopStoreTests.MetricsCacheTests testSetSleepWakeTimeNoopWhenSessionMissing]' started.
Test Case '-[WhoopStoreTests.MetricsCacheTests testSetSleepWakeTimeNoopWhenSessionMissing]' passed (0.014 seconds).
Test Case '-[WhoopStoreTests.MetricsCacheTests testSetSleepWakeTimeReplacesStagesWhenProvidedAndKeepsThemWhenNil]' started.
Test Case '-[WhoopStoreTests.MetricsCacheTests testSetSleepWakeTimeReplacesStagesWhenProvidedAndKeepsThemWhenNil]' passed (0.016 seconds).
Test Case '-[WhoopStoreTests.MetricsCacheTests testSetSleepWakeTimeUpdatesEndTsAndMarksEdited]' started.
Test Case '-[WhoopStoreTests.MetricsCacheTests testSetSleepWakeTimeUpdatesEndTsAndMarksEdited]' passed (0.017 seconds).
Test Case '-[WhoopStoreTests.MetricsCacheTests testSleepSessionRangeFilter]' started.
Test Case '-[WhoopStoreTests.MetricsCacheTests testSleepSessionRangeFilter]' passed (0.019 seconds).
Test Case '-[WhoopStoreTests.MetricsCacheTests testSleepSessionStagingSparseRoundTrips]' started.
Test Case '-[WhoopStoreTests.MetricsCacheTests testSleepSessionStagingSparseRoundTrips]' passed (0.019 seconds).
Test Case '-[WhoopStoreTests.MetricsCacheTests testSleepSessionUpsertReadAndIdempotency]' started.
Test Case '-[WhoopStoreTests.MetricsCacheTests testSleepSessionUpsertReadAndIdempotency]' passed (0.017 seconds).
Test Case '-[WhoopStoreTests.MetricsCacheTests testUpdateSleepStagesIsNoopOnUneditedRow]' started.
Test Case '-[WhoopStoreTests.MetricsCacheTests testUpdateSleepStagesIsNoopOnUneditedRow]' passed (0.017 seconds).
Test Case '-[WhoopStoreTests.MetricsCacheTests testUpdateSleepStagesReplacesStagesOnlyAndPreservesBounds]' started.
Test Case '-[WhoopStoreTests.MetricsCacheTests testUpdateSleepStagesReplacesStagesOnlyAndPreservesBounds]' passed (0.019 seconds).
Test Case '-[WhoopStoreTests.MetricsCacheTests testUserEditedDefaultsFalseAndRoundTrips]' started.
Test Case '-[WhoopStoreTests.MetricsCacheTests testUserEditedDefaultsFalseAndRoundTrips]' passed (0.018 seconds).
Test Case '-[WhoopStoreTests.MetricsCacheTests testV11ColumnsPresent]' started.
Test Case '-[WhoopStoreTests.MetricsCacheTests testV11ColumnsPresent]' passed (0.015 seconds).
Test Case '-[WhoopStoreTests.MetricsCacheTests testV11ColumnsRoundTrip]' started.
Test Case '-[WhoopStoreTests.MetricsCacheTests testV11ColumnsRoundTrip]' passed (0.015 seconds).
Test Case '-[WhoopStoreTests.MetricsCacheTests testV13UserEditedColumnPresent]' started.
Test Case '-[WhoopStoreTests.MetricsCacheTests testV13UserEditedColumnPresent]' passed (0.015 seconds).
Test Case '-[WhoopStoreTests.MetricsCacheTests testV31AvgSdnnColumnPresent]' started.
Test Case '-[WhoopStoreTests.MetricsCacheTests testV31AvgSdnnColumnPresent]' passed (0.014 seconds).
Test Case '-[WhoopStoreTests.MetricsCacheTests testV31AvgSdnnRoundTrip]' started.
Test Case '-[WhoopStoreTests.MetricsCacheTests testV31AvgSdnnRoundTrip]' passed (0.015 seconds).
Test Case '-[WhoopStoreTests.MetricsCacheTests testV31AvgSdnnUpsertUpdates]' started.
Test Case '-[WhoopStoreTests.MetricsCacheTests testV31AvgSdnnUpsertUpdates]' passed (0.016 seconds).
Test Case '-[WhoopStoreTests.MetricsCacheTests testV4CreatesDerivedTables]' started.
Test Case '-[WhoopStoreTests.MetricsCacheTests testV4CreatesDerivedTables]' passed (0.014 seconds).
Test Case '-[WhoopStoreTests.MetricsCacheTests testV7ColumnsNilWhenAbsent]' started.
Test Case '-[WhoopStoreTests.MetricsCacheTests testV7ColumnsNilWhenAbsent]' passed (0.016 seconds).
Test Case '-[WhoopStoreTests.MetricsCacheTests testV7ColumnsRoundTrip]' started.
Test Case '-[WhoopStoreTests.MetricsCacheTests testV7ColumnsRoundTrip]' passed (0.014 seconds).
Test Case '-[WhoopStoreTests.MetricsCacheTests testV7UpsertUpdatesNewColumns]' started.
Test Case '-[WhoopStoreTests.MetricsCacheTests testV7UpsertUpdatesNewColumns]' passed (0.015 seconds).
Test Suite 'MetricsCacheTests' passed at 2026-09-21 23:13:37.281.
	 Executed 31 tests, with 0 failures (0 unexpected) in 0.480 (0.483) seconds
Test Suite 'MigrationTests' started at 2026-09-21 23:13:37.281.
Test Case '-[WhoopStoreTests.MigrationTests testEqualIntervalsInOneRecordSurviveOnlyWhenTheRecordIsOneInsert]' started.
Test Case '-[WhoopStoreTests.MigrationTests testEqualIntervalsInOneRecordSurviveOnlyWhenTheRecordIsOneInsert]' passed (0.015 seconds).
Test Case '-[WhoopStoreTests.MigrationTests testFileInitRunsMigrations]' started.
Test Case '-[WhoopStoreTests.MigrationTests testFileInitRunsMigrations]' passed (0.041 seconds).
Test Case '-[WhoopStoreTests.MigrationTests testHrSamplePrimaryKeyIsDeviceIdTs]' started.
Test Case '-[WhoopStoreTests.MigrationTests testHrSamplePrimaryKeyIsDeviceIdTs]' passed (0.014 seconds).
Test Case '-[WhoopStoreTests.MigrationTests testInMemoryRunsMigrations]' started.
Test Case '-[WhoopStoreTests.MigrationTests testInMemoryRunsMigrations]' passed (0.014 seconds).
Test Case '-[WhoopStoreTests.MigrationTests testRrIntervalPrimaryKeyIncludesSeq]' started.
Test Case '-[WhoopStoreTests.MigrationTests testRrIntervalPrimaryKeyIncludesSeq]' passed (0.014 seconds).
Test Case '-[WhoopStoreTests.MigrationTests testV13AddsUserEditedColumnToSleepSession]' started.
Test Case '-[WhoopStoreTests.MigrationTests testV13AddsUserEditedColumnToSleepSession]' passed (0.015 seconds).
Test Case '-[WhoopStoreTests.MigrationTests testV14AddsStartTsAdjustedColumnToSleepSession]' started.
Test Case '-[WhoopStoreTests.MigrationTests testV14AddsStartTsAdjustedColumnToSleepSession]' passed (0.014 seconds).
Test Case '-[WhoopStoreTests.MigrationTests testV16AddsPeripheralIdColumnToPairedDevice]' started.
Test Case '-[WhoopStoreTests.MigrationTests testV16AddsPeripheralIdColumnToPairedDevice]' passed (0.015 seconds).
Test Case '-[WhoopStoreTests.MigrationTests testV24AddsSeqColumnToRrInterval]' started.
Test Case '-[WhoopStoreTests.MigrationTests testV24AddsSeqColumnToRrInterval]' passed (0.015 seconds).
Test Case '-[WhoopStoreTests.MigrationTests testV24DistinctBeatsAllKept]' started.
Test Case '-[WhoopStoreTests.MigrationTests testV24DistinctBeatsAllKept]' passed (0.015 seconds).
Test Case '-[WhoopStoreTests.MigrationTests testV24KeepsEqualSameSecondBeats]' started.
Test Case '-[WhoopStoreTests.MigrationTests testV24KeepsEqualSameSecondBeats]' passed (0.016 seconds).
Test Case '-[WhoopStoreTests.MigrationTests testV26HealsEfficiencyPercentToFraction]' started.
Test Case '-[WhoopStoreTests.MigrationTests testV26HealsEfficiencyPercentToFraction]' passed (0.015 seconds).
Test Case '-[WhoopStoreTests.MigrationTests testV30AddsOrdColumnAndKeepsItOutOfThePrimaryKey]' started.
Test Case '-[WhoopStoreTests.MigrationTests testV30AddsOrdColumnAndKeepsItOutOfThePrimaryKey]' passed (0.015 seconds).
Test Case '-[WhoopStoreTests.MigrationTests testV30LegacyNullOrdRowsKeepTheOldDeterministicOrder]' started.
Test Case '-[WhoopStoreTests.MigrationTests testV30LegacyNullOrdRowsKeepTheOldDeterministicOrder]' passed (0.015 seconds).
Test Case '-[WhoopStoreTests.MigrationTests testV30MixedLegacyAndOrderedRowsAreDeterministic]' started.
Test Case '-[WhoopStoreTests.MigrationTests testV30MixedLegacyAndOrderedRowsAreDeterministic]' passed (0.016 seconds).
Test Case '-[WhoopStoreTests.MigrationTests testV30OrdIsBatchLocalSoOneInsertPerBeatRecordsNoOrder]' started.
Test Case '-[WhoopStoreTests.MigrationTests testV30OrdIsBatchLocalSoOneInsertPerBeatRecordsNoOrder]' passed (0.022 seconds).
Test Case '-[WhoopStoreTests.MigrationTests testV30ReadsSameSecondBeatsInEmissionOrder]' started.
Test Case '-[WhoopStoreTests.MigrationTests testV30ReadsSameSecondBeatsInEmissionOrder]' passed (0.015 seconds).
Test Case '-[WhoopStoreTests.MigrationTests testV5AddsSyncedColumnToDecodedTables]' started.
Test Case '-[WhoopStoreTests.MigrationTests testV5AddsSyncedColumnToDecodedTables]' passed (0.015 seconds).
Test Suite 'MigrationTests' passed at 2026-09-21 23:13:37.585.
	 Executed 18 tests, with 0 failures (0 unexpected) in 0.302 (0.304) seconds
Test Suite 'OuraActivityDumpLineTests' started at 2026-09-21 23:13:37.585.
Test Case '-[WhoopStoreTests.OuraActivityDumpLineTests testEachLineIsValidJSON]' started.
Test Case '-[WhoopStoreTests.OuraActivityDumpLineTests testEachLineIsValidJSON]' passed (0.000 seconds).
Test Case '-[WhoopStoreTests.OuraActivityDumpLineTests testEmptyMetIsEmptyArray]' started.
Test Case '-[WhoopStoreTests.OuraActivityDumpLineTests testEmptyMetIsEmptyArray]' passed (0.000 seconds).
Test Case '-[WhoopStoreTests.OuraActivityDumpLineTests testEncodesFixedShapeVerbatim]' started.
Test Case '-[WhoopStoreTests.OuraActivityDumpLineTests testEncodesFixedShapeVerbatim]' passed (0.000 seconds).
Test Suite 'OuraActivityDumpLineTests' passed at 2026-09-21 23:13:37.585.
	 Executed 3 tests, with 0 failures (0 unexpected) in 0.000 (0.000) seconds
Test Suite 'OuraMotionDumpLineTests' started at 2026-09-21 23:13:37.585.
Test Case '-[WhoopStoreTests.OuraMotionDumpLineTests testEncodeFixedKeyOrderAndValues]' started.
Test Case '-[WhoopStoreTests.OuraMotionDumpLineTests testEncodeFixedKeyOrderAndValues]' passed (0.000 seconds).
Test Case '-[WhoopStoreTests.OuraMotionDumpLineTests testEncodeNullIntensityIsValidJSON]' started.
Test Case '-[WhoopStoreTests.OuraMotionDumpLineTests testEncodeNullIntensityIsValidJSON]' passed (0.000 seconds).
Test Suite 'OuraMotionDumpLineTests' passed at 2026-09-21 23:13:37.585.
	 Executed 2 tests, with 0 failures (0 unexpected) in 0.000 (0.000) seconds
Test Suite 'OuraRawDumpLineTests' started at 2026-09-21 23:13:37.585.
Test Case '-[WhoopStoreTests.OuraRawDumpLineTests testEachLineIsValidJSON]' started.
Test Case '-[WhoopStoreTests.OuraRawDumpLineTests testEachLineIsValidJSON]' passed (0.000 seconds).
Test Case '-[WhoopStoreTests.OuraRawDumpLineTests testEmptyBytesIsEmptyHex]' started.
Test Case '-[WhoopStoreTests.OuraRawDumpLineTests testEmptyBytesIsEmptyHex]' passed (0.000 seconds).
Test Case '-[WhoopStoreTests.OuraRawDumpLineTests testEncodesFixedShapeVerbatim]' started.
Test Case '-[WhoopStoreTests.OuraRawDumpLineTests testEncodesFixedShapeVerbatim]' passed (0.000 seconds).
Test Case '-[WhoopStoreTests.OuraRawDumpLineTests testHexIsContiguousLowercaseZeroPadded]' started.
Test Case '-[WhoopStoreTests.OuraRawDumpLineTests testHexIsContiguousLowercaseZeroPadded]' passed (0.000 seconds).
Test Suite 'OuraRawDumpLineTests' passed at 2026-09-21 23:13:37.586.
	 Executed 4 tests, with 0 failures (0 unexpected) in 0.000 (0.000) seconds
Test Suite 'OuraRawStoreTests' started at 2026-09-21 23:13:37.586.
Test Case '-[WhoopStoreTests.OuraRawStoreTests testDeleteOuraRawRemovesAllForDevice]' started.
Test Case '-[WhoopStoreTests.OuraRawStoreTests testDeleteOuraRawRemovesAllForDevice]' passed (0.015 seconds).
Test Case '-[WhoopStoreTests.OuraRawStoreTests testUpsertIsIdempotentByNaturalKey]' started.
Test Case '-[WhoopStoreTests.OuraRawStoreTests testUpsertIsIdempotentByNaturalKey]' passed (0.014 seconds).
Test Suite 'OuraRawStoreTests' passed at 2026-09-21 23:13:37.615.
	 Executed 2 tests, with 0 failures (0 unexpected) in 0.029 (0.029) seconds
Test Suite 'OuraRealStepsDumpLineTests' started at 2026-09-21 23:13:37.615.
Test Case '-[WhoopStoreTests.OuraRealStepsDumpLineTests testEncodeEmptyFieldsIsValidJSON]' started.
Test Case '-[WhoopStoreTests.OuraRealStepsDumpLineTests testEncodeEmptyFieldsIsValidJSON]' passed (0.000 seconds).
Test Case '-[WhoopStoreTests.OuraRealStepsDumpLineTests testEncodeFixedKeyOrderAndValues]' started.
Test Case '-[WhoopStoreTests.OuraRealStepsDumpLineTests testEncodeFixedKeyOrderAndValues]' passed (0.000 seconds).
Test Suite 'OuraRealStepsDumpLineTests' passed at 2026-09-21 23:13:37.615.
	 Executed 2 tests, with 0 failures (0 unexpected) in 0.000 (0.000) seconds
Test Suite 'OuraRespScaleTests' started at 2026-09-21 23:13:37.615.
Test Case '-[WhoopStoreTests.OuraRespScaleTests testDisplayValueScalesOnlyTheRingsRows]' started.
Test Case '-[WhoopStoreTests.OuraRespScaleTests testDisplayValueScalesOnlyTheRingsRows]' passed (0.000 seconds).
Test Case '-[WhoopStoreTests.OuraRespScaleTests testEveryWireValueIsExactInMilliBpm]' started.
Test Case '-[WhoopStoreTests.OuraRespScaleTests testEveryWireValueIsExactInMilliBpm]' passed (0.000 seconds).
Test Case '-[WhoopStoreTests.OuraRespScaleTests testObservedNightMediansMapAsWritten]' started.
Test Case '-[WhoopStoreTests.OuraRespScaleTests testObservedNightMediansMapAsWritten]' passed (0.000 seconds).
Test Case '-[WhoopStoreTests.OuraRespScaleTests testOnlyARingsRowsAreARate]' started.
Test Case '-[WhoopStoreTests.OuraRespScaleTests testOnlyARingsRowsAreARate]' passed (0.000 seconds).
Test Case '-[WhoopStoreTests.OuraRespScaleTests testRingRespirationIsRefusedForScoringAndWhoopIsUntouched]' started.
Test Case '-[WhoopStoreTests.OuraRespScaleTests testRingRespirationIsRefusedForScoringAndWhoopIsUntouched]' passed (0.000 seconds).
Test Suite 'OuraRespScaleTests' passed at 2026-09-21 23:13:37.616.
	 Executed 5 tests, with 0 failures (0 unexpected) in 0.000 (0.001) seconds
Test Suite 'OuraSleepSessionMappingTests' started at 2026-09-21 23:13:37.616.
Test Case '-[WhoopStoreTests.OuraSleepSessionMappingTests testAdjacentEqualStagesMergeIntoOneSegment]' started.
Test Case '-[WhoopStoreTests.OuraSleepSessionMappingTests testAdjacentEqualStagesMergeIntoOneSegment]' passed (0.000 seconds).
Test Case '-[WhoopStoreTests.OuraSleepSessionMappingTests testAllAwakeIsZeroEfficiencyNotNil]' started.
Test Case '-[WhoopStoreTests.OuraSleepSessionMappingTests testAllAwakeIsZeroEfficiencyNotNil]' passed (0.000 seconds).
Test Case '-[WhoopStoreTests.OuraSleepSessionMappingTests testBoundsAreFirstTsToLastTsPlusEpoch]' started.
Test Case '-[WhoopStoreTests.OuraSleepSessionMappingTests testBoundsAreFirstTsToLastTsPlusEpoch]' passed (0.000 seconds).
Test Case '-[WhoopStoreTests.OuraSleepSessionMappingTests testEfficiencyIsAsleepOverInBed]' started.
Test Case '-[WhoopStoreTests.OuraSleepSessionMappingTests testEfficiencyIsAsleepOverInBed]' passed (0.000 seconds).
Test Case '-[WhoopStoreTests.OuraSleepSessionMappingTests testEmptySequenceYieldsNoSession]' started.
Test Case '-[WhoopStoreTests.OuraSleepSessionMappingTests testEmptySequenceYieldsNoSession]' passed (0.000 seconds).
Test Case '-[WhoopStoreTests.OuraSleepSessionMappingTests testStageTokensMatchOnDeviceStagerConvention]' started.
Test Case '-[WhoopStoreTests.OuraSleepSessionMappingTests testStageTokensMatchOnDeviceStagerConvention]' passed (0.000 seconds).
Test Suite 'OuraSleepSessionMappingTests' passed at 2026-09-21 23:13:37.617.
	 Executed 6 tests, with 0 failures (0 unexpected) in 0.000 (0.001) seconds
Test Suite 'OuraStreamMappingTests' started at 2026-09-21 23:13:37.617.
Test Case '-[WhoopStoreTests.OuraStreamMappingTests testBatchedFoldsInterleavedSameSecondEventsIntoOneBatch]' started.
Test Case '-[WhoopStoreTests.OuraStreamMappingTests testBatchedFoldsInterleavedSameSecondEventsIntoOneBatch]' passed (0.000 seconds).
Test Case '-[WhoopStoreTests.OuraStreamMappingTests testBatchedGroupsOneRecordsBeatsIntoASingleBatch]' started.
Test Case '-[WhoopStoreTests.OuraStreamMappingTests testBatchedGroupsOneRecordsBeatsIntoASingleBatch]' passed (0.000 seconds).
Test Case '-[WhoopStoreTests.OuraStreamMappingTests testBatchedKeepsDistinctTimestampsSeparateAndInArrivalOrder]' started.
Test Case '-[WhoopStoreTests.OuraStreamMappingTests testBatchedKeepsDistinctTimestampsSeparateAndInArrivalOrder]' passed (0.000 seconds).
Test Case '-[WhoopStoreTests.OuraStreamMappingTests testBatchedOnEmptyInputYieldsNoBatches]' started.
Test Case '-[WhoopStoreTests.OuraStreamMappingTests testBatchedOnEmptyInputYieldsNoBatches]' passed (0.000 seconds).
Test Case '-[WhoopStoreTests.OuraStreamMappingTests testBatteryMapsToBatterySample]' started.
Test Case '-[WhoopStoreTests.OuraStreamMappingTests testBatteryMapsToBatterySample]' passed (0.000 seconds).
Test Case '-[WhoopStoreTests.OuraStreamMappingTests testBatteryWithoutVoltageOrChargingStaysNil]' started.
Test Case '-[WhoopStoreTests.OuraStreamMappingTests testBatteryWithoutVoltageOrChargingStaysNil]' passed (0.000 seconds).
Test Case '-[WhoopStoreTests.OuraStreamMappingTests testEmptyBatchYieldsEmptyStreams]' started.
Test Case '-[WhoopStoreTests.OuraStreamMappingTests testEmptyBatchYieldsEmptyStreams]' passed (0.000 seconds).
Test Case '-[WhoopStoreTests.OuraStreamMappingTests testEveryWireBreathValueRoundTripsExactly]' started.
Test Case '-[WhoopStoreTests.OuraStreamMappingTests testEveryWireBreathValueRoundTripsExactly]' passed (0.000 seconds).
Test Case '-[WhoopStoreTests.OuraStreamMappingTests testHRMapsToHRStreamStampedAtArrival]' started.
Test Case '-[WhoopStoreTests.OuraStreamMappingTests testHRMapsToHRStreamStampedAtArrival]' passed (0.000 seconds).
Test Case '-[WhoopStoreTests.OuraStreamMappingTests testHRVDroppedPaddingPairStillConsumesItsSlot]' started.
Test Case '-[WhoopStoreTests.OuraStreamMappingTests testHRVDroppedPaddingPairStillConsumesItsSlot]' passed (0.000 seconds).
Test Case '-[WhoopStoreTests.OuraStreamMappingTests testHRVMapsToEventWithHrAndRmssd]' started.
Test Case '-[WhoopStoreTests.OuraStreamMappingTests testHRVMapsToEventWithHrAndRmssd]' passed (0.000 seconds).
Test Case '-[WhoopStoreTests.OuraStreamMappingTests testHRVMultiBucketGetsDistinctFiveMinTimestamps]' started.
Test Case '-[WhoopStoreTests.OuraStreamMappingTests testHRVMultiBucketGetsDistinctFiveMinTimestamps]' passed (0.000 seconds).
Test Case '-[WhoopStoreTests.OuraStreamMappingTests testIBIMapsToRRStream]' started.
Test Case '-[WhoopStoreTests.OuraStreamMappingTests testIBIMapsToRRStream]' passed (0.000 seconds).
Test Case '-[WhoopStoreTests.OuraStreamMappingTests testMixedBatchPopulatesEachStreamIndependently]' started.
Test Case '-[WhoopStoreTests.OuraStreamMappingTests testMixedBatchPopulatesEachStreamIndependently]' passed (0.000 seconds).
Test Case '-[WhoopStoreTests.OuraStreamMappingTests testMotionMapsToOuraMotionEvent]' started.
Test Case '-[WhoopStoreTests.OuraStreamMappingTests testMotionMapsToOuraMotionEvent]' passed (0.000 seconds).
Test Case '-[WhoopStoreTests.OuraStreamMappingTests testMotionShortRecordOmitsIntensityKeys]' started.
Test Case '-[WhoopStoreTests.OuraStreamMappingTests testMotionShortRecordOmitsIntensityKeys]' passed (0.000 seconds).
Test Case '-[WhoopStoreTests.OuraStreamMappingTests testSleepPeriodInfoMapsBreathToRespirationAndNothingElse]' started.
Test Case '-[WhoopStoreTests.OuraStreamMappingTests testSleepPeriodInfoMapsBreathToRespirationAndNothingElse]' passed (0.000 seconds).
Test Case '-[WhoopStoreTests.OuraStreamMappingTests testSleepPeriodInfoRecordsKeepTheirOwnTimestamps]' started.
Test Case '-[WhoopStoreTests.OuraStreamMappingTests testSleepPeriodInfoRecordsKeepTheirOwnTimestamps]' passed (0.000 seconds).
Test Case '-[WhoopStoreTests.OuraStreamMappingTests testSleepPhaseMapsToEventWithPhaseCode]' started.
Test Case '-[WhoopStoreTests.OuraStreamMappingTests testSleepPhaseMapsToEventWithPhaseCode]' passed (0.000 seconds).
Test Case '-[WhoopStoreTests.OuraStreamMappingTests testSpO2AdjacentRecordsTileAtTheNominalCadence]' started.
Test Case '-[WhoopStoreTests.OuraStreamMappingTests testSpO2AdjacentRecordsTileAtTheNominalCadence]' passed (0.000 seconds).
Test Case '-[WhoopStoreTests.OuraStreamMappingTests testSpO2MapsToSpO2StreamPreservingUnit]' started.
Test Case '-[WhoopStoreTests.OuraStreamMappingTests testSpO2MapsToSpO2StreamPreservingUnit]' passed (0.000 seconds).
Test Case '-[WhoopStoreTests.OuraStreamMappingTests testSpO2PerSampleRecordGetsThirteenDistinctSeconds]' started.
Test Case '-[WhoopStoreTests.OuraStreamMappingTests testSpO2PerSampleRecordGetsThirteenDistinctSeconds]' passed (0.000 seconds).
Test Case '-[WhoopStoreTests.OuraStreamMappingTests testSpO2TightCadenceOverlapsByExactlyOneSecond]' started.
Test Case '-[WhoopStoreTests.OuraStreamMappingTests testSpO2TightCadenceOverlapsByExactlyOneSecond]' passed (0.000 seconds).
Test Case '-[WhoopStoreTests.OuraStreamMappingTests testTempMapsToSkinTempAsCentiC]' started.
Test Case '-[WhoopStoreTests.OuraStreamMappingTests testTempMapsToSkinTempAsCentiC]' passed (0.000 seconds).
Test Case '-[WhoopStoreTests.OuraStreamMappingTests testTierBAndDiagnosticEventsAreDropped]' started.
Test Case '-[WhoopStoreTests.OuraStreamMappingTests testTierBAndDiagnosticEventsAreDropped]' passed (0.000 seconds).
Test Suite 'OuraStreamMappingTests' passed at 2026-09-21 23:13:37.620.
	 Executed 25 tests, with 0 failures (0 unexpected) in 0.002 (0.003) seconds
Test Suite 'PairedDeviceSourceKindTests' started at 2026-09-21 23:13:37.620.
Test Case '-[WhoopStoreTests.PairedDeviceSourceKindTests testLiveAppleWatchSourceKindExists]' started.
Test Case '-[WhoopStoreTests.PairedDeviceSourceKindTests testLiveAppleWatchSourceKindExists]' passed (0.000 seconds).
Test Suite 'PairedDeviceSourceKindTests' passed at 2026-09-21 23:13:37.620.
	 Executed 1 test, with 0 failures (0 unexpected) in 0.000 (0.000) seconds
Test Suite 'PpgHrSampleTests' started at 2026-09-21 23:13:37.620.
Test Case '-[WhoopStoreTests.PpgHrSampleTests testHrBucketsCoalescesPpgWhereNoMeasuredHr]' started.
Test Case '-[WhoopStoreTests.PpgHrSampleTests testHrBucketsCoalescesPpgWhereNoMeasuredHr]' passed (0.015 seconds).
Test Case '-[WhoopStoreTests.PpgHrSampleTests testHrBucketsUnchangedWithoutPpg]' started.
Test Case '-[WhoopStoreTests.PpgHrSampleTests testHrBucketsUnchangedWithoutPpg]' passed (0.014 seconds).
Test Case '-[WhoopStoreTests.PpgHrSampleTests testHrSamplesCoalescesPpgWhereNoMeasuredHr]' started.
Test Case '-[WhoopStoreTests.PpgHrSampleTests testHrSamplesCoalescesPpgWhereNoMeasuredHr]' passed (0.014 seconds).
Test Case '-[WhoopStoreTests.PpgHrSampleTests testHrSamplesReturnsPpgRowsForPpgOnlyNight]' started.
Test Case '-[WhoopStoreTests.PpgHrSampleTests testHrSamplesReturnsPpgRowsForPpgOnlyNight]' passed (0.017 seconds).
Test Case '-[WhoopStoreTests.PpgHrSampleTests testPpgHrInsertRoundTripAndDedup]' started.
Test Case '-[WhoopStoreTests.PpgHrSampleTests testPpgHrInsertRoundTripAndDedup]' passed (0.014 seconds).
Test Case '-[WhoopStoreTests.PpgHrSampleTests testPpgHrPrimaryKeyIsDeviceIdTs]' started.
Test Case '-[WhoopStoreTests.PpgHrSampleTests testPpgHrPrimaryKeyIsDeviceIdTs]' passed (0.015 seconds).
Test Case '-[WhoopStoreTests.PpgHrSampleTests testV12CreatesPpgHrTable]' started.
Test Case '-[WhoopStoreTests.PpgHrSampleTests testV12CreatesPpgHrTable]' passed (0.016 seconds).
Test Suite 'PpgHrSampleTests' passed at 2026-09-21 23:13:37.727.
	 Executed 7 tests, with 0 failures (0 unexpected) in 0.106 (0.107) seconds
Test Suite 'PpgSchemaCompatibilityTests' started at 2026-09-21 23:13:37.727.
Test Case '-[WhoopStoreTests.PpgSchemaCompatibilityTests testCopiedPhoneDatabaseAcceptsMixedHistoryAndIdempotentReplay]' started.
/Volumes/Untitled/WHOOP NARA-vps-only-compute/Packages/WhoopStore/Tests/WhoopStoreTests/PpgSchemaCompatibilityTests.swift:86: -[WhoopStoreTests.PpgSchemaCompatibilityTests testCopiedPhoneDatabaseAcceptsMixedHistoryAndIdempotentReplay] : Test skipped - Requires a disposable copy of the phone database
Test Case '-[WhoopStoreTests.PpgSchemaCompatibilityTests testCopiedPhoneDatabaseAcceptsMixedHistoryAndIdempotentReplay]' skipped (0.001 seconds).
Test Case '-[WhoopStoreTests.PpgSchemaCompatibilityTests testLegacyMigrationPreservesBytesAndRowIDsUsedByUploadCursors]' started.
Test Case '-[WhoopStoreTests.PpgSchemaCompatibilityTests testLegacyMigrationPreservesBytesAndRowIDsUsedByUploadCursors]' passed (0.015 seconds).
Test Case '-[WhoopStoreTests.PpgSchemaCompatibilityTests testResearchSchemaReopensWithoutLosingSameSecondRecords]' started.
Test Case '-[WhoopStoreTests.PpgSchemaCompatibilityTests testResearchSchemaReopensWithoutLosingSameSecondRecords]' passed (0.042 seconds).
Test Suite 'PpgSchemaCompatibilityTests' passed at 2026-09-21 23:13:37.785.
	 Executed 3 tests, with 1 test skipped and 0 failures (0 unexpected) in 0.058 (0.058) seconds
Test Suite 'PpgWaveformSampleTests' started at 2026-09-21 23:13:37.785.
Test Case '-[WhoopStoreTests.PpgWaveformSampleTests testNoWaveformRowsMeansNoRetentionSweep]' started.
Test Case '-[WhoopStoreTests.PpgWaveformSampleTests testNoWaveformRowsMeansNoRetentionSweep]' passed (0.015 seconds).
Test Case '-[WhoopStoreTests.PpgWaveformSampleTests testPackUnpackPpgSamplesRoundTrips]' started.
Test Case '-[WhoopStoreTests.PpgWaveformSampleTests testPackUnpackPpgSamplesRoundTrips]' passed (0.000 seconds).
Test Case '-[WhoopStoreTests.PpgWaveformSampleTests testPpgWaveformEmptySamplesStillInsertsRow]' started.
Test Case '-[WhoopStoreTests.PpgWaveformSampleTests testPpgWaveformEmptySamplesStillInsertsRow]' passed (0.015 seconds).
Test Case '-[WhoopStoreTests.PpgWaveformSampleTests testPpgWaveformHandlesShortSampleArray]' started.
Test Case '-[WhoopStoreTests.PpgWaveformSampleTests testPpgWaveformHandlesShortSampleArray]' passed (0.014 seconds).
Test Case '-[WhoopStoreTests.PpgWaveformSampleTests testPpgWaveformInsertRoundTripAndDedup]' started.
Test Case '-[WhoopStoreTests.PpgWaveformSampleTests testPpgWaveformInsertRoundTripAndDedup]' passed (0.014 seconds).
Test Case '-[WhoopStoreTests.PpgWaveformSampleTests testPpgWaveformPrimaryKeyIncludesWireRecordIdentity]' started.
Test Case '-[WhoopStoreTests.PpgWaveformSampleTests testPpgWaveformPrimaryKeyIncludesWireRecordIdentity]' passed (0.014 seconds).
Test Case '-[WhoopStoreTests.PpgWaveformSampleTests testPpgWaveformReadRespectsRangeAndDeviceScope]' started.
Test Case '-[WhoopStoreTests.PpgWaveformSampleTests testPpgWaveformReadRespectsRangeAndDeviceScope]' passed (0.015 seconds).
Test Case '-[WhoopStoreTests.PpgWaveformSampleTests testPpgWaveformTableShape]' started.
Test Case '-[WhoopStoreTests.PpgWaveformSampleTests testPpgWaveformTableShape]' passed (0.014 seconds).
Test Case '-[WhoopStoreTests.PpgWaveformSampleTests testProductionRetentionCapIsAWeekOfStrapSeconds]' started.
Test Case '-[WhoopStoreTests.PpgWaveformSampleTests testProductionRetentionCapIsAWeekOfStrapSeconds]' passed (0.000 seconds).
Test Case '-[WhoopStoreTests.PpgWaveformSampleTests testRetentionBudgetIsNotSharedBetweenDevices]' started.
Test Case '-[WhoopStoreTests.PpgWaveformSampleTests testRetentionBudgetIsNotSharedBetweenDevices]' passed (0.016 seconds).
Test Case '-[WhoopStoreTests.PpgWaveformSampleTests testRetentionCounterResetsAfterEachSweep]' started.
Test Case '-[WhoopStoreTests.PpgWaveformSampleTests testRetentionCounterResetsAfterEachSweep]' passed (0.018 seconds).
Test Case '-[WhoopStoreTests.PpgWaveformSampleTests testRetentionDoesNotSweepUnderTheThreshold]' started.
Test Case '-[WhoopStoreTests.PpgWaveformSampleTests testRetentionDoesNotSweepUnderTheThreshold]' passed (0.017 seconds).
Test Case '-[WhoopStoreTests.PpgWaveformSampleTests testRetentionKeepsTheNewestRows]' started.
Test Case '-[WhoopStoreTests.PpgWaveformSampleTests testRetentionKeepsTheNewestRows]' passed (0.017 seconds).
Test Case '-[WhoopStoreTests.PpgWaveformSampleTests testRetentionSweepDoesNotEvictAnotherDevicesRows]' started.
Test Case '-[WhoopStoreTests.PpgWaveformSampleTests testRetentionSweepDoesNotEvictAnotherDevicesRows]' passed (0.018 seconds).
Test Case '-[WhoopStoreTests.PpgWaveformSampleTests testUnpackPpgSamplesDropsTrailingOddByte]' started.
Test Case '-[WhoopStoreTests.PpgWaveformSampleTests testUnpackPpgSamplesDropsTrailingOddByte]' passed (0.000 seconds).
Test Case '-[WhoopStoreTests.PpgWaveformSampleTests testV27CreatesPpgWaveformTable]' started.
Test Case '-[WhoopStoreTests.PpgWaveformSampleTests testV27CreatesPpgWaveformTable]' passed (0.015 seconds).
Test Suite 'PpgWaveformSampleTests' passed at 2026-09-21 23:13:37.991.
	 Executed 16 tests, with 0 failures (0 unexpected) in 0.205 (0.206) seconds
Test Suite 'PruneTests' started at 2026-09-21 23:13:37.991.
Test Case '-[WhoopStoreTests.PruneTests testEvictionAppliesToSyncedAndUnsyncedAlike]' started.
Test Case '-[WhoopStoreTests.PruneTests testEvictionAppliesToSyncedAndUnsyncedAlike]' passed (0.017 seconds).
Test Case '-[WhoopStoreTests.PruneTests testEvictsOldestRawBeyondByteCap]' started.
Test Case '-[WhoopStoreTests.PruneTests testEvictsOldestRawBeyondByteCap]' passed (0.017 seconds).
Test Case '-[WhoopStoreTests.PruneTests testNothingToPruneReturnsZero]' started.
Test Case '-[WhoopStoreTests.PruneTests testNothingToPruneReturnsZero]' passed (0.015 seconds).
Test Case '-[WhoopStoreTests.PruneTests testPruneNeverTouchesDecodedTables]' started.
Test Case '-[WhoopStoreTests.PruneTests testPruneNeverTouchesDecodedTables]' passed (0.016 seconds).
Test Case '-[WhoopStoreTests.PruneTests testPrunesAgedSyncedBatches]' started.
Test Case '-[WhoopStoreTests.PruneTests testPrunesAgedSyncedBatches]' passed (0.017 seconds).
Test Suite 'PruneTests' passed at 2026-09-21 23:13:38.073.
	 Executed 5 tests, with 0 failures (0 unexpected) in 0.081 (0.082) seconds
Test Suite 'QuarantineArchiveTests' started at 2026-09-21 23:13:38.073.
Test Case '-[WhoopStoreTests.QuarantineArchiveTests testBoundedLegacyPromotionUsesStoredOwnerAndIsIdempotent]' started.
Test Case '-[WhoopStoreTests.QuarantineArchiveTests testBoundedLegacyPromotionUsesStoredOwnerAndIsIdempotent]' passed (0.018 seconds).
Test Case '-[WhoopStoreTests.QuarantineArchiveTests testCapacityReclaimsOnlyReceiptedMembersBeforeAdmittingNextChunk]' started.
Test Case '-[WhoopStoreTests.QuarantineArchiveTests testCapacityReclaimsOnlyReceiptedMembersBeforeAdmittingNextChunk]' passed (0.019 seconds).
Test Case '-[WhoopStoreTests.QuarantineArchiveTests testDanglingOutboxLedgerCannotMasqueradeAsDurableReplay]' started.
Test Case '-[WhoopStoreTests.QuarantineArchiveTests testDanglingOutboxLedgerCannotMasqueradeAsDurableReplay]' passed (0.016 seconds).
Test Case '-[WhoopStoreTests.QuarantineArchiveTests testExactBytesProvenanceAndRepeatedMembershipSurviveReplay]' started.
Test Case '-[WhoopStoreTests.QuarantineArchiveTests testExactBytesProvenanceAndRepeatedMembershipSurviveReplay]' passed (0.019 seconds).
Test Case '-[WhoopStoreTests.QuarantineArchiveTests testInvalidStoredTrimFailsReadArchiveAndReplayWithoutPruningEvidence]' started.
Test Case '-[WhoopStoreTests.QuarantineArchiveTests testInvalidStoredTrimFailsReadArchiveAndReplayWithoutPruningEvidence]' passed (0.068 seconds).
Test Case '-[WhoopStoreTests.QuarantineArchiveTests testOnlyExactParentReceiptReleasesMemberAfterGraceEvenIfParentPruned]' started.
Test Case '-[WhoopStoreTests.QuarantineArchiveTests testOnlyExactParentReceiptReleasesMemberAfterGraceEvenIfParentPruned]' passed (0.019 seconds).
Test Case '-[WhoopStoreTests.QuarantineArchiveTests testOutboxFailureRollsBackQuarantineLedgerAndDebt]' started.
Test Case '-[WhoopStoreTests.QuarantineArchiveTests testOutboxFailureRollsBackQuarantineLedgerAndDebt]' passed (0.016 seconds).
Test Case '-[WhoopStoreTests.QuarantineArchiveTests testReceiptCannotReleaseChangedBytesOrProvenance]' started.
Test Case '-[WhoopStoreTests.QuarantineArchiveTests testReceiptCannotReleaseChangedBytesOrProvenance]' passed (0.017 seconds).
Test Case '-[WhoopStoreTests.QuarantineArchiveTests testWrongCapturedOwnerCannotAdmitQuarantineOrCreateOutbox]' started.
Test Case '-[WhoopStoreTests.QuarantineArchiveTests testWrongCapturedOwnerCannotAdmitQuarantineOrCreateOutbox]' passed (0.015 seconds).
Test Suite 'QuarantineArchiveTests' passed at 2026-09-21 23:13:38.280.
	 Executed 9 tests, with 0 failures (0 unexpected) in 0.207 (0.208) seconds
Test Suite 'RRPacketProvenanceStoreTests' started at 2026-09-21 23:13:38.280.
Test Case '-[WhoopStoreTests.RRPacketProvenanceStoreTests testDeviceRekeyPreservesReceiptBytesAndDeletionIsOwnerScoped]' started.
Test Case '-[WhoopStoreTests.RRPacketProvenanceStoreTests testDeviceRekeyPreservesReceiptBytesAndDeletionIsOwnerScoped]' passed (0.017 seconds).
Test Case '-[WhoopStoreTests.RRPacketProvenanceStoreTests testMigrationDoesNotBackfillProofFromLegacyValues]' started.
Test Case '-[WhoopStoreTests.RRPacketProvenanceStoreTests testMigrationDoesNotBackfillProofFromLegacyValues]' passed (0.015 seconds).
Test Case '-[WhoopStoreTests.RRPacketProvenanceStoreTests testPacketOnlyBackfillIsAtomicAndReplayDoesNotInventLegacyIdentity]' started.
Test Case '-[WhoopStoreTests.RRPacketProvenanceStoreTests testPacketOnlyBackfillIsAtomicAndReplayDoesNotInventLegacyIdentity]' passed (0.019 seconds).
Test Case '-[WhoopStoreTests.RRPacketProvenanceStoreTests testReceiptOnlySourceWitnessDoesNotOverrideKnownDeviceFamily]' started.
Test Case '-[WhoopStoreTests.RRPacketProvenanceStoreTests testReceiptOnlySourceWitnessDoesNotOverrideKnownDeviceFamily]' passed (0.017 seconds).
Test Suite 'RRPacketProvenanceStoreTests' passed at 2026-09-21 23:13:38.348.
	 Executed 4 tests, with 0 failures (0 unexpected) in 0.067 (0.067) seconds
Test Suite 'RawCaptureBoundsTests' started at 2026-09-21 23:13:38.348.
Test Case '-[WhoopStoreTests.RawCaptureBoundsTests testExclusiveEndOverflowFailsClosed]' started.
Test Case '-[WhoopStoreTests.RawCaptureBoundsTests testExclusiveEndOverflowFailsClosed]' passed (0.000 seconds).
Test Case '-[WhoopStoreTests.RawCaptureBoundsTests testRawOnlyAndMixedStreamsContributeToBounds]' started.
Test Case '-[WhoopStoreTests.RawCaptureBoundsTests testRawOnlyAndMixedStreamsContributeToBounds]' passed (0.000 seconds).
Test Case '-[WhoopStoreTests.RawCaptureBoundsTests testSingleSecondAndEmptyCaptureAreHalfOpen]' started.
Test Case '-[WhoopStoreTests.RawCaptureBoundsTests testSingleSecondAndEmptyCaptureAreHalfOpen]' passed (0.000 seconds).
Test Suite 'RawCaptureBoundsTests' passed at 2026-09-21 23:13:38.348.
	 Executed 3 tests, with 0 failures (0 unexpected) in 0.000 (0.000) seconds
Test Suite 'RawOutboxTests' started at 2026-09-21 23:13:38.348.
Test Case '-[WhoopStoreTests.RawOutboxTests testEnqueueThenRawFramesRoundTrips]' started.
Test Case '-[WhoopStoreTests.RawOutboxTests testEnqueueThenRawFramesRoundTrips]' passed (0.015 seconds).
Test Case '-[WhoopStoreTests.RawOutboxTests testMetaRoundTripsThroughPending]' started.
Test Case '-[WhoopStoreTests.RawOutboxTests testMetaRoundTripsThroughPending]' passed (0.015 seconds).
Test Case '-[WhoopStoreTests.RawOutboxTests testPendingExcludesSyncedAndRespectsLimitAndOrder]' started.
Test Case '-[WhoopStoreTests.RawOutboxTests testPendingExcludesSyncedAndRespectsLimitAndOrder]' passed (0.015 seconds).
Test Case '-[WhoopStoreTests.RawOutboxTests testRawBatchMetasFiltersDeviceAndOrdersOldestFirst]' started.
Test Case '-[WhoopStoreTests.RawOutboxTests testRawBatchMetasFiltersDeviceAndOrdersOldestFirst]' passed (0.015 seconds).
Test Case '-[WhoopStoreTests.RawOutboxTests testRawBatchMetasIncludesSyncedRows]' started.
Test Case '-[WhoopStoreTests.RawOutboxTests testRawBatchMetasIncludesSyncedRows]' passed (0.015 seconds).
Test Case '-[WhoopStoreTests.RawOutboxTests testRawBatchMetasPagesByKeysetWithoutRepeats]' started.
Test Case '-[WhoopStoreTests.RawOutboxTests testRawBatchMetasPagesByKeysetWithoutRepeats]' passed (0.016 seconds).
Test Case '-[WhoopStoreTests.RawOutboxTests testRawBatchMetasRespectsLimit]' started.
Test Case '-[WhoopStoreTests.RawOutboxTests testRawBatchMetasRespectsLimit]' passed (0.015 seconds).
Test Case '-[WhoopStoreTests.RawOutboxTests testRawFramesUnknownBatchIsEmpty]' started.
Test Case '-[WhoopStoreTests.RawOutboxTests testRawFramesUnknownBatchIsEmpty]' passed (0.014 seconds).
Test Case '-[WhoopStoreTests.RawOutboxTests testRoundTripHighlyCompressibleBatch]' started.
Test Case '-[WhoopStoreTests.RawOutboxTests testRoundTripHighlyCompressibleBatch]' passed (0.015 seconds).
Test Case '-[WhoopStoreTests.RawOutboxTests testRoundTripLargeBatch]' started.
Test Case '-[WhoopStoreTests.RawOutboxTests testRoundTripLargeBatch]' passed (0.015 seconds).
Test Suite 'RawOutboxTests' passed at 2026-09-21 23:13:38.498.
	 Executed 10 tests, with 0 failures (0 unexpected) in 0.149 (0.150) seconds
Test Suite 'ReadTests' started at 2026-09-21 23:13:38.498.
Test Case '-[WhoopStoreTests.ReadTests testAnalysisFingerprintMovesWhenSleepCriticalGravityArrivesAfterHr]' started.
Test Case '-[WhoopStoreTests.ReadTests testAnalysisFingerprintMovesWhenSleepCriticalGravityArrivesAfterHr]' passed (0.016 seconds).
Test Case '-[WhoopStoreTests.ReadTests testBatterySamples]' started.
Test Case '-[WhoopStoreTests.ReadTests testBatterySamples]' passed (0.016 seconds).
Test Case '-[WhoopStoreTests.ReadTests testDayStreamFingerprintIsDeviceAndWindowScoped]' started.
Test Case '-[WhoopStoreTests.ReadTests testDayStreamFingerprintIsDeviceAndWindowScoped]' passed (0.017 seconds).
Test Case '-[WhoopStoreTests.ReadTests testDayStreamFingerprintMovesForEveryStreamThatLandsAfterHr]' started.
Test Case '-[WhoopStoreTests.ReadTests testDayStreamFingerprintMovesForEveryStreamThatLandsAfterHr]' passed (0.023 seconds).
Test Case '-[WhoopStoreTests.ReadTests testEventsDecodePayload]' started.
Test Case '-[WhoopStoreTests.ReadTests testEventsDecodePayload]' passed (0.015 seconds).
Test Case '-[WhoopStoreTests.ReadTests testHrBucketsAveragePerBucketOrderedAndDeviceScoped]' started.
Test Case '-[WhoopStoreTests.ReadTests testHrBucketsAveragePerBucketOrderedAndDeviceScoped]' passed (0.015 seconds).
Test Case '-[WhoopStoreTests.ReadTests testHrFingerprintCountMaxTsRangeAndDeviceScope]' started.
Test Case '-[WhoopStoreTests.ReadTests testHrFingerprintCountMaxTsRangeAndDeviceScope]' passed (0.014 seconds).
Test Case '-[WhoopStoreTests.ReadTests testHrFingerprintCrossDeviceFoldsEveryDevice]' started.
Test Case '-[WhoopStoreTests.ReadTests testHrFingerprintCrossDeviceFoldsEveryDevice]' passed (0.015 seconds).
Test Case '-[WhoopStoreTests.ReadTests testHrSamplesRangeOrderLimitAndDeviceScope]' started.
Test Case '-[WhoopStoreTests.ReadTests testHrSamplesRangeOrderLimitAndDeviceScope]' passed (0.014 seconds).
Test Case '-[WhoopStoreTests.ReadTests testHrWindowStatsCountsPpgDerivedSeconds]' started.
Test Case '-[WhoopStoreTests.ReadTests testHrWindowStatsCountsPpgDerivedSeconds]' passed (0.017 seconds).
Test Case '-[WhoopStoreTests.ReadTests testHrWindowStatsDoesNotDoubleCountOverlappingSeconds]' started.
Test Case '-[WhoopStoreTests.ReadTests testHrWindowStatsDoesNotDoubleCountOverlappingSeconds]' passed (0.015 seconds).
Test Case '-[WhoopStoreTests.ReadTests testHrWindowStatsEmptyWindowIsNil]' started.
Test Case '-[WhoopStoreTests.ReadTests testHrWindowStatsEmptyWindowIsNil]' passed (0.014 seconds).
Test Case '-[WhoopStoreTests.ReadTests testHrWindowStatsHasNoEightThousandRowCap]' started.
Test Case '-[WhoopStoreTests.ReadTests testHrWindowStatsHasNoEightThousandRowCap]' passed (0.060 seconds).
Test Case '-[WhoopStoreTests.ReadTests testHrWindowStatsWithNoPpgMatchesMeasuredOnly]' started.
Test Case '-[WhoopStoreTests.ReadTests testHrWindowStatsWithNoPpgMatchesMeasuredOnly]' passed (0.015 seconds).
Test Case '-[WhoopStoreTests.ReadTests testOverlappingSecondsAreCountedOnceWithPrimaryWinning]' started.
Test Case '-[WhoopStoreTests.ReadTests testOverlappingSecondsAreCountedOnceWithPrimaryWinning]' passed (0.015 seconds).
Test Case '-[WhoopStoreTests.ReadTests testPpgAntiJoinHoldsPerIdAcrossBothLegs]' started.
Test Case '-[WhoopStoreTests.ReadTests testPpgAntiJoinHoldsPerIdAcrossBothLegs]' passed (0.016 seconds).
Test Case '-[WhoopStoreTests.ReadTests testPrecedenceFollowsArgumentOrder]' started.
Test Case '-[WhoopStoreTests.ReadTests testPrecedenceFollowsArgumentOrder]' passed (0.015 seconds).
Test Case '-[WhoopStoreTests.ReadTests testRawOutboxStatsMatchTheAggregate]' started.
Test Case '-[WhoopStoreTests.ReadTests testRawOutboxStatsMatchTheAggregate]' passed (0.014 seconds).
Test Case '-[WhoopStoreTests.ReadTests testRrIntervalsReturnsBothTiedRows]' started.
Test Case '-[WhoopStoreTests.ReadTests testRrIntervalsReturnsBothTiedRows]' passed (0.015 seconds).
Test Case '-[WhoopStoreTests.ReadTests testSameIdTwiceMatchesTheSingleIdRead]' started.
Test Case '-[WhoopStoreTests.ReadTests testSameIdTwiceMatchesTheSingleIdRead]' passed (0.015 seconds).
Test Case '-[WhoopStoreTests.ReadTests testStorageByteEstimatesAreUnchangedByPassingKnownCounts]' started.
Test Case '-[WhoopStoreTests.ReadTests testStorageByteEstimatesAreUnchangedByPassingKnownCounts]' passed (0.015 seconds).
Test Case '-[WhoopStoreTests.ReadTests testStorageByteEstimatesClampANegativeSampleLimit]' started.
Test Case '-[WhoopStoreTests.ReadTests testStorageByteEstimatesClampANegativeSampleLimit]' passed (0.016 seconds).
Test Case '-[WhoopStoreTests.ReadTests testStorageByteEstimatesGrowWithBlobLength]' started.
Test Case '-[WhoopStoreTests.ReadTests testStorageByteEstimatesGrowWithBlobLength]' passed (0.030 seconds).
Test Case '-[WhoopStoreTests.ReadTests testStorageByteEstimatesOmitEmptyTables]' started.
Test Case '-[WhoopStoreTests.ReadTests testStorageByteEstimatesOmitEmptyTables]' passed (0.014 seconds).
Test Case '-[WhoopStoreTests.ReadTests testStorageRowCountsNamesEveryAccumulatingTable]' started.
Test Case '-[WhoopStoreTests.ReadTests testStorageRowCountsNamesEveryAccumulatingTable]' passed (0.016 seconds).
Test Case '-[WhoopStoreTests.ReadTests testStorageStatsTotalAgreesWithTheBreakdown]' started.
Test Case '-[WhoopStoreTests.ReadTests testStorageStatsTotalAgreesWithTheBreakdown]' passed (0.018 seconds).
Test Case '-[WhoopStoreTests.ReadTests testStorageStats]' started.
Test Case '-[WhoopStoreTests.ReadTests testStorageStats]' passed (0.015 seconds).
Test Suite 'ReadTests' passed at 2026-09-21 23:13:38.983.
	 Executed 27 tests, with 0 failures (0 unexpected) in 0.482 (0.485) seconds
Test Suite 'RecentBatterySamplesTests' started at 2026-09-21 23:13:38.983.
Test Case '-[WhoopStoreTests.RecentBatterySamplesTests testForecastGetsNewestValidRowsInOrderWithoutChangingExportReader]' started.
Test Case '-[WhoopStoreTests.RecentBatterySamplesTests testForecastGetsNewestValidRowsInOrderWithoutChangingExportReader]' passed (0.014 seconds).
Test Suite 'RecentBatterySamplesTests' passed at 2026-09-21 23:13:38.998.
	 Executed 1 test, with 0 failures (0 unexpected) in 0.014 (0.014) seconds
Test Suite 'RrFutureQuarantineTests' started at 2026-09-21 23:13:38.998.
Test Case '-[WhoopStoreTests.RrFutureQuarantineTests testFutureBeatsAreQuarantinedAndExcludedFromScoringButKept]' started.
Test Case '-[WhoopStoreTests.RrFutureQuarantineTests testFutureBeatsAreQuarantinedAndExcludedFromScoringButKept]' passed (0.015 seconds).
Test Case '-[WhoopStoreTests.RrFutureQuarantineTests testV35AddsTsSuspectAndKeepsThePrimaryKey]' started.
Test Case '-[WhoopStoreTests.RrFutureQuarantineTests testV35AddsTsSuspectAndKeepsThePrimaryKey]' passed (0.015 seconds).
Test Suite 'RrFutureQuarantineTests' passed at 2026-09-21 23:13:39.028.
	 Executed 2 tests, with 0 failures (0 unexpected) in 0.030 (0.031) seconds
Test Suite 'RrPromotionExportTests' started at 2026-09-21 23:13:39.028.
Test Case '-[WhoopStoreTests.RrPromotionExportTests testMetadataPromotionCrossesSavedAppendCursorAndCreatesDebtWithoutAddingBeats]' started.
Test Case '-[WhoopStoreTests.RrPromotionExportTests testMetadataPromotionCrossesSavedAppendCursorAndCreatesDebtWithoutAddingBeats]' passed (0.016 seconds).
Test Case '-[WhoopStoreTests.RrPromotionExportTests testPromotionAfterDeletingHighestRowInvalidatesReusedCursorIdentity]' started.
Test Case '-[WhoopStoreTests.RrPromotionExportTests testPromotionAfterDeletingHighestRowInvalidatesReusedCursorIdentity]' passed (0.015 seconds).
Test Suite 'RrPromotionExportTests' passed at 2026-09-21 23:13:39.060.
	 Executed 2 tests, with 0 failures (0 unexpected) in 0.031 (0.031) seconds
Test Suite 'RrSourceChannelTests' started at 2026-09-21 23:13:39.060.
Test Case '-[WhoopStoreTests.RrSourceChannelTests testAnUnlabelledIbiStaysNilRatherThanBeingGuessed]' started.
Test Case '-[WhoopStoreTests.RrSourceChannelTests testAnUnlabelledIbiStaysNilRatherThanBeingGuessed]' passed (0.000 seconds).
Test Case '-[WhoopStoreTests.RrSourceChannelTests testBare0x44MapsToItsOwnDurableStorageCode]' started.
Test Case '-[WhoopStoreTests.RrSourceChannelTests testBare0x44MapsToItsOwnDurableStorageCode]' passed (0.000 seconds).
Test Case '-[WhoopStoreTests.RrSourceChannelTests testBare0x44RowsAreLabelledSeparatelyAndStillScored]' started.
Test Case '-[WhoopStoreTests.RrSourceChannelTests testBare0x44RowsAreLabelledSeparatelyAndStillScored]' passed (0.015 seconds).
Test Case '-[WhoopStoreTests.RrSourceChannelTests testBothChannelsAreStoredButOnlyOneIsScored]' started.
Test Case '-[WhoopStoreTests.RrSourceChannelTests testBothChannelsAreStoredButOnlyOneIsScored]' passed (0.015 seconds).
Test Case '-[WhoopStoreTests.RrSourceChannelTests testFilteredReadRestoresOneBeatPerHeartbeat]' started.
Test Case '-[WhoopStoreTests.RrSourceChannelTests testFilteredReadRestoresOneBeatPerHeartbeat]' passed (0.025 seconds).
Test Case '-[WhoopStoreTests.RrSourceChannelTests testMappingCarriesEachDecodersOwnChannel]' started.
Test Case '-[WhoopStoreTests.RrSourceChannelTests testMappingCarriesEachDecodersOwnChannel]' passed (0.000 seconds).
Test Case '-[WhoopStoreTests.RrSourceChannelTests testPreV32RowsAreUnlabelledAndStillRead]' started.
Test Case '-[WhoopStoreTests.RrSourceChannelTests testPreV32RowsAreUnlabelledAndStillRead]' passed (0.017 seconds).
Test Case '-[WhoopStoreTests.RrSourceChannelTests testTheAmplitudeChannelIsKeptBecauseItMayBeARingsOnlyBeatSource]' started.
Test Case '-[WhoopStoreTests.RrSourceChannelTests testTheAmplitudeChannelIsKeptBecauseItMayBeARingsOnlyBeatSource]' passed (0.018 seconds).
Test Case '-[WhoopStoreTests.RrSourceChannelTests testTheTwoChannelEnumsAgreeCaseForCaseAndCodeForCode]' started.
Test Case '-[WhoopStoreTests.RrSourceChannelTests testTheTwoChannelEnumsAgreeCaseForCaseAndCodeForCode]' passed (0.000 seconds).
Test Case '-[WhoopStoreTests.RrSourceChannelTests testTwoChannelsOverTheSameIntervalMapToDistinctSrcChannels]' started.
Test Case '-[WhoopStoreTests.RrSourceChannelTests testTwoChannelsOverTheSameIntervalMapToDistinctSrcChannels]' passed (0.000 seconds).
Test Case '-[WhoopStoreTests.RrSourceChannelTests testV32AddsSrcChannelAndKeepsItOutOfThePrimaryKey]' started.
Test Case '-[WhoopStoreTests.RrSourceChannelTests testV32AddsSrcChannelAndKeepsItOutOfThePrimaryKey]' passed (0.015 seconds).
Test Case '-[WhoopStoreTests.RrSourceChannelTests testWhoopRowsCarryNoChannelAndAreNeverFiltered]' started.
Test Case '-[WhoopStoreTests.RrSourceChannelTests testWhoopRowsCarryNoChannelAndAreNeverFiltered]' passed (0.015 seconds).
Test Suite 'RrSourceChannelTests' passed at 2026-09-21 23:13:39.181.
	 Executed 12 tests, with 0 failures (0 unexpected) in 0.120 (0.121) seconds
Test Suite 'ScaffoldTests' started at 2026-09-21 23:13:39.181.
Test Case '-[WhoopStoreTests.ScaffoldTests testGRDBIsLinkedAndUsable]' started.
Test Case '-[WhoopStoreTests.ScaffoldTests testGRDBIsLinkedAndUsable]' passed (0.000 seconds).
Test Case '-[WhoopStoreTests.ScaffoldTests testLibraryVersionMarkerPresent]' started.
Test Case '-[WhoopStoreTests.ScaffoldTests testLibraryVersionMarkerPresent]' passed (0.000 seconds).
Test Suite 'ScaffoldTests' passed at 2026-09-21 23:13:39.182.
	 Executed 2 tests, with 0 failures (0 unexpected) in 0.000 (0.000) seconds
Test Suite 'SchemaOracleTests' started at 2026-09-21 23:13:39.182.
Test Case '-[WhoopStoreTests.SchemaOracleTests testDivergenceOverridesAreWellFormed]' started.
Test Case '-[WhoopStoreTests.SchemaOracleTests testDivergenceOverridesAreWellFormed]' passed (0.002 seconds).
Test Case '-[WhoopStoreTests.SchemaOracleTests testEveryDivergenceReasonIsReferenced]' started.
Test Case '-[WhoopStoreTests.SchemaOracleTests testEveryDivergenceReasonIsReferenced]' passed (0.001 seconds).
Test Case '-[WhoopStoreTests.SchemaOracleTests testGrdbMigrationIdentifiersAreUniqueAndSequential]' started.
Test Case '-[WhoopStoreTests.SchemaOracleTests testGrdbMigrationIdentifiersAreUniqueAndSequential]' passed (0.000 seconds).
Test Case '-[WhoopStoreTests.SchemaOracleTests testGrdbMigrationIdentifiersMatchOracle]' started.
Test Case '-[WhoopStoreTests.SchemaOracleTests testGrdbMigrationIdentifiersMatchOracle]' passed (0.001 seconds).
Test Case '-[WhoopStoreTests.SchemaOracleTests testGrdbSchemaMatchesOracle]' started.
Test Case '-[WhoopStoreTests.SchemaOracleTests testGrdbSchemaMatchesOracle]' passed (0.020 seconds).
Test Case '-[WhoopStoreTests.SchemaOracleTests testOracleCopiesAreIdentical]' started.
Test Case '-[WhoopStoreTests.SchemaOracleTests testOracleCopiesAreIdentical]' passed (0.000 seconds).
Test Case '-[WhoopStoreTests.SchemaOracleTests testOracleCoversEveryGrdbTable]' started.
Test Case '-[WhoopStoreTests.SchemaOracleTests testOracleCoversEveryGrdbTable]' passed (0.020 seconds).
Test Suite 'SchemaOracleTests' passed at 2026-09-21 23:13:39.227.
	 Executed 7 tests, with 0 failures (0 unexpected) in 0.045 (0.045) seconds
Test Suite 'ScoreInputProvenanceStoreTests' started at 2026-09-21 23:13:39.227.
Test Case '-[WhoopStoreTests.ScoreInputProvenanceStoreTests testComputedScoresAndProvenancePersistTogether]' started.
Test Case '-[WhoopStoreTests.ScoreInputProvenanceStoreTests testComputedScoresAndProvenancePersistTogether]' passed (0.015 seconds).
Test Case '-[WhoopStoreTests.ScoreInputProvenanceStoreTests testEmptyPassDoesNotWipeExistingWindow]' started.
Test Case '-[WhoopStoreTests.ScoreInputProvenanceStoreTests testEmptyPassDoesNotWipeExistingWindow]' passed (0.015 seconds).
Test Case '-[WhoopStoreTests.ScoreInputProvenanceStoreTests testMarkerRewriteSpansComputedOwnerNamespaces]' started.
Test Case '-[WhoopStoreTests.ScoreInputProvenanceStoreTests testMarkerRewriteSpansComputedOwnerNamespaces]' passed (0.017 seconds).
Test Case '-[WhoopStoreTests.ScoreInputProvenanceStoreTests testMigrationCreatesMetricLevelTableAndIndex]' started.
Test Case '-[WhoopStoreTests.ScoreInputProvenanceStoreTests testMigrationCreatesMetricLevelTableAndIndex]' passed (0.015 seconds).
Test Case '-[WhoopStoreTests.ScoreInputProvenanceStoreTests testReplacingWindowRemovesProvenanceForMissingMetric]' started.
Test Case '-[WhoopStoreTests.ScoreInputProvenanceStoreTests testReplacingWindowRemovesProvenanceForMissingMetric]' passed (0.014 seconds).
Test Case '-[WhoopStoreTests.ScoreInputProvenanceStoreTests testVo2MaxValueAndEstimatorPersistTogetherAndSurviveDailyRescore]' started.
Test Case '-[WhoopStoreTests.ScoreInputProvenanceStoreTests testVo2MaxValueAndEstimatorPersistTogetherAndSurviveDailyRescore]' passed (0.015 seconds).
Test Suite 'ScoreInputProvenanceStoreTests' passed at 2026-09-21 23:13:39.319.
	 Executed 6 tests, with 0 failures (0 unexpected) in 0.092 (0.092) seconds
Test Suite 'ServerCanonicalResultTests' started at 2026-09-21 23:13:39.319.
Test Case '-[WhoopStoreTests.ServerCanonicalResultTests testAllFamiliesHaveExplicitServerOwnedMissingness]' started.
Test Case '-[WhoopStoreTests.ServerCanonicalResultTests testAllFamiliesHaveExplicitServerOwnedMissingness]' passed (0.004 seconds).
Test Case '-[WhoopStoreTests.ServerCanonicalResultTests testFinalHostedHasNoLegacyValueBeforeFirstRead]' started.
Test Case '-[WhoopStoreTests.ServerCanonicalResultTests testFinalHostedHasNoLegacyValueBeforeFirstRead]' passed (0.000 seconds).
Test Case '-[WhoopStoreTests.ServerCanonicalResultTests testIncompleteRegistryAndNumericShadowAreRejected]' started.
Test Case '-[WhoopStoreTests.ServerCanonicalResultTests testIncompleteRegistryAndNumericShadowAreRejected]' passed (0.004 seconds).
Test Case '-[WhoopStoreTests.ServerCanonicalResultTests testOwnershipPersistsUnavailableContractWithoutFabricatedPublication]' started.
Test Case '-[WhoopStoreTests.ServerCanonicalResultTests testOwnershipPersistsUnavailableContractWithoutFabricatedPublication]' passed (0.005 seconds).
Test Case '-[WhoopStoreTests.ServerCanonicalResultTests testProjectSourceDeviceAndHistoricalDayFences]' started.
Test Case '-[WhoopStoreTests.ServerCanonicalResultTests testProjectSourceDeviceAndHistoricalDayFences]' passed (0.001 seconds).
Test Case '-[WhoopStoreTests.ServerCanonicalResultTests testValidZeroAndOwnedNullNeverInvokeFallback]' started.
Test Case '-[WhoopStoreTests.ServerCanonicalResultTests testValidZeroAndOwnedNullNeverInvokeFallback]' passed (0.006 seconds).
Test Suite 'ServerCanonicalResultTests' passed at 2026-09-21 23:13:39.340.
	 Executed 6 tests, with 0 failures (0 unexpected) in 0.020 (0.021) seconds
Test Suite 'ServerComputeOutboxTests' started at 2026-09-21 23:13:39.340.
Test Case '-[WhoopStoreTests.ServerComputeOutboxTests testDelayedAndDuplicatedDecisionsCannotReplay]' started.
Test Case '-[WhoopStoreTests.ServerComputeOutboxTests testDelayedAndDuplicatedDecisionsCannotReplay]' passed (0.002 seconds).
Test Case '-[WhoopStoreTests.ServerComputeOutboxTests testMissingDispositionPersistsWithoutNumericFallback]' started.
Test Case '-[WhoopStoreTests.ServerComputeOutboxTests testMissingDispositionPersistsWithoutNumericFallback]' passed (0.001 seconds).
Test Case '-[WhoopStoreTests.ServerComputeOutboxTests testOfflineDraftSurvivesReopenAndBindsOnlyItsOwnerSourceDevice]' started.
Test Case '-[WhoopStoreTests.ServerComputeOutboxTests testOfflineDraftSurvivesReopenAndBindsOnlyItsOwnerSourceDevice]' passed (0.001 seconds).
Test Case '-[WhoopStoreTests.ServerComputeOutboxTests testRetriesAreImmutableAndInputEditsCreateDistinctRequests]' started.
Test Case '-[WhoopStoreTests.ServerComputeOutboxTests testRetriesAreImmutableAndInputEditsCreateDistinctRequests]' passed (0.001 seconds).
Test Suite 'ServerComputeOutboxTests' passed at 2026-09-21 23:13:39.346.
	 Executed 4 tests, with 0 failures (0 unexpected) in 0.005 (0.005) seconds
Test Suite 'ServerComputeRevisionFenceTests' started at 2026-09-21 23:13:39.346.
Test Case '-[WhoopStoreTests.ServerComputeRevisionFenceTests testAccountSourceProjectDeviceAndDayCannotShareRevisionCache]' started.
Test Case '-[WhoopStoreTests.ServerComputeRevisionFenceTests testAccountSourceProjectDeviceAndDayCannotShareRevisionCache]' passed (0.021 seconds).
Test Case '-[WhoopStoreTests.ServerComputeRevisionFenceTests testAlgorithmNameCannotAuthorizeLegacyOrShadowAndImmutableIdentityMustBeReal]' started.
Test Case '-[WhoopStoreTests.ServerComputeRevisionFenceTests testAlgorithmNameCannotAuthorizeLegacyOrShadowAndImmutableIdentityMustBeReal]' passed (0.012 seconds).
Test Case '-[WhoopStoreTests.ServerComputeRevisionFenceTests testExpiryWithholdsTimeSensitiveValueWithoutErasingItsImmutableHistory]' started.
Test Case '-[WhoopStoreTests.ServerComputeRevisionFenceTests testExpiryWithholdsTimeSensitiveValueWithoutErasingItsImmutableHistory]' passed (0.008 seconds).
Test Case '-[WhoopStoreTests.ServerComputeRevisionFenceTests testOlderInputCannotReplaceNewerEvenWithDifferentResultRevision]' started.
Test Case '-[WhoopStoreTests.ServerComputeRevisionFenceTests testOlderInputCannotReplaceNewerEvenWithDifferentResultRevision]' passed (0.011 seconds).
Test Case '-[WhoopStoreTests.ServerComputeRevisionFenceTests testPendingDeviceCannotCarryNumericValuePublicationOrEmbeddedPhysiology]' started.
Test Case '-[WhoopStoreTests.ServerComputeRevisionFenceTests testPendingDeviceCannotCarryNumericValuePublicationOrEmbeddedPhysiology]' passed (0.022 seconds).
Test Case '-[WhoopStoreTests.ServerComputeRevisionFenceTests testPendingDeviceClearsOldValuesOnlyWithinSameOwnerSourceProjectDay]' started.
Test Case '-[WhoopStoreTests.ServerComputeRevisionFenceTests testPendingDeviceClearsOldValuesOnlyWithinSameOwnerSourceProjectDay]' passed (0.021 seconds).
Test Case '-[WhoopStoreTests.ServerComputeRevisionFenceTests testPendingDevicePersistsExplicitOwnershipWithoutInventingCanonicalDevice]' started.
Test Case '-[WhoopStoreTests.ServerComputeRevisionFenceTests testPendingDevicePersistsExplicitOwnershipWithoutInventingCanonicalDevice]' passed (0.007 seconds).
Test Case '-[WhoopStoreTests.ServerComputeRevisionFenceTests testReadTimeStalenessDoesNotRewriteImmutableValueButRevocationClearsIt]' started.
Test Case '-[WhoopStoreTests.ServerComputeRevisionFenceTests testReadTimeStalenessDoesNotRewriteImmutableValueButRevocationClearsIt]' passed (0.011 seconds).
Test Case '-[WhoopStoreTests.ServerComputeRevisionFenceTests testSameAvailableRevisionCannotMutateValueOrImmutableMetadata]' started.
Test Case '-[WhoopStoreTests.ServerComputeRevisionFenceTests testSameAvailableRevisionCannotMutateValueOrImmutableMetadata]' passed (0.025 seconds).
Test Suite 'ServerComputeRevisionFenceTests' passed at 2026-09-21 23:13:39.484.
	 Executed 9 tests, with 0 failures (0 unexpected) in 0.138 (0.138) seconds
Test Suite 'ServerHrvSeriesTests' started at 2026-09-21 23:13:39.484.
Test Case '-[WhoopStoreTests.ServerHrvSeriesTests testContextBaselineCountAndHighValuesSurviveWithoutClipping]' started.
Test Case '-[WhoopStoreTests.ServerHrvSeriesTests testContextBaselineCountAndHighValuesSurviveWithoutClipping]' passed (0.001 seconds).
Test Case '-[WhoopStoreTests.ServerHrvSeriesTests testDailyAvailabilityNeverReplacesWindowValidityOrInventsWindows]' started.
Test Case '-[WhoopStoreTests.ServerHrvSeriesTests testDailyAvailabilityNeverReplacesWindowValidityOrInventsWindows]' passed (0.001 seconds).
Test Case '-[WhoopStoreTests.ServerHrvSeriesTests testDuplicatesCollapseAndConflictingValuesFailClosed]' started.
Test Case '-[WhoopStoreTests.ServerHrvSeriesTests testDuplicatesCollapseAndConflictingValuesFailClosed]' passed (0.000 seconds).
Test Case '-[WhoopStoreTests.ServerHrvSeriesTests testMalformedNumericAndValidityFieldsDoNotBecomeMeasurements]' started.
Test Case '-[WhoopStoreTests.ServerHrvSeriesTests testMalformedNumericAndValidityFieldsDoNotBecomeMeasurements]' passed (0.001 seconds).
Test Case '-[WhoopStoreTests.ServerHrvSeriesTests testOwnerDeviceRevisionSchemaAndMetricFences]' started.
Test Case '-[WhoopStoreTests.ServerHrvSeriesTests testOwnerDeviceRevisionSchemaAndMetricFences]' passed (0.001 seconds).
Test Case '-[WhoopStoreTests.ServerHrvSeriesTests testZeroUnavailableAndMissingBucketsRemainDistinct]' started.
Test Case '-[WhoopStoreTests.ServerHrvSeriesTests testZeroUnavailableAndMissingBucketsRemainDistinct]' passed (0.000 seconds).
Test Suite 'ServerHrvSeriesTests' passed at 2026-09-21 23:13:39.488.
	 Executed 6 tests, with 0 failures (0 unexpected) in 0.003 (0.004) seconds
Test Suite 'ServerMetricOwnershipTests' started at 2026-09-21 23:13:39.488.
Test Case '-[WhoopStoreTests.ServerMetricOwnershipTests testNullFailureRevocationAndHistoricalNavigationCannotRestartLocalFallback]' started.
Test Case '-[WhoopStoreTests.ServerMetricOwnershipTests testNullFailureRevocationAndHistoricalNavigationCannotRestartLocalFallback]' passed (0.000 seconds).
Test Case '-[WhoopStoreTests.ServerMetricOwnershipTests testOlderPublicationCannotRollBackClaim]' started.
Test Case '-[WhoopStoreTests.ServerMetricOwnershipTests testOlderPublicationCannotRollBackClaim]' passed (0.000 seconds).
Test Case '-[WhoopStoreTests.ServerMetricOwnershipTests testPartialQualifiedResultOwnsOnlyItsSerializedOutputs]' started.
Test Case '-[WhoopStoreTests.ServerMetricOwnershipTests testPartialQualifiedResultOwnsOnlyItsSerializedOutputs]' passed (0.000 seconds).
Test Case '-[WhoopStoreTests.ServerMetricOwnershipTests testReadFailureRetainsStaleRevisionButNeverLocalMissingValue]' started.
Test Case '-[WhoopStoreTests.ServerMetricOwnershipTests testReadFailureRetainsStaleRevisionButNeverLocalMissingValue]' passed (0.000 seconds).
Test Case '-[WhoopStoreTests.ServerMetricOwnershipTests testRestartRestoresOnlyTheSameProjectOwnerAndDevice]' started.
Test Case '-[WhoopStoreTests.ServerMetricOwnershipTests testRestartRestoresOnlyTheSameProjectOwnerAndDevice]' passed (0.002 seconds).
Test Case '-[WhoopStoreTests.ServerMetricOwnershipTests testScopeAndPublicationEvidenceAreRequiredBeforeClaim]' started.
Test Case '-[WhoopStoreTests.ServerMetricOwnershipTests testScopeAndPublicationEvidenceAreRequiredBeforeClaim]' passed (0.000 seconds).
Test Case '-[WhoopStoreTests.ServerMetricOwnershipTests testZeroAndUnownedLegacyMetricRemainDistinct]' started.
Test Case '-[WhoopStoreTests.ServerMetricOwnershipTests testZeroAndUnownedLegacyMetricRemainDistinct]' passed (0.000 seconds).
Test Suite 'ServerMetricOwnershipTests' passed at 2026-09-21 23:13:39.491.
	 Executed 7 tests, with 0 failures (0 unexpected) in 0.003 (0.004) seconds
Test Suite 'ServerRespirationSummaryTests' started at 2026-09-21 23:13:39.491.
Test Case '-[WhoopStoreTests.ServerRespirationSummaryTests testActualScorerSnapshotSurvivesNativeReadbackAndSQLite]' started.
Test Case '-[WhoopStoreTests.ServerRespirationSummaryTests testActualScorerSnapshotSurvivesNativeReadbackAndSQLite]' passed (0.091 seconds).
Test Case '-[WhoopStoreTests.ServerRespirationSummaryTests testAwakeRestAndInconsistentSummaryCannotBecomeNightlyRate]' started.
Test Case '-[WhoopStoreTests.ServerRespirationSummaryTests testAwakeRestAndInconsistentSummaryCannotBecomeNightlyRate]' passed (0.001 seconds).
Test Case '-[WhoopStoreTests.ServerRespirationSummaryTests testLegacyRateNeverClaimsV2QualityEvenWithUnexpectedSummaryFields]' started.
Test Case '-[WhoopStoreTests.ServerRespirationSummaryTests testLegacyRateNeverClaimsV2QualityEvenWithUnexpectedSummaryFields]' passed (0.000 seconds).
Test Case '-[WhoopStoreTests.ServerRespirationSummaryTests testPendingRevisionDoesNotHideWhyTheCompletedMeasurementWasUnavailable]' started.
Test Case '-[WhoopStoreTests.ServerRespirationSummaryTests testPendingRevisionDoesNotHideWhyTheCompletedMeasurementWasUnavailable]' passed (0.000 seconds).
Test Case '-[WhoopStoreTests.ServerRespirationSummaryTests testSelectedSummaryRetainsMethodCoverageAndSortedDistribution]' started.
Test Case '-[WhoopStoreTests.ServerRespirationSummaryTests testSelectedSummaryRetainsMethodCoverageAndSortedDistribution]' passed (0.000 seconds).
Test Case '-[WhoopStoreTests.ServerRespirationSummaryTests testStaleSummaryIsRetainedWithoutLocalFallback]' started.
Test Case '-[WhoopStoreTests.ServerRespirationSummaryTests testStaleSummaryIsRetainedWithoutLocalFallback]' passed (0.000 seconds).
Test Case '-[WhoopStoreTests.ServerRespirationSummaryTests testUnavailableOrUnsupportedRateIsNotZero]' started.
Test Case '-[WhoopStoreTests.ServerRespirationSummaryTests testUnavailableOrUnsupportedRateIsNotZero]' passed (0.000 seconds).
Test Case '-[WhoopStoreTests.ServerRespirationSummaryTests testWrongDayOwnerOrSelectedSourceCannotReadSummary]' started.
Test Case '-[WhoopStoreTests.ServerRespirationSummaryTests testWrongDayOwnerOrSelectedSourceCannotReadSummary]' passed (0.000 seconds).
Test Suite 'ServerRespirationSummaryTests' passed at 2026-09-21 23:13:39.585.
	 Executed 8 tests, with 0 failures (0 unexpected) in 0.093 (0.094) seconds
Test Suite 'ServerScoreAuthorizationTests' started at 2026-09-21 23:13:39.585.
Test Case '-[WhoopStoreTests.ServerScoreAuthorizationTests testApprovedFeaturesPreserveZeroAndMatchingNestedPhysiology]' started.
Test Case '-[WhoopStoreTests.ServerScoreAuthorizationTests testApprovedFeaturesPreserveZeroAndMatchingNestedPhysiology]' passed (0.000 seconds).
Test Case '-[WhoopStoreTests.ServerScoreAuthorizationTests testMissingRevokedShadowAndMalformedAuthorizationNeverActivate]' started.
Test Case '-[WhoopStoreTests.ServerScoreAuthorizationTests testMissingRevokedShadowAndMalformedAuthorizationNeverActivate]' passed (0.002 seconds).
Test Case '-[WhoopStoreTests.ServerScoreAuthorizationTests testRetainedV1DoesNotRequireV2ApprovalAndWrongEpisodeScopeFails]' started.
Test Case '-[WhoopStoreTests.ServerScoreAuthorizationTests testRetainedV1DoesNotRequireV2ApprovalAndWrongEpisodeScopeFails]' passed (0.000 seconds).
Test Case '-[WhoopStoreTests.ServerScoreAuthorizationTests testSleepApprovalCannotAuthorizeDifferentFeatureOrSnapshot]' started.
Test Case '-[WhoopStoreTests.ServerScoreAuthorizationTests testSleepApprovalCannotAuthorizeDifferentFeatureOrSnapshot]' passed (0.001 seconds).
Test Suite 'ServerScoreAuthorizationTests' passed at 2026-09-21 23:13:39.588.
	 Executed 4 tests, with 0 failures (0 unexpected) in 0.003 (0.003) seconds
Test Suite 'ServerScoreCacheEfficiencyTests' started at 2026-09-21 23:13:39.588.
Test Case '-[WhoopStoreTests.ServerScoreCacheEfficiencyTests testChangedRevisionStillReplacesWholePayloadAndEnforcesBoundsAtomically]' started.
Test Case '-[WhoopStoreTests.ServerScoreCacheEfficiencyTests testChangedRevisionStillReplacesWholePayloadAndEnforcesBoundsAtomically]' passed (0.002 seconds).
Test Case '-[WhoopStoreTests.ServerScoreCacheEfficiencyTests testCoalescedTouchFailureRollsBackEveryAccessUpdate]' started.
Test Case '-[WhoopStoreTests.ServerScoreCacheEfficiencyTests testCoalescedTouchFailureRollsBackEveryAccessUpdate]' passed (0.003 seconds).
Test Case '-[WhoopStoreTests.ServerScoreCacheEfficiencyTests testCorruptSelectedRowFailsBeforeAnyHydrationTouch]' started.
Test Case '-[WhoopStoreTests.ServerScoreCacheEfficiencyTests testCorruptSelectedRowFailsBeforeAnyHydrationTouch]' passed (0.009 seconds).
Test Case '-[WhoopStoreTests.ServerScoreCacheEfficiencyTests testExactFetchedContentRefreshesMetadataWithoutPayloadRewriteOrEviction]' started.
Test Case '-[WhoopStoreTests.ServerScoreCacheEfficiencyTests testExactFetchedContentRefreshesMetadataWithoutPayloadRewriteOrEviction]' passed (0.002 seconds).
Test Case '-[WhoopStoreTests.ServerScoreCacheEfficiencyTests testExactRefreshUpdatesOfflineSourceSelectionAndInvalidTimeFailsBeforeSQL]' started.
Test Case '-[WhoopStoreTests.ServerScoreCacheEfficiencyTests testExactRefreshUpdatesOfflineSourceSelectionAndInvalidTimeFailsBeforeSQL]' passed (0.002 seconds).
Test Case '-[WhoopStoreTests.ServerScoreCacheEfficiencyTests testFourteenDayHydrationCommitsOneLRUTransactionWithoutPayloadWrites]' started.
Test Case '-[WhoopStoreTests.ServerScoreCacheEfficiencyTests testFourteenDayHydrationCommitsOneLRUTransactionWithoutPayloadWrites]' passed (0.010 seconds).
Test Case '-[WhoopStoreTests.ServerScoreCacheEfficiencyTests testHydrationTouchesOnlySelectedOwnerTimezoneAndSource]' started.
Test Case '-[WhoopStoreTests.ServerScoreCacheEfficiencyTests testHydrationTouchesOnlySelectedOwnerTimezoneAndSource]' passed (0.003 seconds).
Test Case '-[WhoopStoreTests.ServerScoreCacheEfficiencyTests testMissesAndRepeatedIdenticalAccessTimeDoNotStartWriteTransactions]' started.
Test Case '-[WhoopStoreTests.ServerScoreCacheEfficiencyTests testMissesAndRepeatedIdenticalAccessTimeDoNotStartWriteTransactions]' passed (0.002 seconds).
Test Case '-[WhoopStoreTests.ServerScoreCacheEfficiencyTests testRefreshPreservesRevisionConflictsAndOlderResponseFences]' started.
Test Case '-[WhoopStoreTests.ServerScoreCacheEfficiencyTests testRefreshPreservesRevisionConflictsAndOlderResponseFences]' passed (0.002 seconds).
Test Case '-[WhoopStoreTests.ServerScoreCacheEfficiencyTests testRejectedCommitCannotEstablishAnEvictionProof]' started.
Test Case '-[WhoopStoreTests.ServerScoreCacheEfficiencyTests testRejectedCommitCannotEstablishAnEvictionProof]' passed (0.003 seconds).
Test Case '-[WhoopStoreTests.ServerScoreCacheEfficiencyTests testSameWriterAndExternalConnectionChangesInvalidateEvictionProof]' started.
Test Case '-[WhoopStoreTests.ServerScoreCacheEfficiencyTests testSameWriterAndExternalConnectionChangesInvalidateEvictionProof]' passed (0.009 seconds).
Test Case '-[WhoopStoreTests.ServerScoreCacheEfficiencyTests testTighterReopenedLimitsAreEnforcedForEachNamespace]' started.
Test Case '-[WhoopStoreTests.ServerScoreCacheEfficiencyTests testTighterReopenedLimitsAreEnforcedForEachNamespace]' passed (0.004 seconds).
Test Suite 'ServerScoreCacheEfficiencyTests' passed at 2026-09-21 23:13:39.640.
	 Executed 12 tests, with 0 failures (0 unexpected) in 0.051 (0.052) seconds
Test Suite 'ServerScoreCacheTests' started at 2026-09-21 23:13:39.640.
Test Case '-[WhoopStoreTests.ServerScoreCacheTests testAllUnknownRemainsUnavailable]' started.
Test Case '-[WhoopStoreTests.ServerScoreCacheTests testAllUnknownRemainsUnavailable]' passed (0.001 seconds).
Test Case '-[WhoopStoreTests.ServerScoreCacheTests testDelayedResponseCannotCrossSignOutOrAccountSwitch]' started.
Test Case '-[WhoopStoreTests.ServerScoreCacheTests testDelayedResponseCannotCrossSignOutOrAccountSwitch]' passed (0.000 seconds).
Test Case '-[WhoopStoreTests.ServerScoreCacheTests testLaterRequestAndHigherRevisionWin]' started.
Test Case '-[WhoopStoreTests.ServerScoreCacheTests testLaterRequestAndHigherRevisionWin]' passed (0.000 seconds).
Test Case '-[WhoopStoreTests.ServerScoreCacheTests testLegacySelectedRowsKeepTotalsWithoutClaimingV2Quality]' started.
Test Case '-[WhoopStoreTests.ServerScoreCacheTests testLegacySelectedRowsKeepTotalsWithoutClaimingV2Quality]' passed (0.016 seconds).
Test Case '-[WhoopStoreTests.ServerScoreCacheTests testOwnerDeviceVersionScopesAndLegacyRowsAreIsolated]' started.
Test Case '-[WhoopStoreTests.ServerScoreCacheTests testOwnerDeviceVersionScopesAndLegacyRowsAreIsolated]' passed (0.017 seconds).
Test Case '-[WhoopStoreTests.ServerScoreCacheTests testRoundTripPreservesEpochMetadataAndHistoricalAvailability]' started.
Test Case '-[WhoopStoreTests.ServerScoreCacheTests testRoundTripPreservesEpochMetadataAndHistoricalAvailability]' passed (0.016 seconds).
Test Case '-[WhoopStoreTests.ServerScoreCacheTests testSelectedDeviceLoadsItsOlderSnapshotWithoutCrossingOwner]' started.
Test Case '-[WhoopStoreTests.ServerScoreCacheTests testSelectedDeviceLoadsItsOlderSnapshotWithoutCrossingOwner]' passed (0.016 seconds).
Test Case '-[WhoopStoreTests.ServerScoreCacheTests testStrictOwnerDayAndSchemaReadback]' started.
Test Case '-[WhoopStoreTests.ServerScoreCacheTests testStrictOwnerDayAndSchemaReadback]' passed (0.000 seconds).
Test Suite 'ServerScoreCacheTests' passed at 2026-09-21 23:13:39.707.
	 Executed 8 tests, with 0 failures (0 unexpected) in 0.067 (0.067) seconds
Test Suite 'ServerScoreSnapshotCacheTests' started at 2026-09-21 23:13:39.707.
Test Case '-[WhoopStoreTests.ServerScoreSnapshotCacheTests testDelayedResponsesFrom128SessionGenerationsCannotReplaceLatest]' started.
Test Case '-[WhoopStoreTests.ServerScoreSnapshotCacheTests testDelayedResponsesFrom128SessionGenerationsCannotReplaceLatest]' passed (0.002 seconds).
Test Case '-[WhoopStoreTests.ServerScoreSnapshotCacheTests testEveryKeyDimensionIsIsolated]' started.
Test Case '-[WhoopStoreTests.ServerScoreSnapshotCacheTests testEveryKeyDimensionIsIsolated]' passed (0.002 seconds).
Test Case '-[WhoopStoreTests.ServerScoreSnapshotCacheTests testFileReopenPreservesScopedSnapshotWithoutAdoptingLegacyRows]' started.
Test Case '-[WhoopStoreTests.ServerScoreSnapshotCacheTests testFileReopenPreservesScopedSnapshotWithoutAdoptingLegacyRows]' passed (0.003 seconds).
Test Case '-[WhoopStoreTests.ServerScoreSnapshotCacheTests testGlobalRowLimitAppliesAcrossAccountNamespaces]' started.
Test Case '-[WhoopStoreTests.ServerScoreSnapshotCacheTests testGlobalRowLimitAppliesAcrossAccountNamespaces]' passed (0.003 seconds).
Test Case '-[WhoopStoreTests.ServerScoreSnapshotCacheTests testInvalidDayAndTimezoneAreRejected]' started.
Test Case '-[WhoopStoreTests.ServerScoreSnapshotCacheTests testInvalidDayAndTimezoneAreRejected]' passed (0.001 seconds).
Test Case '-[WhoopStoreTests.ServerScoreSnapshotCacheTests testLogoutAndSameAccountReloginRejectOldReadsAndWrites]' started.
Test Case '-[WhoopStoreTests.ServerScoreSnapshotCacheTests testLogoutAndSameAccountReloginRejectOldReadsAndWrites]' passed (0.001 seconds).
Test Case '-[WhoopStoreTests.ServerScoreSnapshotCacheTests testOversizedAndCorruptPayloadsAreNotAdmitted]' started.
Test Case '-[WhoopStoreTests.ServerScoreSnapshotCacheTests testOversizedAndCorruptPayloadsAreNotAdmitted]' passed (0.001 seconds).
Test Case '-[WhoopStoreTests.ServerScoreSnapshotCacheTests testRecentLoadsLastObservedSourceAndVersionWithoutCrossingOwnerOrTimezone]' started.
Test Case '-[WhoopStoreTests.ServerScoreSnapshotCacheTests testRecentLoadsLastObservedSourceAndVersionWithoutCrossingOwnerOrTimezone]' passed (0.002 seconds).
Test Case '-[WhoopStoreTests.ServerScoreSnapshotCacheTests testRowsAndBytesAreBoundedAndReadsTouchLRU]' started.
Test Case '-[WhoopStoreTests.ServerScoreSnapshotCacheTests testRowsAndBytesAreBoundedAndReadsTouchLRU]' passed (0.002 seconds).
Test Case '-[WhoopStoreTests.ServerScoreSnapshotCacheTests testTombstoneReplacesCompletePayloadAndRejectsOlderResponses]' started.
Test Case '-[WhoopStoreTests.ServerScoreSnapshotCacheTests testTombstoneReplacesCompletePayloadAndRejectsOlderResponses]' passed (0.002 seconds).
Test Suite 'ServerScoreSnapshotCacheTests' passed at 2026-09-21 23:13:39.727.
	 Executed 10 tests, with 0 failures (0 unexpected) in 0.019 (0.020) seconds
Test Suite 'ServerSleepOverrideTests' started at 2026-09-21 23:13:39.727.
Test Case '-[WhoopStoreTests.ServerSleepOverrideTests testAuthoritativeProvenanceCannotSelectAnotherRowWithTheSameBounds]' started.
Test Case '-[WhoopStoreTests.ServerSleepOverrideTests testAuthoritativeProvenanceCannotSelectAnotherRowWithTheSameBounds]' passed (0.002 seconds).
Test Case '-[WhoopStoreTests.ServerSleepOverrideTests testCorrectionPreservesOriginalIdentityBoundsAndOptimisticRevision]' started.
Test Case '-[WhoopStoreTests.ServerSleepOverrideTests testCorrectionPreservesOriginalIdentityBoundsAndOptimisticRevision]' passed (0.001 seconds).
Test Case '-[WhoopStoreTests.ServerSleepOverrideTests testFirstOverrideUsesStableDraftIdAndTombstoneRestoreKeepsRevision]' started.
Test Case '-[WhoopStoreTests.ServerSleepOverrideTests testFirstOverrideUsesStableDraftIdAndTombstoneRestoreKeepsRevision]' passed (0.001 seconds).
Test Case '-[WhoopStoreTests.ServerSleepOverrideTests testLegacyContinuationCarriesSourceTokenAndExactOriginalBounds]' started.
Test Case '-[WhoopStoreTests.ServerSleepOverrideTests testLegacyContinuationCarriesSourceTokenAndExactOriginalBounds]' passed (0.018 seconds).
Test Case '-[WhoopStoreTests.ServerSleepOverrideTests testLegacyWithoutValidSourceTokenCannotBecomeANewUnfencedOverride]' started.
Test Case '-[WhoopStoreTests.ServerSleepOverrideTests testLegacyWithoutValidSourceTokenCannotBecomeANewUnfencedOverride]' passed (0.004 seconds).
Test Case '-[WhoopStoreTests.ServerSleepOverrideTests testOwnerScopedCacheRoundTripRetainsImmediateOverrideRevision]' started.
Test Case '-[WhoopStoreTests.ServerSleepOverrideTests testOwnerScopedCacheRoundTripRetainsImmediateOverrideRevision]' passed (0.016 seconds).
Test Case '-[WhoopStoreTests.ServerSleepOverrideTests testUnsupportedSelectedModelAndInvalidBoundsAreRejected]' started.
Test Case '-[WhoopStoreTests.ServerSleepOverrideTests testUnsupportedSelectedModelAndInvalidBoundsAreRejected]' passed (0.001 seconds).
Test Suite 'ServerSleepOverrideTests' passed at 2026-09-21 23:13:39.772.
	 Executed 7 tests, with 0 failures (0 unexpected) in 0.044 (0.044) seconds
Test Suite 'ServerSleepViewModelTests' started at 2026-09-21 23:13:39.772.
Test Case '-[WhoopStoreTests.ServerSleepViewModelTests testCanonicalStatesDoNotBecomeLightSleep]' started.
Test Case '-[WhoopStoreTests.ServerSleepViewModelTests testCanonicalStatesDoNotBecomeLightSleep]' passed (0.000 seconds).
Test Case '-[WhoopStoreTests.ServerSleepViewModelTests testEpochTimesAndMissingGapRemainUnmodified]' started.
Test Case '-[WhoopStoreTests.ServerSleepViewModelTests testEpochTimesAndMissingGapRemainUnmodified]' passed (0.001 seconds).
Test Case '-[WhoopStoreTests.ServerSleepViewModelTests testEventTimeZonesSurviveCodecAndDoNotUseTheCurrentPhoneZone]' started.
Test Case '-[WhoopStoreTests.ServerSleepViewModelTests testEventTimeZonesSurviveCodecAndDoNotUseTheCurrentPhoneZone]' passed (0.001 seconds).
Test Case '-[WhoopStoreTests.ServerSleepViewModelTests testLegacyDatabaseRowThroughCodecPreservesBaselineStagesAndTotals]' started.
Test Case '-[WhoopStoreTests.ServerSleepViewModelTests testLegacyDatabaseRowThroughCodecPreservesBaselineStagesAndTotals]' passed (0.001 seconds).
Test Case '-[WhoopStoreTests.ServerSleepViewModelTests testMissingEpochsNeverCreateTimelineAndCanonicalNapSurvives]' started.
Test Case '-[WhoopStoreTests.ServerSleepViewModelTests testMissingEpochsNeverCreateTimelineAndCanonicalNapSurvives]' passed (0.000 seconds).
Test Case '-[WhoopStoreTests.ServerSleepViewModelTests testOpportunityLabelsNeverClaimUnconfirmedBedOccupancy]' started.
Test Case '-[WhoopStoreTests.ServerSleepViewModelTests testOpportunityLabelsNeverClaimUnconfirmedBedOccupancy]' passed (0.002 seconds).
Test Case '-[WhoopStoreTests.ServerSleepViewModelTests testUnavailableIsNotZeroAndAfternoonMainRemainsMain]' started.
Test Case '-[WhoopStoreTests.ServerSleepViewModelTests testUnavailableIsNotZeroAndAfternoonMainRemainsMain]' passed (0.000 seconds).
Test Suite 'ServerSleepViewModelTests' passed at 2026-09-21 23:13:39.778.
	 Executed 7 tests, with 0 failures (0 unexpected) in 0.006 (0.006) seconds
Test Suite 'ServerVitalSelectionTests' started at 2026-09-21 23:13:39.778.
Test Case '-[WhoopStoreTests.ServerVitalSelectionTests testLocalModeIsUnchangedAndIgnoresServer]' started.
Test Case '-[WhoopStoreTests.ServerVitalSelectionTests testLocalModeIsUnchangedAndIgnoresServer]' passed (0.001 seconds).
Test Case '-[WhoopStoreTests.ServerVitalSelectionTests testMissingOrUnavailableSelectedFeatureRejectsEvenPresentDailyValues]' started.
Test Case '-[WhoopStoreTests.ServerVitalSelectionTests testMissingOrUnavailableSelectedFeatureRejectsEvenPresentDailyValues]' passed (0.002 seconds).
Test Case '-[WhoopStoreTests.ServerVitalSelectionTests testMissingOverlayDoesNotSubstituteUnqualifiedLocalPhysiology]' started.
Test Case '-[WhoopStoreTests.ServerVitalSelectionTests testMissingOverlayDoesNotSubstituteUnqualifiedLocalPhysiology]' passed (0.000 seconds).
Test Case '-[WhoopStoreTests.ServerVitalSelectionTests testMissingServerPhysiologyRemainsUnavailable]' started.
Test Case '-[WhoopStoreTests.ServerVitalSelectionTests testMissingServerPhysiologyRemainsUnavailable]' passed (0.001 seconds).
Test Case '-[WhoopStoreTests.ServerVitalSelectionTests testPreQualificationCacheCannotBecomeCanonicalOrFallBackToLocalPhysiology]' started.
Test Case '-[WhoopStoreTests.ServerVitalSelectionTests testPreQualificationCacheCannotBecomeCanonicalOrFallBackToLocalPhysiology]' passed (0.000 seconds).
Test Case '-[WhoopStoreTests.ServerVitalSelectionTests testRestingHRUsesActualHrvFeatureScopeAndMetadata]' started.
Test Case '-[WhoopStoreTests.ServerVitalSelectionTests testRestingHRUsesActualHrvFeatureScopeAndMetadata]' passed (0.000 seconds).
Test Case '-[WhoopStoreTests.ServerVitalSelectionTests testRestUsesQualifiedSleepFeature]' started.
Test Case '-[WhoopStoreTests.ServerVitalSelectionTests testRestUsesQualifiedSleepFeature]' passed (0.000 seconds).
Test Case '-[WhoopStoreTests.ServerVitalSelectionTests testRetainedServerValueCarriesStaleness]' started.
Test Case '-[WhoopStoreTests.ServerVitalSelectionTests testRetainedServerValueCarriesStaleness]' passed (0.000 seconds).
Test Case '-[WhoopStoreTests.ServerVitalSelectionTests testSelectedServerValuesAndRealZeroWin]' started.
Test Case '-[WhoopStoreTests.ServerVitalSelectionTests testSelectedServerValuesAndRealZeroWin]' passed (0.000 seconds).
Test Case '-[WhoopStoreTests.ServerVitalSelectionTests testSleepUsesSelectedDaySourceAndPreservesZeroWithoutLocalFallback]' started.
Test Case '-[WhoopStoreTests.ServerVitalSelectionTests testSleepUsesSelectedDaySourceAndPreservesZeroWithoutLocalFallback]' passed (0.001 seconds).
Test Case '-[WhoopStoreTests.ServerVitalSelectionTests testWrongDayCannotMasqueradeAsSelectedDay]' started.
Test Case '-[WhoopStoreTests.ServerVitalSelectionTests testWrongDayCannotMasqueradeAsSelectedDay]' passed (0.001 seconds).
Test Suite 'ServerVitalSelectionTests' passed at 2026-09-21 23:13:39.785.
	 Executed 11 tests, with 0 failures (0 unexpected) in 0.007 (0.007) seconds
Test Suite 'SleepDeleteUndoStoreTests' started at 2026-09-21 23:13:39.785.
Test Case '-[WhoopStoreTests.SleepDeleteUndoStoreTests testUndoRestoresComputedRowIntoComputedNamespaceOnly]' started.
Test Case '-[WhoopStoreTests.SleepDeleteUndoStoreTests testUndoRestoresComputedRowIntoComputedNamespaceOnly]' passed (0.015 seconds).
Test Case '-[WhoopStoreTests.SleepDeleteUndoStoreTests testUndoRestoresImportedRowIntoImportedNamespaceOnly]' started.
Test Case '-[WhoopStoreTests.SleepDeleteUndoStoreTests testUndoRestoresImportedRowIntoImportedNamespaceOnly]' passed (0.014 seconds).
Test Case '-[WhoopStoreTests.SleepDeleteUndoStoreTests testUndoRestoresUserEditedNightMotionAndBandStateTracks]' started.
Test Case '-[WhoopStoreTests.SleepDeleteUndoStoreTests testUndoRestoresUserEditedNightMotionAndBandStateTracks]' passed (0.015 seconds).
Test Case '-[WhoopStoreTests.SleepDeleteUndoStoreTests testUndoRestoresUserEditedNightWithFlagIntact]' started.
Test Case '-[WhoopStoreTests.SleepDeleteUndoStoreTests testUndoRestoresUserEditedNightWithFlagIntact]' passed (0.015 seconds).
Test Suite 'SleepDeleteUndoStoreTests' passed at 2026-09-21 23:13:39.844.
	 Executed 4 tests, with 0 failures (0 unexpected) in 0.059 (0.059) seconds
Test Suite 'SleepMergeTests' started at 2026-09-21 23:13:39.844.
Test Case '-[WhoopStoreTests.SleepMergeTests testEmptyArrayAndBlankStagesJSONCountAsStageless]' started.
Test Case '-[WhoopStoreTests.SleepMergeTests testEmptyArrayAndBlankStagesJSONCountAsStageless]' passed (0.000 seconds).
Test Case '-[WhoopStoreTests.SleepMergeTests testEmptyInputsReturnEmpty]' started.
Test Case '-[WhoopStoreTests.SleepMergeTests testEmptyInputsReturnEmpty]' passed (0.000 seconds).
Test Case '-[WhoopStoreTests.SleepMergeTests testEquallyHoledSidesKeepImportedWins]' started.
Test Case '-[WhoopStoreTests.SleepMergeTests testEquallyHoledSidesKeepImportedWins]' passed (0.000 seconds).
Test Case '-[WhoopStoreTests.SleepMergeTests testFullyCoveredImportStillWins]' started.
Test Case '-[WhoopStoreTests.SleepMergeTests testFullyCoveredImportStillWins]' passed (0.000 seconds).
Test Case '-[WhoopStoreTests.SleepMergeTests testHoledImportStillBeatsStagelessComputed]' started.
Test Case '-[WhoopStoreTests.SleepMergeTests testHoledImportStillBeatsStagelessComputed]' passed (0.000 seconds).
Test Case '-[WhoopStoreTests.SleepMergeTests testHoledImportYieldsToFullyCoveredComputedNight]' started.
Test Case '-[WhoopStoreTests.SleepMergeTests testHoledImportYieldsToFullyCoveredComputedNight]' passed (0.000 seconds).
Test Case '-[WhoopStoreTests.SleepMergeTests testImportedMinuteDictIsNeverHoled]' started.
Test Case '-[WhoopStoreTests.SleepMergeTests testImportedMinuteDictIsNeverHoled]' passed (0.000 seconds).
Test Case '-[WhoopStoreTests.SleepMergeTests testImportedWinsForItsDayButKeepsComputedOnOtherDays]' started.
Test Case '-[WhoopStoreTests.SleepMergeTests testImportedWinsForItsDayButKeepsComputedOnOtherDays]' passed (0.000 seconds).
Test Case '-[WhoopStoreTests.SleepMergeTests testImportWithStagesStillWinsItsDay]' started.
Test Case '-[WhoopStoreTests.SleepMergeTests testImportWithStagesStillWinsItsDay]' passed (0.000 seconds).
Test Case '-[WhoopStoreTests.SleepMergeTests testNeitherSideHasStagesImportStillWins]' started.
Test Case '-[WhoopStoreTests.SleepMergeTests testNeitherSideHasStagesImportStillWins]' passed (0.000 seconds).
Test Case '-[WhoopStoreTests.SleepMergeTests testRichnessExceptionKeepsEverySessionOfWinningDay]' started.
Test Case '-[WhoopStoreTests.SleepMergeTests testRichnessExceptionKeepsEverySessionOfWinningDay]' passed (0.000 seconds).
Test Case '-[WhoopStoreTests.SleepMergeTests testStagelessImportYieldsToComputedDayWithStages]' started.
Test Case '-[WhoopStoreTests.SleepMergeTests testStagelessImportYieldsToComputedDayWithStages]' passed (0.000 seconds).
Test Case '-[WhoopStoreTests.SleepMergeTests testTwoComputedSessionsSameEndDayBothSurvive]' started.
Test Case '-[WhoopStoreTests.SleepMergeTests testTwoComputedSessionsSameEndDayBothSurvive]' passed (0.000 seconds).
Test Case '-[WhoopStoreTests.SleepMergeTests testTwoImportedSessionsSameEndDayBothSurvive]' started.
Test Case '-[WhoopStoreTests.SleepMergeTests testTwoImportedSessionsSameEndDayBothSurvive]' passed (0.000 seconds).
Test Suite 'SleepMergeTests' passed at 2026-09-21 23:13:39.846.
	 Executed 14 tests, with 0 failures (0 unexpected) in 0.001 (0.002) seconds
Test Suite 'SleepMotionStateTests' started at 2026-09-21 23:13:39.846.
Test Case '-[WhoopStoreTests.SleepMotionStateTests testBatchedSessionMotionsEmptyInputNoQuery]' started.
Test Case '-[WhoopStoreTests.SleepMotionStateTests testBatchedSessionMotionsEmptyInputNoQuery]' passed (0.014 seconds).
Test Case '-[WhoopStoreTests.SleepMotionStateTests testBatchedSessionMotionsMatchesSingles]' started.
Test Case '-[WhoopStoreTests.SleepMotionStateTests testBatchedSessionMotionsMatchesSingles]' passed (0.014 seconds).
Test Case '-[WhoopStoreTests.SleepMotionStateTests testBatchedSessionSleepStatesMatchesSingles]' started.
Test Case '-[WhoopStoreTests.SleepMotionStateTests testBatchedSessionSleepStatesMatchesSingles]' passed (0.014 seconds).
Test Case '-[WhoopStoreTests.SleepMotionStateTests testMotionAbsentReadsNil]' started.
Test Case '-[WhoopStoreTests.SleepMotionStateTests testMotionAbsentReadsNil]' passed (0.014 seconds).
Test Case '-[WhoopStoreTests.SleepMotionStateTests testMotionEmptyClearsToNil]' started.
Test Case '-[WhoopStoreTests.SleepMotionStateTests testMotionEmptyClearsToNil]' passed (0.015 seconds).
Test Case '-[WhoopStoreTests.SleepMotionStateTests testMotionNoSuchSessionNoOp]' started.
Test Case '-[WhoopStoreTests.SleepMotionStateTests testMotionNoSuchSessionNoOp]' passed (0.014 seconds).
Test Case '-[WhoopStoreTests.SleepMotionStateTests testMotionRoundTrip]' started.
Test Case '-[WhoopStoreTests.SleepMotionStateTests testMotionRoundTrip]' passed (0.014 seconds).
Test Case '-[WhoopStoreTests.SleepMotionStateTests testSchemaVersionBumpedTo18]' started.
Test Case '-[WhoopStoreTests.SleepMotionStateTests testSchemaVersionBumpedTo18]' passed (0.000 seconds).
Test Case '-[WhoopStoreTests.SleepMotionStateTests testSleepStateAbsentReadsNil]' started.
Test Case '-[WhoopStoreTests.SleepMotionStateTests testSleepStateAbsentReadsNil]' passed (0.015 seconds).
Test Case '-[WhoopStoreTests.SleepMotionStateTests testSleepStateEmptyClearsToNil]' started.
Test Case '-[WhoopStoreTests.SleepMotionStateTests testSleepStateEmptyClearsToNil]' passed (0.015 seconds).
Test Case '-[WhoopStoreTests.SleepMotionStateTests testSleepStateRoundTrip]' started.
Test Case '-[WhoopStoreTests.SleepMotionStateTests testSleepStateRoundTrip]' passed (0.014 seconds).
Test Case '-[WhoopStoreTests.SleepMotionStateTests testUpsertPreservesMotionAndState]' started.
Test Case '-[WhoopStoreTests.SleepMotionStateTests testUpsertPreservesMotionAndState]' passed (0.014 seconds).
Test Case '-[WhoopStoreTests.SleepMotionStateTests testV18AddsMotionAndStateColumns]' started.
Test Case '-[WhoopStoreTests.SleepMotionStateTests testV18AddsMotionAndStateColumns]' passed (0.014 seconds).
Test Suite 'SleepMotionStateTests' passed at 2026-09-21 23:13:40.020.
	 Executed 13 tests, with 0 failures (0 unexpected) in 0.173 (0.174) seconds
Test Suite 'SleepSessionDedupTests' started at 2026-09-21 23:13:40.020.
Test Case '-[WhoopStoreTests.SleepSessionDedupTests testEmptyAndSingleInputsPassThrough]' started.
Test Case '-[WhoopStoreTests.SleepSessionDedupTests testEmptyAndSingleInputsPassThrough]' passed (0.000 seconds).
Test Case '-[WhoopStoreTests.SleepSessionDedupTests testFreshBankWinsOverALongerStaleDuplicate]' started.
Test Case '-[WhoopStoreTests.SleepSessionDedupTests testFreshBankWinsOverALongerStaleDuplicate]' passed (0.000 seconds).
Test Case '-[WhoopStoreTests.SleepSessionDedupTests testKeyedStartCollapsesOnsetJitterToOneBucket]' started.
Test Case '-[WhoopStoreTests.SleepSessionDedupTests testKeyedStartCollapsesOnsetJitterToOneBucket]' passed (0.000 seconds).
Test Case '-[WhoopStoreTests.SleepSessionDedupTests testKeyedStartRoundsHalfUpAndClampsGrid]' started.
Test Case '-[WhoopStoreTests.SleepSessionDedupTests testKeyedStartRoundsHalfUpAndClampsGrid]' passed (0.000 seconds).
Test Case '-[WhoopStoreTests.SleepSessionDedupTests testNapGrazingTheNightBelowThresholdIsKept]' started.
Test Case '-[WhoopStoreTests.SleepSessionDedupTests testNapGrazingTheNightBelowThresholdIsKept]' passed (0.000 seconds).
Test Case '-[WhoopStoreTests.SleepSessionDedupTests testOura1284AdjacentNapsOfComparableLengthAreKept]' started.
Test Case '-[WhoopStoreTests.SleepSessionDedupTests testOura1284AdjacentNapsOfComparableLengthAreKept]' passed (0.000 seconds).
Test Case '-[WhoopStoreTests.SleepSessionDedupTests testOura1284GapBeyondNearAdjacentStaysSeparate]' started.
Test Case '-[WhoopStoreTests.SleepSessionDedupTests testOura1284GapBeyondNearAdjacentStaysSeparate]' passed (0.000 seconds).
Test Case '-[WhoopStoreTests.SleepSessionDedupTests testOura1284GrazingFragmentCollapsesAcrossTheOverlapSeam]' started.
Test Case '-[WhoopStoreTests.SleepSessionDedupTests testOura1284GrazingFragmentCollapsesAcrossTheOverlapSeam]' passed (0.000 seconds).
Test Case '-[WhoopStoreTests.SleepSessionDedupTests testOura1284IdenticalReAnchorsResolveByLatestEnd]' started.
Test Case '-[WhoopStoreTests.SleepSessionDedupTests testOura1284IdenticalReAnchorsResolveByLatestEnd]' passed (0.000 seconds).
Test Case '-[WhoopStoreTests.SleepSessionDedupTests testOura1284MultiplePhantomFragmentsAllCollapseToTheNight]' started.
Test Case '-[WhoopStoreTests.SleepSessionDedupTests testOura1284MultiplePhantomFragmentsAllCollapseToTheNight]' passed (0.000 seconds).
Test Case '-[WhoopStoreTests.SleepSessionDedupTests testOura1284PartialDrainKeepsTheFullerOverlappingDecode]' started.
Test Case '-[WhoopStoreTests.SleepSessionDedupTests testOura1284PartialDrainKeepsTheFullerOverlappingDecode]' passed (0.000 seconds).
Test Case '-[WhoopStoreTests.SleepSessionDedupTests testOura1284PreOnsetFragmentCollapsesDespiteNoOverlap]' started.
Test Case '-[WhoopStoreTests.SleepSessionDedupTests testOura1284PreOnsetFragmentCollapsesDespiteNoOverlap]' passed (0.000 seconds).
Test Case '-[WhoopStoreTests.SleepSessionDedupTests testOura1284RealNapStaysSeparate]' started.
Test Case '-[WhoopStoreTests.SleepSessionDedupTests testOura1284RealNapStaysSeparate]' passed (0.000 seconds).
Test Case '-[WhoopStoreTests.SleepSessionDedupTests testOverlapUsesTheEditedEffectiveOnset]' started.
Test Case '-[WhoopStoreTests.SleepSessionDedupTests testOverlapUsesTheEditedEffectiveOnset]' passed (0.000 seconds).
Test Case '-[WhoopStoreTests.SleepSessionDedupTests testPlanBankFreshNightWithNoStoredMatchBanksClean]' started.
Test Case '-[WhoopStoreTests.SleepSessionDedupTests testPlanBankFreshNightWithNoStoredMatchBanksClean]' passed (0.000 seconds).
Test Case '-[WhoopStoreTests.SleepSessionDedupTests testPlanBankIdenticalReserveIsANoOp]' started.
Test Case '-[WhoopStoreTests.SleepSessionDedupTests testPlanBankIdenticalReserveIsANoOp]' passed (0.000 seconds).
Test Case '-[WhoopStoreTests.SleepSessionDedupTests testPlanBankLaterWakingReAnchorSupersedesTheEarlier]' started.
Test Case '-[WhoopStoreTests.SleepSessionDedupTests testPlanBankLaterWakingReAnchorSupersedesTheEarlier]' passed (0.000 seconds).
Test Case '-[WhoopStoreTests.SleepSessionDedupTests testPlanBankNeverClobbersAUserEditedNight]' started.
Test Case '-[WhoopStoreTests.SleepSessionDedupTests testPlanBankNeverClobbersAUserEditedNight]' passed (0.000 seconds).
Test Case '-[WhoopStoreTests.SleepSessionDedupTests testPlanBankSameBucketFullerCandidateBanksWithoutSelfDeleting]' started.
Test Case '-[WhoopStoreTests.SleepSessionDedupTests testPlanBankSameBucketFullerCandidateBanksWithoutSelfDeleting]' passed (0.000 seconds).
Test Case '-[WhoopStoreTests.SleepSessionDedupTests testPlanBankSameBucketFullerStoredRowSuppressesAPartialReserve]' started.
Test Case '-[WhoopStoreTests.SleepSessionDedupTests testPlanBankSameBucketFullerStoredRowSuppressesAPartialReserve]' passed (0.000 seconds).
Test Case '-[WhoopStoreTests.SleepSessionDedupTests testPlanBankSupersedesAShorterStoredCopy]' started.
Test Case '-[WhoopStoreTests.SleepSessionDedupTests testPlanBankSupersedesAShorterStoredCopy]' passed (0.000 seconds).
Test Case '-[WhoopStoreTests.SleepSessionDedupTests testPlanBankSupersedesOtherKeyRowsButNotItsOwn]' started.
Test Case '-[WhoopStoreTests.SleepSessionDedupTests testPlanBankSupersedesOtherKeyRowsButNotItsOwn]' passed (0.000 seconds).
Test Case '-[WhoopStoreTests.SleepSessionDedupTests testPlanBankSuppressesAPartialAgainstAFullerStoredNight]' started.
Test Case '-[WhoopStoreTests.SleepSessionDedupTests testPlanBankSuppressesAPartialAgainstAFullerStoredNight]' passed (0.000 seconds).
Test Case '-[WhoopStoreTests.SleepSessionDedupTests testShiftedTimebaseDuplicateCollapsesToOneSurvivorOnTheCorrectDay]' started.
Test Case '-[WhoopStoreTests.SleepSessionDedupTests testShiftedTimebaseDuplicateCollapsesToOneSurvivorOnTheCorrectDay]' passed (0.000 seconds).
Test Case '-[WhoopStoreTests.SleepSessionDedupTests testThreeShiftedCopiesCollapseToOneSurvivor]' started.
Test Case '-[WhoopStoreTests.SleepSessionDedupTests testThreeShiftedCopiesCollapseToOneSurvivor]' passed (0.000 seconds).
Test Case '-[WhoopStoreTests.SleepSessionDedupTests testTwoDistinctNightsAreBothKept]' started.
Test Case '-[WhoopStoreTests.SleepSessionDedupTests testTwoDistinctNightsAreBothKept]' passed (0.000 seconds).
Test Case '-[WhoopStoreTests.SleepSessionDedupTests testUserEditedSessionIsNeverDropped]' started.
Test Case '-[WhoopStoreTests.SleepSessionDedupTests testUserEditedSessionIsNeverDropped]' passed (0.000 seconds).
Test Case '-[WhoopStoreTests.SleepSessionDedupTests testWithoutBankRecencyTheLongerSessionWins]' started.
Test Case '-[WhoopStoreTests.SleepSessionDedupTests testWithoutBankRecencyTheLongerSessionWins]' passed (0.000 seconds).
Test Suite 'SleepSessionDedupTests' passed at 2026-09-21 23:13:40.023.
	 Executed 28 tests, with 0 failures (0 unexpected) in 0.002 (0.003) seconds
Test Suite 'SleepStateSampleTests' started at 2026-09-21 23:13:40.023.
Test Case '-[WhoopStoreTests.SleepStateSampleTests testSleepStateInsertRoundTripAndDedup]' started.
Test Case '-[WhoopStoreTests.SleepStateSampleTests testSleepStateInsertRoundTripAndDedup]' passed (0.014 seconds).
Test Case '-[WhoopStoreTests.SleepStateSampleTests testSleepStatePrimaryKeyIsDeviceIdTs]' started.
Test Case '-[WhoopStoreTests.SleepStateSampleTests testSleepStatePrimaryKeyIsDeviceIdTs]' passed (0.015 seconds).
Test Case '-[WhoopStoreTests.SleepStateSampleTests testSleepStateReadIsDeviceAndRangeScoped]' started.
Test Case '-[WhoopStoreTests.SleepStateSampleTests testSleepStateReadIsDeviceAndRangeScoped]' passed (0.015 seconds).
Test Case '-[WhoopStoreTests.SleepStateSampleTests testV21CreatesSleepStateTable]' started.
Test Case '-[WhoopStoreTests.SleepStateSampleTests testV21CreatesSleepStateTable]' passed (0.014 seconds).
Test Suite 'SleepStateSampleTests' passed at 2026-09-21 23:13:40.082.
	 Executed 4 tests, with 0 failures (0 unexpected) in 0.058 (0.059) seconds
Test Suite 'SourceIdentityTests' started at 2026-09-21 23:13:40.082.
Test Case '-[WhoopStoreTests.SourceIdentityTests testAddressMatchingIsCaseInsensitive]' started.
Test Case '-[WhoopStoreTests.SourceIdentityTests testAddressMatchingIsCaseInsensitive]' passed (0.000 seconds).
Test Case '-[WhoopStoreTests.SourceIdentityTests testBlankAddressLeavesTheIdAlone]' started.
Test Case '-[WhoopStoreTests.SourceIdentityTests testBlankAddressLeavesTheIdAlone]' passed (0.000 seconds).
Test Case '-[WhoopStoreTests.SourceIdentityTests testIdAlreadyCorrectResolvesToNothing]' started.
Test Case '-[WhoopStoreTests.SourceIdentityTests testIdAlreadyCorrectResolvesToNothing]' passed (0.000 seconds).
Test Case '-[WhoopStoreTests.SourceIdentityTests testLegacyRowCountsAsWhoop]' started.
Test Case '-[WhoopStoreTests.SourceIdentityTests testLegacyRowCountsAsWhoop]' passed (0.000 seconds).
Test Case '-[WhoopStoreTests.SourceIdentityTests testNonWhoopMatchNeverClaimsTheStrapsSamples]' started.
Test Case '-[WhoopStoreTests.SourceIdentityTests testNonWhoopMatchNeverClaimsTheStrapsSamples]' passed (0.000 seconds).
Test Case '-[WhoopStoreTests.SourceIdentityTests testStrapConnectingWhileRingActiveIsAttributedToTheStrap]' started.
Test Case '-[WhoopStoreTests.SourceIdentityTests testStrapConnectingWhileRingActiveIsAttributedToTheStrap]' passed (0.000 seconds).
Test Case '-[WhoopStoreTests.SourceIdentityTests testUnadoptedRowLeavesTheIdAlone]' started.
Test Case '-[WhoopStoreTests.SourceIdentityTests testUnadoptedRowLeavesTheIdAlone]' passed (0.000 seconds).
Test Case '-[WhoopStoreTests.SourceIdentityTests testUnknownAddressLeavesTheIdAlone]' started.
Test Case '-[WhoopStoreTests.SourceIdentityTests testUnknownAddressLeavesTheIdAlone]' passed (0.000 seconds).
Test Suite 'SourceIdentityTests' passed at 2026-09-21 23:13:40.083.
	 Executed 8 tests, with 0 failures (0 unexpected) in 0.001 (0.001) seconds
Test Suite 'StandardHRMappingTests' started at 2026-09-21 23:13:40.083.
Test Case '-[WhoopStoreTests.StandardHRMappingTests testARunOfIdenticalReadingsRecordsOneRowAndEachChangeRecordsOneMore]' started.
Test Case '-[WhoopStoreTests.StandardHRMappingTests testARunOfIdenticalReadingsRecordsOneRowAndEachChangeRecordsOneMore]' passed (0.000 seconds).
Test Case '-[WhoopStoreTests.StandardHRMappingTests testContactSampleParsesPayloadJSONAndDoesNotTreatParseFailureAsAbsence]' started.
Test Case '-[WhoopStoreTests.StandardHRMappingTests testContactSampleParsesPayloadJSONAndDoesNotTreatParseFailureAsAbsence]' passed (0.000 seconds).
Test Case '-[WhoopStoreTests.StandardHRMappingTests testContactSurvivesInsertAndReadWhileLegacyRowsStayAbsent]' started.
Test Case '-[WhoopStoreTests.StandardHRMappingTests testContactSurvivesInsertAndReadWhileLegacyRowsStayAbsent]' passed (0.014 seconds).
Test Case '-[WhoopStoreTests.StandardHRMappingTests testLegacyMappingDoesNotFabricateContact]' started.
Test Case '-[WhoopStoreTests.StandardHRMappingTests testLegacyMappingDoesNotFabricateContact]' passed (0.000 seconds).
Test Case '-[WhoopStoreTests.StandardHRMappingTests testOnlyHRandRRStreamsArePopulated]' started.
Test Case '-[WhoopStoreTests.StandardHRMappingTests testOnlyHRandRRStreamsArePopulated]' passed (0.000 seconds).
Test Case '-[WhoopStoreTests.StandardHRMappingTests testStandardHRContactIsMappedAsAStableEvent]' started.
Test Case '-[WhoopStoreTests.StandardHRMappingTests testStandardHRContactIsMappedAsAStableEvent]' passed (0.000 seconds).
Test Case '-[WhoopStoreTests.StandardHRMappingTests testStandardHRMapsToStreams]' started.
Test Case '-[WhoopStoreTests.StandardHRMappingTests testStandardHRMapsToStreams]' passed (0.000 seconds).
Test Case '-[WhoopStoreTests.StandardHRMappingTests testStandardHRWithNoRRLeavesRREmpty]' started.
Test Case '-[WhoopStoreTests.StandardHRMappingTests testStandardHRWithNoRRLeavesRREmpty]' passed (0.000 seconds).
Test Case '-[WhoopStoreTests.StandardHRMappingTests testTheFirstReadingAlwaysRecords]' started.
Test Case '-[WhoopStoreTests.StandardHRMappingTests testTheFirstReadingAlwaysRecords]' passed (0.000 seconds).
Test Suite 'StandardHRMappingTests' passed at 2026-09-21 23:13:40.098.
	 Executed 9 tests, with 0 failures (0 unexpected) in 0.015 (0.016) seconds
Test Suite 'StandardHRReceiptStoreTests' started at 2026-09-21 23:13:40.098.
Test Case '-[WhoopStoreTests.StandardHRReceiptStoreTests testMigrationPreservesOriginalDataAndDoesNotInventReceiptEvidence]' started.
Test Case '-[WhoopStoreTests.StandardHRReceiptStoreTests testMigrationPreservesOriginalDataAndDoesNotInventReceiptEvidence]' passed (0.014 seconds).
Test Case '-[WhoopStoreTests.StandardHRReceiptStoreTests testSameSecondIdentityReplayAndDeviceIsolationOnRealSQLite]' started.
Test Case '-[WhoopStoreTests.StandardHRReceiptStoreTests testSameSecondIdentityReplayAndDeviceIsolationOnRealSQLite]' passed (0.018 seconds).
Test Suite 'StandardHRReceiptStoreTests' passed at 2026-09-21 23:13:40.130.
	 Executed 2 tests, with 0 failures (0 unexpected) in 0.032 (0.032) seconds
Test Suite 'StepSampleTests' started at 2026-09-21 23:13:40.130.
Test Case '-[WhoopStoreTests.StepSampleTests testActivityClassRoundTrips]' started.
Test Case '-[WhoopStoreTests.StepSampleTests testActivityClassRoundTrips]' passed (0.015 seconds).
Test Case '-[WhoopStoreTests.StepSampleTests testDuplicateStepInsertDoesNotInvalidateRevision]' started.
Test Case '-[WhoopStoreTests.StepSampleTests testDuplicateStepInsertDoesNotInvalidateRevision]' passed (0.014 seconds).
Test Case '-[WhoopStoreTests.StepSampleTests testStepInsertRoundTripAndDedup]' started.
Test Case '-[WhoopStoreTests.StepSampleTests testStepInsertRoundTripAndDedup]' passed (0.015 seconds).
Test Case '-[WhoopStoreTests.StepSampleTests testStepPrimaryKeyIsDeviceIdTs]' started.
Test Case '-[WhoopStoreTests.StepSampleTests testStepPrimaryKeyIsDeviceIdTs]' passed (0.016 seconds).
Test Case '-[WhoopStoreTests.StepSampleTests testStepRevisionOnlyInvalidatesTouchedUtcDays]' started.
Test Case '-[WhoopStoreTests.StepSampleTests testStepRevisionOnlyInvalidatesTouchedUtcDays]' passed (0.014 seconds).
Test Case '-[WhoopStoreTests.StepSampleTests testStepRevisionSignatureIsStableAsActiveWindowAdvances]' started.
Test Case '-[WhoopStoreTests.StepSampleTests testStepRevisionSignatureIsStableAsActiveWindowAdvances]' passed (0.014 seconds).
Test Case '-[WhoopStoreTests.StepSampleTests testV10CreatesStepTable]' started.
Test Case '-[WhoopStoreTests.StepSampleTests testV10CreatesStepTable]' passed (0.014 seconds).
Test Case '-[WhoopStoreTests.StepSampleTests testV19AddsActivityClassColumn]' started.
Test Case '-[WhoopStoreTests.StepSampleTests testV19AddsActivityClassColumn]' passed (0.014 seconds).
Test Suite 'StepSampleTests' passed at 2026-09-21 23:13:40.248.
	 Executed 8 tests, with 0 failures (0 unexpected) in 0.117 (0.117) seconds
Test Suite 'StoreWriteFenceTests' started at 2026-09-21 23:13:40.248.
Test Case '-[WhoopStoreTests.StoreWriteFenceTests testRevocationDuringTransactionRollsBackAllRows]' started.
Test Case '-[WhoopStoreTests.StoreWriteFenceTests testRevocationDuringTransactionRollsBackAllRows]' passed (0.014 seconds).
Test Case '-[WhoopStoreTests.StoreWriteFenceTests testRevokedConnectionCannotOverwriteNewRuntimeOnSameDatabase]' started.
Test Case '-[WhoopStoreTests.StoreWriteFenceTests testRevokedConnectionCannotOverwriteNewRuntimeOnSameDatabase]' passed (0.037 seconds).
Test Suite 'StoreWriteFenceTests' passed at 2026-09-21 23:13:40.298.
	 Executed 2 tests, with 0 failures (0 unexpected) in 0.050 (0.050) seconds
Test Suite 'StreamBatchInsertTests' started at 2026-09-21 23:13:40.298.
Test Case '-[WhoopStoreTests.StreamBatchInsertTests testMixedDuplicateAndNewBatchMatchesCounts]' started.
Test Case '-[WhoopStoreTests.StreamBatchInsertTests testMixedDuplicateAndNewBatchMatchesCounts]' passed (0.015 seconds).
Test Suite 'StreamBatchInsertTests' passed at 2026-09-21 23:13:40.313.
	 Executed 1 test, with 0 failures (0 unexpected) in 0.015 (0.015) seconds
Test Suite 'SyncJobStoreTests' started at 2026-09-21 23:13:40.313.
Test Case '-[WhoopStoreTests.SyncJobStoreTests testAtomicInsertMarksForEveryScoringOnlyStream]' started.
Test Case '-[WhoopStoreTests.SyncJobStoreTests testAtomicInsertMarksForEveryScoringOnlyStream]' passed (0.014 seconds).
Test Case '-[WhoopStoreTests.SyncJobStoreTests testAtomicInsertMarksJobsAndDuplicateReplayDoesNotRefreshToken]' started.
Test Case '-[WhoopStoreTests.SyncJobStoreTests testAtomicInsertMarksJobsAndDuplicateReplayDoesNotRefreshToken]' passed (0.014 seconds).
Test Case '-[WhoopStoreTests.SyncJobStoreTests testBatchMarkIsAtomicInShapeAndRefreshesEveryToken]' started.
Test Case '-[WhoopStoreTests.SyncJobStoreTests testBatchMarkIsAtomicInShapeAndRefreshesEveryToken]' passed (0.014 seconds).
Test Case '-[WhoopStoreTests.SyncJobStoreTests testJournalCapSweepsOldestRows]' started.
Test Case '-[WhoopStoreTests.SyncJobStoreTests testJournalCapSweepsOldestRows]' passed (0.031 seconds).
Test Case '-[WhoopStoreTests.SyncJobStoreTests testMatchingTokenSettles]' started.
Test Case '-[WhoopStoreTests.SyncJobStoreTests testMatchingTokenSettles]' passed (0.014 seconds).
Test Case '-[WhoopStoreTests.SyncJobStoreTests testMirrorRescoreJobPreservesExternalToken]' started.
Test Case '-[WhoopStoreTests.SyncJobStoreTests testMirrorRescoreJobPreservesExternalToken]' passed (0.015 seconds).
Test Case '-[WhoopStoreTests.SyncJobStoreTests testRecordJobAttemptIncrements]' started.
Test Case '-[WhoopStoreTests.SyncJobStoreTests testRecordJobAttemptIncrements]' passed (0.016 seconds).
Test Case '-[WhoopStoreTests.SyncJobStoreTests testStaleTokenCannotSettle]' started.
Test Case '-[WhoopStoreTests.SyncJobStoreTests testStaleTokenCannotSettle]' passed (0.015 seconds).
Test Case '-[WhoopStoreTests.SyncJobStoreTests testV44AddsSyncJobTablesAdditively]' started.
Test Case '-[WhoopStoreTests.SyncJobStoreTests testV44AddsSyncJobTablesAdditively]' passed (0.014 seconds).
Test Suite 'SyncJobStoreTests' passed at 2026-09-21 23:13:40.463.
	 Executed 9 tests, with 0 failures (0 unexpected) in 0.149 (0.150) seconds
Test Suite 'TimestampHealTests' started at 2026-09-21 23:13:40.463.
Test Case '-[WhoopStoreTests.TimestampHealTests testBoundaryRowsExactlyOnEdgesAreKept]' started.
Test Case '-[WhoopStoreTests.TimestampHealTests testBoundaryRowsExactlyOnEdgesAreKept]' passed (0.015 seconds).
Test Case '-[WhoopStoreTests.TimestampHealTests testHealIsIdempotentOnCleanDB]' started.
Test Case '-[WhoopStoreTests.TimestampHealTests testHealIsIdempotentOnCleanDB]' passed (0.015 seconds).
Test Case '-[WhoopStoreTests.TimestampHealTests testImportedHistoryBelowFloorSurvivesButComputedGarbageIsPurged]' started.
Test Case '-[WhoopStoreTests.TimestampHealTests testImportedHistoryBelowFloorSurvivesButComputedGarbageIsPurged]' passed (0.015 seconds).
Test Case '-[WhoopStoreTests.TimestampHealTests testPurgesFutureAndImplausibleComputedRows]' started.
Test Case '-[WhoopStoreTests.TimestampHealTests testPurgesFutureAndImplausibleComputedRows]' passed (0.015 seconds).
Test Case '-[WhoopStoreTests.TimestampHealTests testPurgesImplausibleRawRowsKeepsGood]' started.
Test Case '-[WhoopStoreTests.TimestampHealTests testPurgesImplausibleRawRowsKeepsGood]' passed (0.015 seconds).
Test Case '-[WhoopStoreTests.TimestampHealTests testPurgesImplausibleRowsInTheInstrumentationStreamsToo]' started.
Test Case '-[WhoopStoreTests.TimestampHealTests testPurgesImplausibleRowsInTheInstrumentationStreamsToo]' passed (0.016 seconds).
Test Case '-[WhoopStoreTests.TimestampHealTests testTodayItselfIsKept]' started.
Test Case '-[WhoopStoreTests.TimestampHealTests testTodayItselfIsKept]' passed (0.014 seconds).
Test Suite 'TimestampHealTests' passed at 2026-09-21 23:13:40.569.
	 Executed 7 tests, with 0 failures (0 unexpected) in 0.105 (0.106) seconds
Test Suite 'UnrecognizedStoreTests' started at 2026-09-21 23:13:40.569.
Test Case '-[WhoopStoreTests.UnrecognizedStoreTests testUnknownDatabaseAndUncheckpointedWalRemainIntact]' started.
Test Case '-[WhoopStoreTests.UnrecognizedStoreTests testUnknownDatabaseAndUncheckpointedWalRemainIntact]' passed (0.005 seconds).
Test Suite 'UnrecognizedStoreTests' passed at 2026-09-21 23:13:40.574.
	 Executed 1 test, with 0 failures (0 unexpected) in 0.005 (0.006) seconds
Test Suite 'V18AuxIdentityMigrationTests' started at 2026-09-21 23:13:40.574.
Test Case '-[WhoopStoreTests.V18AuxIdentityMigrationTests testDigestMismatchRollsBackEntireMigration]' started.
Test Case '-[WhoopStoreTests.V18AuxIdentityMigrationTests testDigestMismatchRollsBackEntireMigration]' passed (0.012 seconds).
Test Case '-[WhoopStoreTests.V18AuxIdentityMigrationTests testFileMigrationPreservesSparseRowidsExactBytesKeysAndLedgerOnReopen]' started.
Test Case '-[WhoopStoreTests.V18AuxIdentityMigrationTests testFileMigrationPreservesSparseRowidsExactBytesKeysAndLedgerOnReopen]' passed (0.032 seconds).
Test Case '-[WhoopStoreTests.V18AuxIdentityMigrationTests testLegacyVerifiedReceiptNeverAuthorizesSameSecondSibling]' started.
Test Case '-[WhoopStoreTests.V18AuxIdentityMigrationTests testLegacyVerifiedReceiptNeverAuthorizesSameSecondSibling]' passed (0.012 seconds).
Test Case '-[WhoopStoreTests.V18AuxIdentityMigrationTests testPagedCopyPreservesEveryRowAndDoesNotTransferLegacyReceipt]' started.
Test Case '-[WhoopStoreTests.V18AuxIdentityMigrationTests testPagedCopyPreservesEveryRowAndDoesNotTransferLegacyReceipt]' passed (0.065 seconds).
Test Case '-[WhoopStoreTests.V18AuxIdentityMigrationTests testResourceKeyUsesOneNamedUniqueIndexWithoutImplicitDuplicate]' started.
Test Case '-[WhoopStoreTests.V18AuxIdentityMigrationTests testResourceKeyUsesOneNamedUniqueIndexWithoutImplicitDuplicate]' passed (0.012 seconds).
Test Case '-[WhoopStoreTests.V18AuxIdentityMigrationTests testScalarHelperPreservesRowsAndLeavesLegacyProvenanceNull]' started.
Test Case '-[WhoopStoreTests.V18AuxIdentityMigrationTests testScalarHelperPreservesRowsAndLeavesLegacyProvenanceNull]' passed (0.011 seconds).
Test Case '-[WhoopStoreTests.V18AuxIdentityMigrationTests testStrictIdentityRejectsTruncatedTrailingUnknownAndFutureBlobs]' started.
Test Case '-[WhoopStoreTests.V18AuxIdentityMigrationTests testStrictIdentityRejectsTruncatedTrailingUnknownAndFutureBlobs]' passed (0.000 seconds).
Test Suite 'V18AuxIdentityMigrationTests' passed at 2026-09-21 23:13:40.720.
	 Executed 7 tests, with 0 failures (0 unexpected) in 0.145 (0.145) seconds
Test Suite 'V18AuxIdentityStoreTests' started at 2026-09-21 23:13:40.720.
Test Case '-[WhoopStoreTests.V18AuxIdentityStoreTests testConflictingIdentityRollsBackMixedChunkAndKeepsOriginalBytes]' started.
Test Case '-[WhoopStoreTests.V18AuxIdentityStoreTests testConflictingIdentityRollsBackMixedChunkAndKeepsOriginalBytes]' passed (0.015 seconds).
Test Case '-[WhoopStoreTests.V18AuxIdentityStoreTests testInvalidRecordIndexRejectsWholeChunkWithoutTruncation]' started.
Test Case '-[WhoopStoreTests.V18AuxIdentityStoreTests testInvalidRecordIndexRejectsWholeChunkWithoutTruncation]' passed (0.015 seconds).
Test Case '-[WhoopStoreTests.V18AuxIdentityStoreTests testReceiptPruneCountsIndividualSiblingsWithoutDeletingUnsent]' started.
Test Case '-[WhoopStoreTests.V18AuxIdentityStoreTests testReceiptPruneCountsIndividualSiblingsWithoutDeletingUnsent]' passed (0.016 seconds).
Test Case '-[WhoopStoreTests.V18AuxIdentityStoreTests testReplayKeepsMigratedRowidResourceKeyAndLedgerWithoutFreshDebt]' started.
Test Case '-[WhoopStoreTests.V18AuxIdentityStoreTests testReplayKeepsMigratedRowidResourceKeyAndLedgerWithoutFreshDebt]' passed (0.015 seconds).
Test Case '-[WhoopStoreTests.V18AuxIdentityStoreTests testSameSecondSiblingsUnknownAndZeroSurviveReplayAndKeepDistinctKeys]' started.
Test Case '-[WhoopStoreTests.V18AuxIdentityStoreTests testSameSecondSiblingsUnknownAndZeroSurviveReplayAndKeepDistinctKeys]' passed (0.016 seconds).
Test Case '-[WhoopStoreTests.V18AuxIdentityStoreTests testScalarDebtFailureRollsBackRowAndProvenanceTogether]' started.
Test Case '-[WhoopStoreTests.V18AuxIdentityStoreTests testScalarDebtFailureRollsBackRowAndProvenanceTogether]' passed (0.015 seconds).
Test Case '-[WhoopStoreTests.V18AuxIdentityStoreTests testScalarProvenanceRoundTripsAndReplayNeverEnrichesLegacyRows]' started.
Test Case '-[WhoopStoreTests.V18AuxIdentityStoreTests testScalarProvenanceRoundTripsAndReplayNeverEnrichesLegacyRows]' passed (0.016 seconds).
Test Case '-[WhoopStoreTests.V18AuxIdentityStoreTests testWrongCapturedOwnerRejectedEvenForDuplicate]' started.
Test Case '-[WhoopStoreTests.V18AuxIdentityStoreTests testWrongCapturedOwnerRejectedEvenForDuplicate]' passed (0.015 seconds).
Test Suite 'V18AuxIdentityStoreTests' passed at 2026-09-21 23:13:40.844.
	 Executed 8 tests, with 0 failures (0 unexpected) in 0.124 (0.125) seconds
Test Suite 'WearWindowReadsTests' started at 2026-09-21 23:13:40.844.
Test Case '-[WhoopStoreTests.WearWindowReadsTests testWearReadIncludesPriorOwnerStateWithoutContactNoise]' started.
Test Case '-[WhoopStoreTests.WearWindowReadsTests testWearReadIncludesPriorOwnerStateWithoutContactNoise]' passed (0.016 seconds).
Test Suite 'WearWindowReadsTests' passed at 2026-09-21 23:13:40.860.
	 Executed 1 test, with 0 failures (0 unexpected) in 0.016 (0.016) seconds
Test Suite 'Whoop5RRStoreTests' started at 2026-09-21 23:13:40.860.
Test Case '-[WhoopStoreTests.Whoop5RRStoreTests testFirstTagOutsideDayAndSuspectPromotionInvalidateOwnerPolicyCaches]' started.
Test Case '-[WhoopStoreTests.Whoop5RRStoreTests testFirstTagOutsideDayAndSuspectPromotionInvalidateOwnerPolicyCaches]' passed (0.034 seconds).
Test Case '-[WhoopStoreTests.Whoop5RRStoreTests testHistoricalCanonicalOwnerAfterRePairingUsesActiveWhoop5Policy]' started.
Test Case '-[WhoopStoreTests.Whoop5RRStoreTests testHistoricalCanonicalOwnerAfterRePairingUsesActiveWhoop5Policy]' passed (0.015 seconds).
Test Case '-[WhoopStoreTests.Whoop5RRStoreTests testInterleavedTransportsCannotChangeHistoricalSequenceOrOrder]' started.
Test Case '-[WhoopStoreTests.Whoop5RRStoreTests testInterleavedTransportsCannotChangeHistoricalSequenceOrOrder]' passed (0.015 seconds).
Test Case '-[WhoopStoreTests.Whoop5RRStoreTests testOrdinaryReadsAndFingerprintsFollowActiveAliasPolicy]' started.
Test Case '-[WhoopStoreTests.Whoop5RRStoreTests testOrdinaryReadsAndFingerprintsFollowActiveAliasPolicy]' passed (0.017 seconds).
Test Case '-[WhoopStoreTests.Whoop5RRStoreTests testOwnerPolicyExcludesMixedLegacyWithoutChangingStoredRows]' started.
Test Case '-[WhoopStoreTests.Whoop5RRStoreTests testOwnerPolicyExcludesMixedLegacyWithoutChangingStoredRows]' passed (0.016 seconds).
Test Case '-[WhoopStoreTests.Whoop5RRStoreTests testPhysiologyInputsRetainWindowCandidatesWithoutChangingLegacyReadPolicy]' started.
Test Case '-[WhoopStoreTests.Whoop5RRStoreTests testPhysiologyInputsRetainWindowCandidatesWithoutChangingLegacyReadPolicy]' passed (0.015 seconds).
Test Case '-[WhoopStoreTests.Whoop5RRStoreTests testPromotionDoesNotRelabelOuraAndRegistryOnlyChangesInvalidateCaches]' started.
Test Case '-[WhoopStoreTests.Whoop5RRStoreTests testPromotionDoesNotRelabelOuraAndRegistryOnlyChangesInvalidateCaches]' passed (0.018 seconds).
Test Case '-[WhoopStoreTests.Whoop5RRStoreTests testSourceSelectionPrecedesLimitAndSharesBoundsAndQuarantine]' started.
Test Case '-[WhoopStoreTests.Whoop5RRStoreTests testSourceSelectionPrecedesLimitAndSharesBoundsAndQuarantine]' passed (0.017 seconds).
Test Case '-[WhoopStoreTests.Whoop5RRStoreTests testStandardWinsNativeAndLegacyCollisionsInBothArrivalOrders]' started.
Test Case '-[WhoopStoreTests.Whoop5RRStoreTests testStandardWinsNativeAndLegacyCollisionsInBothArrivalOrders]' passed (0.079 seconds).
Test Case '-[WhoopStoreTests.Whoop5RRStoreTests testZeroInsertPromotionRestoresHistoricalOrderAndInvalidatesBothCaches]' started.
Test Case '-[WhoopStoreTests.Whoop5RRStoreTests testZeroInsertPromotionRestoresHistoricalOrderAndInvalidatesBothCaches]' passed (0.018 seconds).
Test Suite 'Whoop5RRStoreTests' passed at 2026-09-21 23:13:41.105.
	 Executed 10 tests, with 0 failures (0 unexpected) in 0.243 (0.244) seconds
Test Suite 'WhoopLiveCapabilitiesTests' started at 2026-09-21 23:13:41.105.
Test Case '-[WhoopStoreTests.WhoopLiveCapabilitiesTests testBaseExcludesCalibratedSpo2]' started.
Test Case '-[WhoopStoreTests.WhoopLiveCapabilitiesTests testBaseExcludesCalibratedSpo2]' passed (0.000 seconds).
Test Case '-[WhoopStoreTests.WhoopLiveCapabilitiesTests testEncodedIsSortedAndStable]' started.
Test Case '-[WhoopStoreTests.WhoopLiveCapabilitiesTests testEncodedIsSortedAndStable]' passed (0.000 seconds).
Test Case '-[WhoopStoreTests.WhoopLiveCapabilitiesTests testFiveAndMGIncludeSteps]' started.
Test Case '-[WhoopStoreTests.WhoopLiveCapabilitiesTests testFiveAndMGIncludeSteps]' passed (0.000 seconds).
Test Case '-[WhoopStoreTests.WhoopLiveCapabilitiesTests testFourPointOhHasNoSteps]' started.
Test Case '-[WhoopStoreTests.WhoopLiveCapabilitiesTests testFourPointOhHasNoSteps]' passed (0.000 seconds).
Test Case '-[WhoopStoreTests.WhoopLiveCapabilitiesTests testStripSpo2TokenCanonicalizesWhitespaceBearingStoredRows]' started.
Test Case '-[WhoopStoreTests.WhoopLiveCapabilitiesTests testStripSpo2TokenCanonicalizesWhitespaceBearingStoredRows]' passed (0.000 seconds).
Test Case '-[WhoopStoreTests.WhoopLiveCapabilitiesTests testStripSpo2TokenHandlesPositions]' started.
Test Case '-[WhoopStoreTests.WhoopLiveCapabilitiesTests testStripSpo2TokenHandlesPositions]' passed (0.000 seconds).
Test Case '-[WhoopStoreTests.WhoopLiveCapabilitiesTests testWithoutCalibratedSpo2]' started.
Test Case '-[WhoopStoreTests.WhoopLiveCapabilitiesTests testWithoutCalibratedSpo2]' passed (0.000 seconds).
Test Suite 'WhoopLiveCapabilitiesTests' passed at 2026-09-21 23:13:41.106.
	 Executed 7 tests, with 0 failures (0 unexpected) in 0.001 (0.001) seconds
Test Suite 'WhoopSerialIdentityTests' started at 2026-09-21 23:13:41.106.
Test Case '-[WhoopStoreTests.WhoopSerialIdentityTests testAlreadyAdoptedIsTheReconnectEarlyOut]' started.
Test Case '-[WhoopStoreTests.WhoopSerialIdentityTests testAlreadyAdoptedIsTheReconnectEarlyOut]' passed (0.000 seconds).
Test Case '-[WhoopStoreTests.WhoopSerialIdentityTests testComposesTheSerialId]' started.
Test Case '-[WhoopStoreTests.WhoopSerialIdentityTests testComposesTheSerialId]' passed (0.000 seconds).
Test Case '-[WhoopStoreTests.WhoopSerialIdentityTests testLogSafeNeverLeaksTheFullSerial]' started.
Test Case '-[WhoopStoreTests.WhoopSerialIdentityTests testLogSafeNeverLeaksTheFullSerial]' passed (0.000 seconds).
Test Case '-[WhoopStoreTests.WhoopSerialIdentityTests testRefusesADescriptiveStringThatIsNotASerial]' started.
Test Case '-[WhoopStoreTests.WhoopSerialIdentityTests testRefusesADescriptiveStringThatIsNotASerial]' passed (0.000 seconds).
Test Case '-[WhoopStoreTests.WhoopSerialIdentityTests testRefusesATruncatedRead]' started.
Test Case '-[WhoopStoreTests.WhoopSerialIdentityTests testRefusesATruncatedRead]' passed (0.000 seconds).
Test Case '-[WhoopStoreTests.WhoopSerialIdentityTests testRefusesBlankOrMissing]' started.
Test Case '-[WhoopStoreTests.WhoopSerialIdentityTests testRefusesBlankOrMissing]' passed (0.000 seconds).
Test Case '-[WhoopStoreTests.WhoopSerialIdentityTests testRefusesToAdoptTheLegacySingleWhoopSeed]' started.
Test Case '-[WhoopStoreTests.WhoopSerialIdentityTests testRefusesToAdoptTheLegacySingleWhoopSeed]' passed (0.000 seconds).
Test Case '-[WhoopStoreTests.WhoopSerialIdentityTests testTrimsSurroundingWhitespaceFromTheGattString]' started.
Test Case '-[WhoopStoreTests.WhoopSerialIdentityTests testTrimsSurroundingWhitespaceFromTheGattString]' passed (0.000 seconds).
Test Case '-[WhoopStoreTests.WhoopSerialIdentityTests testUpperCasesSoOneStrapCannotBecomeTwoIds]' started.
Test Case '-[WhoopStoreTests.WhoopSerialIdentityTests testUpperCasesSoOneStrapCannotBecomeTwoIds]' passed (0.000 seconds).
Test Suite 'WhoopSerialIdentityTests' passed at 2026-09-21 23:13:41.106.
	 Executed 9 tests, with 0 failures (0 unexpected) in 0.001 (0.001) seconds
Test Suite 'WorkoutPreferenceEvaluationStoreTests' started at 2026-09-21 23:13:41.107.
Test Case '-[WhoopStoreTests.WorkoutPreferenceEvaluationStoreTests testAutomaticAdmissionKeepsRetryButExplicitRetryClearsOnlyMatchingStop]' started.
Test Case '-[WhoopStoreTests.WorkoutPreferenceEvaluationStoreTests testAutomaticAdmissionKeepsRetryButExplicitRetryClearsOnlyMatchingStop]' passed (0.017 seconds).
Test Case '-[WhoopStoreTests.WorkoutPreferenceEvaluationStoreTests testByteBudgetYieldsWithoutCountLimitOrDataLoss]' started.
Test Case '-[WhoopStoreTests.WorkoutPreferenceEvaluationStoreTests testByteBudgetYieldsWithoutCountLimitOrDataLoss]' passed (0.021 seconds).
Test Case '-[WhoopStoreTests.WorkoutPreferenceEvaluationStoreTests testCanonicalControlRejectsWhitespaceWrongTypeAndVersionWithoutRewrite]' started.
Test Case '-[WhoopStoreTests.WorkoutPreferenceEvaluationStoreTests testCanonicalControlRejectsWhitespaceWrongTypeAndVersionWithoutRewrite]' passed (0.018 seconds).
Test Case '-[WhoopStoreTests.WorkoutPreferenceEvaluationStoreTests testClockTicksKeepAdmittedBoundsAndIdentity]' started.
Test Case '-[WhoopStoreTests.WorkoutPreferenceEvaluationStoreTests testClockTicksKeepAdmittedBoundsAndIdentity]' passed (0.016 seconds).
Test Case '-[WhoopStoreTests.WorkoutPreferenceEvaluationStoreTests testColdCopiedPartialPrefixOversizedRowCannotSkipProofAfterExplicitRetry]' started.
Test Case '-[WhoopStoreTests.WorkoutPreferenceEvaluationStoreTests testColdCopiedPartialPrefixOversizedRowCannotSkipProofAfterExplicitRetry]' passed (0.200 seconds).
Test Case '-[WhoopStoreTests.WorkoutPreferenceEvaluationStoreTests testColdCopiedSealedOversizedRowCannotBecomeTrustedAfterExplicitRetry]' started.
Test Case '-[WhoopStoreTests.WorkoutPreferenceEvaluationStoreTests testColdCopiedSealedOversizedRowCannotBecomeTrustedAfterExplicitRetry]' passed (0.062 seconds).
Test Case '-[WhoopStoreTests.WorkoutPreferenceEvaluationStoreTests testColdExplicitResourceRetryStillValidatesSavedPrefix]' started.
Test Case '-[WhoopStoreTests.WorkoutPreferenceEvaluationStoreTests testColdExplicitResourceRetryStillValidatesSavedPrefix]' passed (0.035 seconds).
Test Case '-[WhoopStoreTests.WorkoutPreferenceEvaluationStoreTests testColdNulDeviceAndSportPrefixProvesAll128WithoutNewCore]' started.
Test Case '-[WhoopStoreTests.WorkoutPreferenceEvaluationStoreTests testColdNulDeviceAndSportPrefixProvesAll128WithoutNewCore]' passed (0.150 seconds).
Test Case '-[WhoopStoreTests.WorkoutPreferenceEvaluationStoreTests testColdPartialPrefixRevalidatesThenContinues]' started.
Test Case '-[WhoopStoreTests.WorkoutPreferenceEvaluationStoreTests testColdPartialPrefixRevalidatesThenContinues]' passed (0.097 seconds).
Test Case '-[WhoopStoreTests.WorkoutPreferenceEvaluationStoreTests testColdReopenAfterSettlementValidatesWithoutNewCoreOrJob]' started.
Test Case '-[WhoopStoreTests.WorkoutPreferenceEvaluationStoreTests testColdReopenAfterSettlementValidatesWithoutNewCoreOrJob]' passed (0.128 seconds).
Test Case '-[WhoopStoreTests.WorkoutPreferenceEvaluationStoreTests testCopiedMatchingUUIDAndRevisionWithChangedRowDoesNotRenewReceipt]' started.
Test Case '-[WhoopStoreTests.WorkoutPreferenceEvaluationStoreTests testCopiedMatchingUUIDAndRevisionWithChangedRowDoesNotRenewReceipt]' passed (0.047 seconds).
Test Case '-[WhoopStoreTests.WorkoutPreferenceEvaluationStoreTests testCoreWriteRevisionDriftCanPersistFailureAcrossReopen]' started.
Test Case '-[WhoopStoreTests.WorkoutPreferenceEvaluationStoreTests testCoreWriteRevisionDriftCanPersistFailureAcrossReopen]' passed (0.035 seconds).
Test Case '-[WhoopStoreTests.WorkoutPreferenceEvaluationStoreTests testDecodedRequestCannotBypassCheckedTargetArithmetic]' started.
Test Case '-[WhoopStoreTests.WorkoutPreferenceEvaluationStoreTests testDecodedRequestCannotBypassCheckedTargetArithmetic]' passed (0.000 seconds).
Test Case '-[WhoopStoreTests.WorkoutPreferenceEvaluationStoreTests testDependentSettlementAcceptsCompleteEvaluationThatNeverHadRescoreDebt]' started.
Test Case '-[WhoopStoreTests.WorkoutPreferenceEvaluationStoreTests testDependentSettlementAcceptsCompleteEvaluationThatNeverHadRescoreDebt]' passed (0.018 seconds).
Test Case '-[WhoopStoreTests.WorkoutPreferenceEvaluationStoreTests testDependentSettlementAfterRealReopenRequiresNewInstanceValidatedReceipt]' started.
Test Case '-[WhoopStoreTests.WorkoutPreferenceEvaluationStoreTests testDependentSettlementAfterRealReopenRequiresNewInstanceValidatedReceipt]' passed (0.087 seconds).
Test Case '-[WhoopStoreTests.WorkoutPreferenceEvaluationStoreTests testDependentSettlementCannotBorrowWarmReceiptIntoUnvalidatedSameStoreSession]' started.
Test Case '-[WhoopStoreTests.WorkoutPreferenceEvaluationStoreTests testDependentSettlementCannotBorrowWarmReceiptIntoUnvalidatedSameStoreSession]' passed (0.062 seconds).
Test Case '-[WhoopStoreTests.WorkoutPreferenceEvaluationStoreTests testDependentSettlementDeletesOnlyEachExactAllowedJobWithoutStateOrRowWrites]' started.
Test Case '-[WhoopStoreTests.WorkoutPreferenceEvaluationStoreTests testDependentSettlementDeletesOnlyEachExactAllowedJobWithoutStateOrRowWrites]' passed (0.022 seconds).
Test Case '-[WhoopStoreTests.WorkoutPreferenceEvaluationStoreTests testDependentSettlementNeedsCurrentReceiptAfterRescoreSettlementAdvancedHead]' started.
Test Case '-[WhoopStoreTests.WorkoutPreferenceEvaluationStoreTests testDependentSettlementNeedsCurrentReceiptAfterRescoreSettlementAdvancedHead]' passed (0.020 seconds).
Test Case '-[WhoopStoreTests.WorkoutPreferenceEvaluationStoreTests testDependentSettlementPermitRevocationAfterDeleteBeforeCommitRollsBackExactJob]' started.
Test Case '-[WhoopStoreTests.WorkoutPreferenceEvaluationStoreTests testDependentSettlementPermitRevocationAfterDeleteBeforeCommitRollsBackExactJob]' passed (0.020 seconds).
Test Case '-[WhoopStoreTests.WorkoutPreferenceEvaluationStoreTests testDependentSettlementPrecancelledTaskRetainsExactJob]' started.
Test Case '-[WhoopStoreTests.WorkoutPreferenceEvaluationStoreTests testDependentSettlementPrecancelledTaskRetainsExactJob]' passed (0.019 seconds).
Test Case '-[WhoopStoreTests.WorkoutPreferenceEvaluationStoreTests testDependentSettlementRefusesCopiedMatchingHeadWithChangedMembership]' started.
Test Case '-[WhoopStoreTests.WorkoutPreferenceEvaluationStoreTests testDependentSettlementRefusesCopiedMatchingHeadWithChangedMembership]' passed (0.048 seconds).
Test Case '-[WhoopStoreTests.WorkoutPreferenceEvaluationStoreTests testDependentSettlementRefusesNewRescoreDebtAfterPriorExactSettlement]' started.
Test Case '-[WhoopStoreTests.WorkoutPreferenceEvaluationStoreTests testDependentSettlementRefusesNewRescoreDebtAfterPriorExactSettlement]' passed (0.019 seconds).
Test Case '-[WhoopStoreTests.WorkoutPreferenceEvaluationStoreTests testDependentSettlementRefusesOwedRescoreAndItsUnverifiedGenericDisappearance]' started.
Test Case '-[WhoopStoreTests.WorkoutPreferenceEvaluationStoreTests testDependentSettlementRefusesOwedRescoreAndItsUnverifiedGenericDisappearance]' passed (0.018 seconds).
Test Case '-[WhoopStoreTests.WorkoutPreferenceEvaluationStoreTests testDependentSettlementRejectsPartialReceiptAndResourceHeldOldReceipt]' started.
Test Case '-[WhoopStoreTests.WorkoutPreferenceEvaluationStoreTests testDependentSettlementRejectsPartialReceiptAndResourceHeldOldReceipt]' passed (0.039 seconds).
Test Case '-[WhoopStoreTests.WorkoutPreferenceEvaluationStoreTests testDependentSettlementRejectsRescoreAndCannotRepresentUnknownKind]' started.
Test Case '-[WhoopStoreTests.WorkoutPreferenceEvaluationStoreTests testDependentSettlementRejectsRescoreAndCannotRepresentUnknownKind]' passed (0.018 seconds).
Test Case '-[WhoopStoreTests.WorkoutPreferenceEvaluationStoreTests testDependentSettlementRejectsWorkoutRevisionDriftAndOverflow]' started.
Test Case '-[WhoopStoreTests.WorkoutPreferenceEvaluationStoreTests testDependentSettlementRejectsWorkoutRevisionDriftAndOverflow]' passed (0.037 seconds).
Test Case '-[WhoopStoreTests.WorkoutPreferenceEvaluationStoreTests testDependentSettlementRejectsWrongRequestOwnerPreferenceAndWriter]' started.
Test Case '-[WhoopStoreTests.WorkoutPreferenceEvaluationStoreTests testDependentSettlementRejectsWrongRequestOwnerPreferenceAndWriter]' passed (0.020 seconds).
Test Case '-[WhoopStoreTests.WorkoutPreferenceEvaluationStoreTests testDependentSettlementRequiresCurrentExactExportTokenIncludingEmbeddedNul]' started.
Test Case '-[WhoopStoreTests.WorkoutPreferenceEvaluationStoreTests testDependentSettlementRequiresCurrentExactExportTokenIncludingEmbeddedNul]' passed (0.021 seconds).
Test Case '-[WhoopStoreTests.WorkoutPreferenceEvaluationStoreTests testDependentSettlementRetiredSessionOrRuntimeCannotDeleteDebt]' started.
Test Case '-[WhoopStoreTests.WorkoutPreferenceEvaluationStoreTests testDependentSettlementRetiredSessionOrRuntimeCannotDeleteDebt]' passed (0.037 seconds).
Test Case '-[WhoopStoreTests.WorkoutPreferenceEvaluationStoreTests testDependentSettlementSqlFailureAfterDeleteRollsBackAndOriginalReceiptCanRetry]' started.
Test Case '-[WhoopStoreTests.WorkoutPreferenceEvaluationStoreTests testDependentSettlementSqlFailureAfterDeleteRollsBackAndOriginalReceiptCanRetry]' passed (0.030 seconds).
Test Case '-[WhoopStoreTests.WorkoutPreferenceEvaluationStoreTests testDependentSettlementTaskCancellationAfterDeleteIsCaughtAtCommit]' started.
Test Case '-[WhoopStoreTests.WorkoutPreferenceEvaluationStoreTests testDependentSettlementTaskCancellationAfterDeleteIsCaughtAtCommit]' passed (0.019 seconds).
Test Case '-[WhoopStoreTests.WorkoutPreferenceEvaluationStoreTests testEmptyManagedReplacementDeletesOnlyExactTuple]' started.
Test Case '-[WhoopStoreTests.WorkoutPreferenceEvaluationStoreTests testEmptyManagedReplacementDeletesOnlyExactTuple]' passed (0.017 seconds).
Test Case '-[WhoopStoreTests.WorkoutPreferenceEvaluationStoreTests testEveryOneOfFourteenRowFieldsParticipatesInColdProof]' started.
Test Case '-[WhoopStoreTests.WorkoutPreferenceEvaluationStoreTests testEveryOneOfFourteenRowFieldsParticipatesInColdProof]' passed (0.271 seconds).
Test Case '-[WhoopStoreTests.WorkoutPreferenceEvaluationStoreTests testExactRowCapAcceptsBoundaryThenRejectsOneExtraByte]' started.
Test Case '-[WhoopStoreTests.WorkoutPreferenceEvaluationStoreTests testExactRowCapAcceptsBoundaryThenRejectsOneExtraByte]' passed (0.055 seconds).
Test Case '-[WhoopStoreTests.WorkoutPreferenceEvaluationStoreTests testExplicitModesCannotBypassCorruptMetadataOrStaleHead]' started.
Test Case '-[WhoopStoreTests.WorkoutPreferenceEvaluationStoreTests testExplicitModesCannotBypassCorruptMetadataOrStaleHead]' passed (0.017 seconds).
Test Case '-[WhoopStoreTests.WorkoutPreferenceEvaluationStoreTests testExplicitResourceRetryPreservesPrefixAndDoesNotCertifyOversizeRow]' started.
Test Case '-[WhoopStoreTests.WorkoutPreferenceEvaluationStoreTests testExplicitResourceRetryPreservesPrefixAndDoesNotCertifyOversizeRow]' passed (0.020 seconds).
Test Case '-[WhoopStoreTests.WorkoutPreferenceEvaluationStoreTests testExplicitRetryAfterNewJobAndTimeAdvanceCreatesCoreLeaseWithOriginalBounds]' started.
Test Case '-[WhoopStoreTests.WorkoutPreferenceEvaluationStoreTests testExplicitRetryAfterNewJobAndTimeAdvanceCreatesCoreLeaseWithOriginalBounds]' passed (0.022 seconds).
Test Case '-[WhoopStoreTests.WorkoutPreferenceEvaluationStoreTests testExplicitRetryAfterRevisionInvalidationRetainsBoundsAndRejectsOldCapabilities]' started.
Test Case '-[WhoopStoreTests.WorkoutPreferenceEvaluationStoreTests testExplicitRetryAfterRevisionInvalidationRetainsBoundsAndRejectsOldCapabilities]' passed (0.020 seconds).
Test Case '-[WhoopStoreTests.WorkoutPreferenceEvaluationStoreTests testExplicitRetryCannotMoveBoundsAndKeepsPartialUnchanged]' started.
Test Case '-[WhoopStoreTests.WorkoutPreferenceEvaluationStoreTests testExplicitRetryCannotMoveBoundsAndKeepsPartialUnchanged]' passed (0.019 seconds).
Test Case '-[WhoopStoreTests.WorkoutPreferenceEvaluationStoreTests testFreshBindingThenSeedAndWrongOwnerIsRejected]' started.
Test Case '-[WhoopStoreTests.WorkoutPreferenceEvaluationStoreTests testFreshBindingThenSeedAndWrongOwnerIsRejected]' passed (0.015 seconds).
Test Case '-[WhoopStoreTests.WorkoutPreferenceEvaluationStoreTests testInclusiveBoundaryAllOwnersAndExactDetectedTuple]' started.
Test Case '-[WhoopStoreTests.WorkoutPreferenceEvaluationStoreTests testInclusiveBoundaryAllOwnersAndExactDetectedTuple]' passed (0.018 seconds).
Test Case '-[WhoopStoreTests.WorkoutPreferenceEvaluationStoreTests testInsertBehindCursorAndABAInvalidatesRatherThanSkippingMembers]' started.
Test Case '-[WhoopStoreTests.WorkoutPreferenceEvaluationStoreTests testInsertBehindCursorAndABAInvalidatesRatherThanSkippingMembers]' passed (0.043 seconds).
Test Case '-[WhoopStoreTests.WorkoutPreferenceEvaluationStoreTests testInsertUpdateReplaceDeleteAndRollbackRevision]' started.
Test Case '-[WhoopStoreTests.WorkoutPreferenceEvaluationStoreTests testInsertUpdateReplaceDeleteAndRollbackRevision]' passed (0.016 seconds).
Test Case '-[WhoopStoreTests.WorkoutPreferenceEvaluationStoreTests testInvalidGeneratedGroupCannotPartiallyDeleteOrInsert]' started.
Test Case '-[WhoopStoreTests.WorkoutPreferenceEvaluationStoreTests testInvalidGeneratedGroupCannotPartiallyDeleteOrInsert]' passed (0.018 seconds).
Test Case '-[WhoopStoreTests.WorkoutPreferenceEvaluationStoreTests testInvalidTargetsRejectUnicodeHexOverflowAndTooShortWindow]' started.
Test Case '-[WhoopStoreTests.WorkoutPreferenceEvaluationStoreTests testInvalidTargetsRejectUnicodeHexOverflowAndTooShortWindow]' passed (0.000 seconds).
Test Case '-[WhoopStoreTests.WorkoutPreferenceEvaluationStoreTests testLosslessCursorCastPredicatesKeepIndexedOrder]' started.
Test Case '-[WhoopStoreTests.WorkoutPreferenceEvaluationStoreTests testLosslessCursorCastPredicatesKeepIndexedOrder]' passed (0.021 seconds).
Test Case '-[WhoopStoreTests.WorkoutPreferenceEvaluationStoreTests testManagedReplacementPreservesSourceConflictsAllOwnersAndRange]' started.
Test Case '-[WhoopStoreTests.WorkoutPreferenceEvaluationStoreTests testManagedReplacementPreservesSourceConflictsAllOwnersAndRange]' passed (0.019 seconds).
Test Case '-[WhoopStoreTests.WorkoutPreferenceEvaluationStoreTests testManagedWriterCannotUseOldEvaluationOrPostCoreLease]' started.
Test Case '-[WhoopStoreTests.WorkoutPreferenceEvaluationStoreTests testManagedWriterCannotUseOldEvaluationOrPostCoreLease]' passed (0.018 seconds).
Test Case '-[WhoopStoreTests.WorkoutPreferenceEvaluationStoreTests testManagedWriterPermitRevocationBeforeCommitRollsBackWithoutPoisoningStore]' started.
Test Case '-[WhoopStoreTests.WorkoutPreferenceEvaluationStoreTests testManagedWriterPermitRevocationBeforeCommitRollsBackWithoutPoisoningStore]' passed (0.016 seconds).
Test Case '-[WhoopStoreTests.WorkoutPreferenceEvaluationStoreTests testManagedWriterSqlFailureRollsBackDeleteInsertAndRevisionTogether]' started.
Test Case '-[WhoopStoreTests.WorkoutPreferenceEvaluationStoreTests testManagedWriterSqlFailureRollsBackDeleteInsertAndRevisionTogether]' passed (0.017 seconds).
Test Case '-[WhoopStoreTests.WorkoutPreferenceEvaluationStoreTests testManualPositiveZeroLowCaloriesNilAndUnknownAreNeverRewritten]' started.
Test Case '-[WhoopStoreTests.WorkoutPreferenceEvaluationStoreTests testManualPositiveZeroLowCaloriesNilAndUnknownAreNeverRewritten]' passed (0.019 seconds).
Test Case '-[WhoopStoreTests.WorkoutPreferenceEvaluationStoreTests testMigrationDoesNotSeedBeforeBindingOrClaimPopulatedUnboundStore]' started.
Test Case '-[WhoopStoreTests.WorkoutPreferenceEvaluationStoreTests testMigrationDoesNotSeedBeforeBindingOrClaimPopulatedUnboundStore]' passed (0.015 seconds).
Test Case '-[WhoopStoreTests.WorkoutPreferenceEvaluationStoreTests testMissingOrReplacedTriggerRefusesProofWithoutMutatingWorkouts]' started.
Test Case '-[WhoopStoreTests.WorkoutPreferenceEvaluationStoreTests testMissingOrReplacedTriggerRefusesProofWithoutMutatingWorkouts]' passed (0.016 seconds).
Test Case '-[WhoopStoreTests.WorkoutPreferenceEvaluationStoreTests testMutationAfterValidationPreventsExactJobDeletion]' started.
Test Case '-[WhoopStoreTests.WorkoutPreferenceEvaluationStoreTests testMutationAfterValidationPreventsExactJobDeletion]' passed (0.018 seconds).
Test Case '-[WhoopStoreTests.WorkoutPreferenceEvaluationStoreTests testNonfiniteStoredRealHoldsWithoutDeletingDebt]' started.
Test Case '-[WhoopStoreTests.WorkoutPreferenceEvaluationStoreTests testNonfiniteStoredRealHoldsWithoutDeletingDebt]' passed (0.018 seconds).
Test Case '-[WhoopStoreTests.WorkoutPreferenceEvaluationStoreTests testNulDeviceAndSportContinuationCountExactly129Not130]' started.
Test Case '-[WhoopStoreTests.WorkoutPreferenceEvaluationStoreTests testNulDeviceAndSportContinuationCountExactly129Not130]' passed (0.081 seconds).
Test Case '-[WhoopStoreTests.WorkoutPreferenceEvaluationStoreTests testOverflowRetainsHealthWriteButHoldsEvaluation]' started.
Test Case '-[WhoopStoreTests.WorkoutPreferenceEvaluationStoreTests testOverflowRetainsHealthWriteButHoldsEvaluation]' passed (0.016 seconds).
Test Case '-[WhoopStoreTests.WorkoutPreferenceEvaluationStoreTests testOversizedRowAndKeyHoldIncompleteMembership]' started.
Test Case '-[WhoopStoreTests.WorkoutPreferenceEvaluationStoreTests testOversizedRowAndKeyHoldIncompleteMembership]' passed (0.038 seconds).
Test Case '-[WhoopStoreTests.WorkoutPreferenceEvaluationStoreTests testP2CannotBeOverwrittenByAnyDelayedP1Ticket]' started.
Test Case '-[WhoopStoreTests.WorkoutPreferenceEvaluationStoreTests testP2CannotBeOverwrittenByAnyDelayedP1Ticket]' passed (0.019 seconds).
Test Case '-[WhoopStoreTests.WorkoutPreferenceEvaluationStoreTests testPartialRetainsEveryJobAndFreshRescoreDebtIsNotHidden]' started.
Test Case '-[WhoopStoreTests.WorkoutPreferenceEvaluationStoreTests testPartialRetainsEveryJobAndFreshRescoreDebtIsNotHidden]' passed (0.020 seconds).
Test Case '-[WhoopStoreTests.WorkoutPreferenceEvaluationStoreTests testPermitRevokedDuringRealTransactionRollsBackAndDoesNotPoisonOtherWrites]' started.
Test Case '-[WhoopStoreTests.WorkoutPreferenceEvaluationStoreTests testPermitRevokedDuringRealTransactionRollsBackAndDoesNotPoisonOtherWrites]' passed (0.017 seconds).
Test Case '-[WhoopStoreTests.WorkoutPreferenceEvaluationStoreTests testRealReopenValidatesCompletedRowsWithoutRequiringScoring]' started.
Test Case '-[WhoopStoreTests.WorkoutPreferenceEvaluationStoreTests testRealReopenValidatesCompletedRowsWithoutRequiringScoring]' passed (0.134 seconds).
Test Case '-[WhoopStoreTests.WorkoutPreferenceEvaluationStoreTests testRefreshCoreInvalidatesReceiptBeforeCorrectionAndRetainsBounds]' started.
Test Case '-[WhoopStoreTests.WorkoutPreferenceEvaluationStoreTests testRefreshCoreInvalidatesReceiptBeforeCorrectionAndRetainsBounds]' passed (0.021 seconds).
Test Case '-[WhoopStoreTests.WorkoutPreferenceEvaluationStoreTests testRetryAfterIsNotRunnableUntilDeadlineEvenBeforeCorePass]' started.
Test Case '-[WhoopStoreTests.WorkoutPreferenceEvaluationStoreTests testRetryAfterIsNotRunnableUntilDeadlineEvenBeforeCorePass]' passed (0.017 seconds).
Test Case '-[WhoopStoreTests.WorkoutPreferenceEvaluationStoreTests testRevisionDriftDeferralRejectsScanningPhaseAndChangedToken]' started.
Test Case '-[WhoopStoreTests.WorkoutPreferenceEvaluationStoreTests testRevisionDriftDeferralRejectsScanningPhaseAndChangedToken]' passed (0.019 seconds).
Test Case '-[WhoopStoreTests.WorkoutPreferenceEvaluationStoreTests testSessionRetirementAndPrecancelledTaskRetainDebt]' started.
Test Case '-[WhoopStoreTests.WorkoutPreferenceEvaluationStoreTests testSessionRetirementAndPrecancelledTaskRetainDebt]' passed (0.019 seconds).
Test Case '-[WhoopStoreTests.WorkoutPreferenceEvaluationStoreTests testSixHundredMembersRequireMoreThanFourPagesWithoutFalseCompletion]' started.
Test Case '-[WhoopStoreTests.WorkoutPreferenceEvaluationStoreTests testSixHundredMembersRequireMoreThanFourPagesWithoutFalseCompletion]' passed (0.124 seconds).
Test Case '-[WhoopStoreTests.WorkoutPreferenceEvaluationStoreTests testSuccessfulAtomicSettlementDoesNotRequestAnotherPassOnTokenAbsence]' started.
Test Case '-[WhoopStoreTests.WorkoutPreferenceEvaluationStoreTests testSuccessfulAtomicSettlementDoesNotRequestAnotherPassOnTokenAbsence]' passed (0.019 seconds).
Test Case '-[WhoopStoreTests.WorkoutPreferenceEvaluationStoreTests testUnicodeOwnerAliasRetainedAndExactOwnerManaged]' started.
Test Case '-[WhoopStoreTests.WorkoutPreferenceEvaluationStoreTests testUnicodeOwnerAliasRetainedAndExactOwnerManaged]' passed (0.038 seconds).
Test Case '-[WhoopStoreTests.WorkoutPreferenceEvaluationStoreTests testUnicodeSourceAliasConflictRetainedAndExactSourceManaged]' started.
Test Case '-[WhoopStoreTests.WorkoutPreferenceEvaluationStoreTests testUnicodeSourceAliasConflictRetainedAndExactSourceManaged]' passed (0.038 seconds).
Test Case '-[WhoopStoreTests.WorkoutPreferenceEvaluationStoreTests testUnicodeWriterCompatibilityRequiresExactBytesNotCanonicalEquivalence]' started.
Test Case '-[WhoopStoreTests.WorkoutPreferenceEvaluationStoreTests testUnicodeWriterCompatibilityRequiresExactBytesNotCanonicalEquivalence]' passed (0.019 seconds).
Test Case '-[WhoopStoreTests.WorkoutPreferenceEvaluationStoreTests testUnknownCanonicalFieldsAndFutureVersionRemainUnmodified]' started.
Test Case '-[WhoopStoreTests.WorkoutPreferenceEvaluationStoreTests testUnknownCanonicalFieldsAndFutureVersionRemainUnmodified]' passed (0.017 seconds).
Test Case '-[WhoopStoreTests.WorkoutPreferenceEvaluationStoreTests testWindowQueryUsesOrderedIndexWithoutTemporarySort]' started.
Test Case '-[WhoopStoreTests.WorkoutPreferenceEvaluationStoreTests testWindowQueryUsesOrderedIndexWithoutTemporarySort]' passed (0.025 seconds).
Test Case '-[WhoopStoreTests.WorkoutPreferenceEvaluationStoreTests testWrongCoreTokenAndNewerJobCannotSettle]' started.
Test Case '-[WhoopStoreTests.WorkoutPreferenceEvaluationStoreTests testWrongCoreTokenAndNewerJobCannotSettle]' passed (0.018 seconds).
Test Suite 'WorkoutPreferenceEvaluationStoreTests' passed at 2026-09-21 23:13:43.921.
	 Executed 74 tests, with 0 failures (0 unexpected) in 2.808 (2.815) seconds
Test Suite 'WhoopStorePackageTests.xctest' passed at 2026-09-21 23:13:43.922.
	 Executed 819 tests, with 1 test skipped and 0 failures (0 unexpected) in 15.382 (15.449) seconds
Test Suite 'All tests' passed at 2026-09-21 23:13:43.922.
	 Executed 819 tests, with 1 test skipped and 0 failures (0 unexpected) in 15.382 (15.450) seconds
◇ Test run started.
↳ Testing Library Version: 1501
↳ Target Platform: arm64e-apple-macos14.0
✔ Test run with 0 tests in 0 suites passed after 0.001 seconds.
